example_id,pattern_name,pattern_type,path_type,layer_idx,mean_curvature,max_curvature,variance_curvature,total_curvature,semantic_distance,path_length,geodesic_efficiency,landmark_accuracy
conflict-focused_self-reflection_0,Conflict-Focused Self-Reflection,Internal dialectical processing,landmark,1,0.06283185307179587,3.141592653589793,0.19344424626135137,3.141592653589793,2.093750476837158,9.501837491989136,0.22035216647331313,840.0430297851562
conflict-focused_self-reflection_0,Conflict-Focused Self-Reflection,Internal dialectical processing,landmark,5,0.06283185307179587,3.141592653589793,0.19344424626135137,3.141592653589793,8.53125,10.612746238708496,0.8038682738765078,2423.384033203125
conflict-focused_self-reflection_0,Conflict-Focused Self-Reflection,Internal dialectical processing,landmark,7,0.0,0.0,0.0,0.0,19.5,19.5,1.0,3295.975341796875
conflict-focused_self-reflection_0,Conflict-Focused Self-Reflection,Internal dialectical processing,landmark,11,0.0,0.0,0.0,0.0,5.7578125,5.7578125,1.0,20763.943359375
conflict-focused_self-reflection_0,Conflict-Focused Self-Reflection,Internal dialectical processing,landmark,15,0.0,0.0,0.0,0.0,21.875,21.875,1.0,26297.603515625
conflict-focused_self-reflection_0,Conflict-Focused Self-Reflection,Internal dialectical processing,landmark,22,0.0,0.0,0.0,0.0,19.2890625,19.2890625,1.0,30011.384765625
conflict-focused_self-reflection_0,Conflict-Focused Self-Reflection,Internal dialectical processing,landmark,27,0.06283185307179587,3.141592653589793,0.19344424626135137,3.141592653589793,4.5,61.80466842651367,0.07281003384640017,34752.8671875
conflict-focused_self-reflection_0,Conflict-Focused Self-Reflection,Internal dialectical processing,landmark,29,0.0,0.0,0.0,0.0,8.375,8.375,1.0,38687.0390625
conflict-focused_self-reflection_0,Conflict-Focused Self-Reflection,Internal dialectical processing,landmark,1,0.06283185307179587,3.141592653589793,0.19344424626135137,3.141592653589793,2.093750476837158,9.501837491989136,0.22035216647331313,840.0430297851562
conflict-focused_self-reflection_0,Conflict-Focused Self-Reflection,Internal dialectical processing,landmark,5,0.06283185307179587,3.141592653589793,0.19344424626135137,3.141592653589793,8.53125,10.612746238708496,0.8038682738765078,2423.384033203125
conflict-focused_self-reflection_0,Conflict-Focused Self-Reflection,Internal dialectical processing,landmark,7,0.0,0.0,0.0,0.0,19.5,19.5,1.0,3295.975341796875
conflict-focused_self-reflection_0,Conflict-Focused Self-Reflection,Internal dialectical processing,landmark,11,0.0,0.0,0.0,0.0,5.7578125,5.7578125,1.0,20763.943359375
conflict-focused_self-reflection_0,Conflict-Focused Self-Reflection,Internal dialectical processing,landmark,15,0.0,0.0,0.0,0.0,21.875,21.875,1.0,26297.603515625
conflict-focused_self-reflection_0,Conflict-Focused Self-Reflection,Internal dialectical processing,landmark,22,0.0,0.0,0.0,0.0,19.2890625,19.2890625,1.0,30011.384765625
conflict-focused_self-reflection_0,Conflict-Focused Self-Reflection,Internal dialectical processing,landmark,27,0.06283185307179587,3.141592653589793,0.19344424626135137,3.141592653589793,4.5,61.80466842651367,0.07281003384640017,34752.8671875
conflict-focused_self-reflection_0,Conflict-Focused Self-Reflection,Internal dialectical processing,landmark,29,0.0,0.0,0.0,0.0,8.375,8.375,1.0,38687.0390625
conflict-focused_self-reflection_0,Conflict-Focused Self-Reflection,Internal dialectical processing,landmark,1,0.06283185307179587,3.141592653589793,0.19344424626135137,3.141592653589793,2.093750476837158,9.501837491989136,0.22035216647331313,840.0430297851562
conflict-focused_self-reflection_0,Conflict-Focused Self-Reflection,Internal dialectical processing,landmark,5,0.06283185307179587,3.141592653589793,0.19344424626135137,3.141592653589793,8.53125,10.612746238708496,0.8038682738765078,2423.384033203125
conflict-focused_self-reflection_0,Conflict-Focused Self-Reflection,Internal dialectical processing,landmark,7,0.0,0.0,0.0,0.0,19.5,19.5,1.0,3295.975341796875
conflict-focused_self-reflection_0,Conflict-Focused Self-Reflection,Internal dialectical processing,landmark,11,0.0,0.0,0.0,0.0,5.7578125,5.7578125,1.0,20763.943359375
conflict-focused_self-reflection_0,Conflict-Focused Self-Reflection,Internal dialectical processing,landmark,15,0.0,0.0,0.0,0.0,21.875,21.875,1.0,26297.603515625
conflict-focused_self-reflection_0,Conflict-Focused Self-Reflection,Internal dialectical processing,landmark,22,0.0,0.0,0.0,0.0,19.2890625,19.2890625,1.0,30011.384765625
conflict-focused_self-reflection_0,Conflict-Focused Self-Reflection,Internal dialectical processing,landmark,27,0.06283185307179587,3.141592653589793,0.19344424626135137,3.141592653589793,4.5,61.80466842651367,0.07281003384640017,34752.8671875
conflict-focused_self-reflection_0,Conflict-Focused Self-Reflection,Internal dialectical processing,landmark,29,0.0,0.0,0.0,0.0,8.375,8.375,1.0,38687.0390625
conflict-focused_self-reflection_0,Conflict-Focused Self-Reflection,Internal dialectical processing,landmark,1,0.06283185307179587,3.141592653589793,0.19344424626135137,3.141592653589793,2.093750476837158,9.501837491989136,0.22035216647331313,840.0430297851562
conflict-focused_self-reflection_0,Conflict-Focused Self-Reflection,Internal dialectical processing,landmark,5,0.06283185307179587,3.141592653589793,0.19344424626135137,3.141592653589793,8.53125,10.612746238708496,0.8038682738765078,2423.384033203125
conflict-focused_self-reflection_0,Conflict-Focused Self-Reflection,Internal dialectical processing,landmark,7,0.0,0.0,0.0,0.0,19.5,19.5,1.0,3295.975341796875
conflict-focused_self-reflection_0,Conflict-Focused Self-Reflection,Internal dialectical processing,landmark,11,0.0,0.0,0.0,0.0,5.7578125,5.7578125,1.0,20763.943359375
conflict-focused_self-reflection_0,Conflict-Focused Self-Reflection,Internal dialectical processing,landmark,15,0.0,0.0,0.0,0.0,21.875,21.875,1.0,26297.603515625
conflict-focused_self-reflection_0,Conflict-Focused Self-Reflection,Internal dialectical processing,landmark,22,0.0,0.0,0.0,0.0,19.2890625,19.2890625,1.0,30011.384765625
conflict-focused_self-reflection_0,Conflict-Focused Self-Reflection,Internal dialectical processing,landmark,27,0.06283185307179587,3.141592653589793,0.19344424626135137,3.141592653589793,4.5,61.80466842651367,0.07281003384640017,34752.8671875
conflict-focused_self-reflection_0,Conflict-Focused Self-Reflection,Internal dialectical processing,landmark,29,0.0,0.0,0.0,0.0,8.375,8.375,1.0,38687.0390625
conflict-focused_self-reflection_0,Conflict-Focused Self-Reflection,Internal dialectical processing,landmark,1,0.06283185307179587,3.141592653589793,0.19344424626135137,3.141592653589793,2.093750476837158,9.501837491989136,0.22035216647331313,840.0430297851562
conflict-focused_self-reflection_0,Conflict-Focused Self-Reflection,Internal dialectical processing,landmark,5,0.06283185307179587,3.141592653589793,0.19344424626135137,3.141592653589793,8.53125,10.612746238708496,0.8038682738765078,2423.384033203125
conflict-focused_self-reflection_0,Conflict-Focused Self-Reflection,Internal dialectical processing,landmark,7,0.0,0.0,0.0,0.0,19.5,19.5,1.0,3295.975341796875
conflict-focused_self-reflection_0,Conflict-Focused Self-Reflection,Internal dialectical processing,landmark,11,0.0,0.0,0.0,0.0,5.7578125,5.7578125,1.0,20763.943359375
conflict-focused_self-reflection_0,Conflict-Focused Self-Reflection,Internal dialectical processing,landmark,15,0.0,0.0,0.0,0.0,21.875,21.875,1.0,26297.603515625
conflict-focused_self-reflection_0,Conflict-Focused Self-Reflection,Internal dialectical processing,landmark,22,0.0,0.0,0.0,0.0,19.2890625,19.2890625,1.0,30011.384765625
conflict-focused_self-reflection_0,Conflict-Focused Self-Reflection,Internal dialectical processing,landmark,27,0.06283185307179587,3.141592653589793,0.19344424626135137,3.141592653589793,4.5,61.80466842651367,0.07281003384640017,34752.8671875
conflict-focused_self-reflection_0,Conflict-Focused Self-Reflection,Internal dialectical processing,landmark,29,0.0,0.0,0.0,0.0,8.375,8.375,1.0,38687.0390625
conflict-focused_self-reflection_0,Conflict-Focused Self-Reflection,Internal dialectical processing,landmark,1,0.06283185307179587,3.141592653589793,0.19344424626135137,3.141592653589793,2.093750476837158,9.501837491989136,0.22035216647331313,840.0430297851562
conflict-focused_self-reflection_0,Conflict-Focused Self-Reflection,Internal dialectical processing,landmark,5,0.06283185307179587,3.141592653589793,0.19344424626135137,3.141592653589793,8.53125,10.612746238708496,0.8038682738765078,2423.384033203125
conflict-focused_self-reflection_0,Conflict-Focused Self-Reflection,Internal dialectical processing,landmark,7,0.0,0.0,0.0,0.0,19.5,19.5,1.0,3295.975341796875
conflict-focused_self-reflection_0,Conflict-Focused Self-Reflection,Internal dialectical processing,landmark,11,0.0,0.0,0.0,0.0,5.7578125,5.7578125,1.0,20763.943359375
conflict-focused_self-reflection_0,Conflict-Focused Self-Reflection,Internal dialectical processing,landmark,15,0.0,0.0,0.0,0.0,21.875,21.875,1.0,26297.603515625
conflict-focused_self-reflection_0,Conflict-Focused Self-Reflection,Internal dialectical processing,landmark,22,0.0,0.0,0.0,0.0,19.2890625,19.2890625,1.0,30011.384765625
conflict-focused_self-reflection_0,Conflict-Focused Self-Reflection,Internal dialectical processing,landmark,27,0.06283185307179587,3.141592653589793,0.19344424626135137,3.141592653589793,4.5,61.80466842651367,0.07281003384640017,34752.8671875
conflict-focused_self-reflection_0,Conflict-Focused Self-Reflection,Internal dialectical processing,landmark,29,0.0,0.0,0.0,0.0,8.375,8.375,1.0,38687.0390625
conflict-focused_self-reflection_0,Conflict-Focused Self-Reflection,Internal dialectical processing,landmark,1,0.06283185307179587,3.141592653589793,0.19344424626135137,3.141592653589793,2.093750476837158,9.501837491989136,0.22035216647331313,840.0430297851562
conflict-focused_self-reflection_0,Conflict-Focused Self-Reflection,Internal dialectical processing,landmark,5,0.06283185307179587,3.141592653589793,0.19344424626135137,3.141592653589793,8.53125,10.612746238708496,0.8038682738765078,2423.384033203125
conflict-focused_self-reflection_0,Conflict-Focused Self-Reflection,Internal dialectical processing,landmark,7,0.0,0.0,0.0,0.0,19.5,19.5,1.0,3295.975341796875
conflict-focused_self-reflection_0,Conflict-Focused Self-Reflection,Internal dialectical processing,landmark,11,0.0,0.0,0.0,0.0,5.7578125,5.7578125,1.0,20763.943359375
conflict-focused_self-reflection_0,Conflict-Focused Self-Reflection,Internal dialectical processing,landmark,15,0.0,0.0,0.0,0.0,21.875,21.875,1.0,26297.603515625
conflict-focused_self-reflection_0,Conflict-Focused Self-Reflection,Internal dialectical processing,landmark,22,0.0,0.0,0.0,0.0,19.2890625,19.2890625,1.0,30011.384765625
conflict-focused_self-reflection_0,Conflict-Focused Self-Reflection,Internal dialectical processing,landmark,27,0.06283185307179587,3.141592653589793,0.19344424626135137,3.141592653589793,4.5,61.80466842651367,0.07281003384640017,34752.8671875
conflict-focused_self-reflection_0,Conflict-Focused Self-Reflection,Internal dialectical processing,landmark,29,0.0,0.0,0.0,0.0,8.375,8.375,1.0,38687.0390625
conflict-focused_self-reflection_0,Conflict-Focused Self-Reflection,Internal dialectical processing,landmark,1,0.06283185307179587,3.141592653589793,0.19344424626135137,3.141592653589793,2.093750476837158,9.501837491989136,0.22035216647331313,840.0430297851562
conflict-focused_self-reflection_0,Conflict-Focused Self-Reflection,Internal dialectical processing,landmark,5,0.06283185307179587,3.141592653589793,0.19344424626135137,3.141592653589793,8.53125,10.612746238708496,0.8038682738765078,2423.384033203125
conflict-focused_self-reflection_0,Conflict-Focused Self-Reflection,Internal dialectical processing,landmark,7,0.0,0.0,0.0,0.0,19.5,19.5,1.0,3295.975341796875
conflict-focused_self-reflection_0,Conflict-Focused Self-Reflection,Internal dialectical processing,landmark,11,0.0,0.0,0.0,0.0,5.7578125,5.7578125,1.0,20763.943359375
conflict-focused_self-reflection_0,Conflict-Focused Self-Reflection,Internal dialectical processing,landmark,15,0.0,0.0,0.0,0.0,21.875,21.875,1.0,26297.603515625
conflict-focused_self-reflection_0,Conflict-Focused Self-Reflection,Internal dialectical processing,landmark,22,0.0,0.0,0.0,0.0,19.2890625,19.2890625,1.0,30011.384765625
conflict-focused_self-reflection_0,Conflict-Focused Self-Reflection,Internal dialectical processing,landmark,27,0.06283185307179587,3.141592653589793,0.19344424626135137,3.141592653589793,4.5,61.80466842651367,0.07281003384640017,34752.8671875
conflict-focused_self-reflection_0,Conflict-Focused Self-Reflection,Internal dialectical processing,landmark,29,0.0,0.0,0.0,0.0,8.375,8.375,1.0,38687.0390625
conflict-focused_self-reflection_0,Conflict-Focused Self-Reflection,Internal dialectical processing,landmark,1,0.06283185307179587,3.141592653589793,0.19344424626135137,3.141592653589793,2.093750476837158,9.501837491989136,0.22035216647331313,840.0430297851562
conflict-focused_self-reflection_0,Conflict-Focused Self-Reflection,Internal dialectical processing,landmark,5,0.06283185307179587,3.141592653589793,0.19344424626135137,3.141592653589793,8.53125,10.612746238708496,0.8038682738765078,2423.384033203125
conflict-focused_self-reflection_0,Conflict-Focused Self-Reflection,Internal dialectical processing,landmark,7,0.0,0.0,0.0,0.0,19.5,19.5,1.0,3295.975341796875
conflict-focused_self-reflection_0,Conflict-Focused Self-Reflection,Internal dialectical processing,landmark,11,0.0,0.0,0.0,0.0,5.7578125,5.7578125,1.0,20763.943359375
conflict-focused_self-reflection_0,Conflict-Focused Self-Reflection,Internal dialectical processing,landmark,15,0.0,0.0,0.0,0.0,21.875,21.875,1.0,26297.603515625
conflict-focused_self-reflection_0,Conflict-Focused Self-Reflection,Internal dialectical processing,landmark,22,0.0,0.0,0.0,0.0,19.2890625,19.2890625,1.0,30011.384765625
conflict-focused_self-reflection_0,Conflict-Focused Self-Reflection,Internal dialectical processing,landmark,27,0.06283185307179587,3.141592653589793,0.19344424626135137,3.141592653589793,4.5,61.80466842651367,0.07281003384640017,34752.8671875
conflict-focused_self-reflection_0,Conflict-Focused Self-Reflection,Internal dialectical processing,landmark,29,0.0,0.0,0.0,0.0,8.375,8.375,1.0,38687.0390625
conflict-focused_self-reflection_0,Conflict-Focused Self-Reflection,Internal dialectical processing,landmark,1,0.06283185307179587,3.141592653589793,0.19344424626135137,3.141592653589793,2.093750476837158,9.501837491989136,0.22035216647331313,840.0430297851562
conflict-focused_self-reflection_0,Conflict-Focused Self-Reflection,Internal dialectical processing,landmark,5,0.06283185307179587,3.141592653589793,0.19344424626135137,3.141592653589793,8.53125,10.612746238708496,0.8038682738765078,2423.384033203125
conflict-focused_self-reflection_0,Conflict-Focused Self-Reflection,Internal dialectical processing,landmark,7,0.0,0.0,0.0,0.0,19.5,19.5,1.0,3295.975341796875
conflict-focused_self-reflection_0,Conflict-Focused Self-Reflection,Internal dialectical processing,landmark,11,0.0,0.0,0.0,0.0,5.7578125,5.7578125,1.0,20763.943359375
conflict-focused_self-reflection_0,Conflict-Focused Self-Reflection,Internal dialectical processing,landmark,15,0.0,0.0,0.0,0.0,21.875,21.875,1.0,26297.603515625
conflict-focused_self-reflection_0,Conflict-Focused Self-Reflection,Internal dialectical processing,landmark,22,0.0,0.0,0.0,0.0,19.2890625,19.2890625,1.0,30011.384765625
conflict-focused_self-reflection_0,Conflict-Focused Self-Reflection,Internal dialectical processing,landmark,27,0.06283185307179587,3.141592653589793,0.19344424626135137,3.141592653589793,4.5,61.80466842651367,0.07281003384640017,34752.8671875
conflict-focused_self-reflection_0,Conflict-Focused Self-Reflection,Internal dialectical processing,landmark,29,0.0,0.0,0.0,0.0,8.375,8.375,1.0,38687.0390625
conflict-focused_self-reflection_0,Conflict-Focused Self-Reflection,Internal dialectical processing,landmark,1,0.06283185307179587,3.141592653589793,0.19344424626135137,3.141592653589793,2.093750476837158,9.501837491989136,0.22035216647331313,840.0430297851562
conflict-focused_self-reflection_0,Conflict-Focused Self-Reflection,Internal dialectical processing,landmark,5,0.06283185307179587,3.141592653589793,0.19344424626135137,3.141592653589793,8.53125,10.612746238708496,0.8038682738765078,2423.384033203125
conflict-focused_self-reflection_0,Conflict-Focused Self-Reflection,Internal dialectical processing,landmark,7,0.0,0.0,0.0,0.0,19.5,19.5,1.0,3295.975341796875
conflict-focused_self-reflection_0,Conflict-Focused Self-Reflection,Internal dialectical processing,landmark,11,0.0,0.0,0.0,0.0,5.7578125,5.7578125,1.0,20763.943359375
conflict-focused_self-reflection_0,Conflict-Focused Self-Reflection,Internal dialectical processing,landmark,15,0.0,0.0,0.0,0.0,21.875,21.875,1.0,26297.603515625
conflict-focused_self-reflection_0,Conflict-Focused Self-Reflection,Internal dialectical processing,landmark,22,0.0,0.0,0.0,0.0,19.2890625,19.2890625,1.0,30011.384765625
conflict-focused_self-reflection_0,Conflict-Focused Self-Reflection,Internal dialectical processing,landmark,27,0.06283185307179587,3.141592653589793,0.19344424626135137,3.141592653589793,4.5,61.80466842651367,0.07281003384640017,34752.8671875
conflict-focused_self-reflection_0,Conflict-Focused Self-Reflection,Internal dialectical processing,landmark,29,0.0,0.0,0.0,0.0,8.375,8.375,1.0,38687.0390625
conflict-focused_self-reflection_0,Conflict-Focused Self-Reflection,Internal dialectical processing,landmark,1,0.06283185307179587,3.141592653589793,0.19344424626135137,3.141592653589793,2.093750476837158,9.501837491989136,0.22035216647331313,840.0430297851562
conflict-focused_self-reflection_0,Conflict-Focused Self-Reflection,Internal dialectical processing,landmark,5,0.06283185307179587,3.141592653589793,0.19344424626135137,3.141592653589793,8.53125,10.612746238708496,0.8038682738765078,2423.384033203125
conflict-focused_self-reflection_0,Conflict-Focused Self-Reflection,Internal dialectical processing,landmark,7,0.0,0.0,0.0,0.0,19.5,19.5,1.0,3295.975341796875
conflict-focused_self-reflection_0,Conflict-Focused Self-Reflection,Internal dialectical processing,landmark,11,0.0,0.0,0.0,0.0,5.7578125,5.7578125,1.0,20763.943359375
conflict-focused_self-reflection_0,Conflict-Focused Self-Reflection,Internal dialectical processing,landmark,15,0.0,0.0,0.0,0.0,21.875,21.875,1.0,26297.603515625
conflict-focused_self-reflection_0,Conflict-Focused Self-Reflection,Internal dialectical processing,landmark,22,0.0,0.0,0.0,0.0,19.2890625,19.2890625,1.0,30011.384765625
conflict-focused_self-reflection_0,Conflict-Focused Self-Reflection,Internal dialectical processing,landmark,27,0.06283185307179587,3.141592653589793,0.19344424626135137,3.141592653589793,4.5,61.80466842651367,0.07281003384640017,34752.8671875
conflict-focused_self-reflection_0,Conflict-Focused Self-Reflection,Internal dialectical processing,landmark,29,0.0,0.0,0.0,0.0,8.375,8.375,1.0,38687.0390625
conflict-focused_self-reflection_0,Conflict-Focused Self-Reflection,Internal dialectical processing,landmark,1,0.06283185307179587,3.141592653589793,0.19344424626135137,3.141592653589793,2.093750476837158,9.501837491989136,0.22035216647331313,840.0430297851562
conflict-focused_self-reflection_0,Conflict-Focused Self-Reflection,Internal dialectical processing,landmark,5,0.06283185307179587,3.141592653589793,0.19344424626135137,3.141592653589793,8.53125,10.612746238708496,0.8038682738765078,2423.384033203125
conflict-focused_self-reflection_0,Conflict-Focused Self-Reflection,Internal dialectical processing,landmark,7,0.0,0.0,0.0,0.0,19.5,19.5,1.0,3295.975341796875
conflict-focused_self-reflection_0,Conflict-Focused Self-Reflection,Internal dialectical processing,landmark,11,0.0,0.0,0.0,0.0,5.7578125,5.7578125,1.0,20763.943359375
conflict-focused_self-reflection_0,Conflict-Focused Self-Reflection,Internal dialectical processing,landmark,15,0.0,0.0,0.0,0.0,21.875,21.875,1.0,26297.603515625
conflict-focused_self-reflection_0,Conflict-Focused Self-Reflection,Internal dialectical processing,landmark,22,0.0,0.0,0.0,0.0,19.2890625,19.2890625,1.0,30011.384765625
conflict-focused_self-reflection_0,Conflict-Focused Self-Reflection,Internal dialectical processing,landmark,27,0.06283185307179587,3.141592653589793,0.19344424626135137,3.141592653589793,4.5,61.80466842651367,0.07281003384640017,34752.8671875
conflict-focused_self-reflection_0,Conflict-Focused Self-Reflection,Internal dialectical processing,landmark,29,0.0,0.0,0.0,0.0,8.375,8.375,1.0,38687.0390625
conflict-focused_self-reflection_0,Conflict-Focused Self-Reflection,Internal dialectical processing,landmark,1,0.06283185307179587,3.141592653589793,0.19344424626135137,3.141592653589793,2.093750476837158,9.501837491989136,0.22035216647331313,840.0430297851562
conflict-focused_self-reflection_0,Conflict-Focused Self-Reflection,Internal dialectical processing,landmark,5,0.06283185307179587,3.141592653589793,0.19344424626135137,3.141592653589793,8.53125,10.612746238708496,0.8038682738765078,2423.384033203125
conflict-focused_self-reflection_0,Conflict-Focused Self-Reflection,Internal dialectical processing,landmark,7,0.0,0.0,0.0,0.0,19.5,19.5,1.0,3295.975341796875
conflict-focused_self-reflection_0,Conflict-Focused Self-Reflection,Internal dialectical processing,landmark,11,0.0,0.0,0.0,0.0,5.7578125,5.7578125,1.0,20763.943359375
conflict-focused_self-reflection_0,Conflict-Focused Self-Reflection,Internal dialectical processing,landmark,15,0.0,0.0,0.0,0.0,21.875,21.875,1.0,26297.603515625
conflict-focused_self-reflection_0,Conflict-Focused Self-Reflection,Internal dialectical processing,landmark,22,0.0,0.0,0.0,0.0,19.2890625,19.2890625,1.0,30011.384765625
conflict-focused_self-reflection_0,Conflict-Focused Self-Reflection,Internal dialectical processing,landmark,27,0.06283185307179587,3.141592653589793,0.19344424626135137,3.141592653589793,4.5,61.80466842651367,0.07281003384640017,34752.8671875
conflict-focused_self-reflection_0,Conflict-Focused Self-Reflection,Internal dialectical processing,landmark,29,0.0,0.0,0.0,0.0,8.375,8.375,1.0,38687.0390625
conflict-focused_self-reflection_0,Conflict-Focused Self-Reflection,Internal dialectical processing,landmark,1,0.06283185307179587,3.141592653589793,0.19344424626135137,3.141592653589793,2.093750476837158,9.501837491989136,0.22035216647331313,840.0430297851562
conflict-focused_self-reflection_0,Conflict-Focused Self-Reflection,Internal dialectical processing,landmark,5,0.06283185307179587,3.141592653589793,0.19344424626135137,3.141592653589793,8.53125,10.612746238708496,0.8038682738765078,2423.384033203125
conflict-focused_self-reflection_0,Conflict-Focused Self-Reflection,Internal dialectical processing,landmark,7,0.0,0.0,0.0,0.0,19.5,19.5,1.0,3295.975341796875
conflict-focused_self-reflection_0,Conflict-Focused Self-Reflection,Internal dialectical processing,landmark,11,0.0,0.0,0.0,0.0,5.7578125,5.7578125,1.0,20763.943359375
conflict-focused_self-reflection_0,Conflict-Focused Self-Reflection,Internal dialectical processing,landmark,15,0.0,0.0,0.0,0.0,21.875,21.875,1.0,26297.603515625
conflict-focused_self-reflection_0,Conflict-Focused Self-Reflection,Internal dialectical processing,landmark,22,0.0,0.0,0.0,0.0,19.2890625,19.2890625,1.0,30011.384765625
conflict-focused_self-reflection_0,Conflict-Focused Self-Reflection,Internal dialectical processing,landmark,27,0.06283185307179587,3.141592653589793,0.19344424626135137,3.141592653589793,4.5,61.80466842651367,0.07281003384640017,34752.8671875
conflict-focused_self-reflection_0,Conflict-Focused Self-Reflection,Internal dialectical processing,landmark,29,0.0,0.0,0.0,0.0,8.375,8.375,1.0,38687.0390625
conflict-focused_self-reflection_0,Conflict-Focused Self-Reflection,Internal dialectical processing,landmark,1,0.06283185307179587,3.141592653589793,0.19344424626135137,3.141592653589793,2.093750476837158,9.501837491989136,0.22035216647331313,840.0430297851562
conflict-focused_self-reflection_0,Conflict-Focused Self-Reflection,Internal dialectical processing,landmark,5,0.06283185307179587,3.141592653589793,0.19344424626135137,3.141592653589793,8.53125,10.612746238708496,0.8038682738765078,2423.384033203125
conflict-focused_self-reflection_0,Conflict-Focused Self-Reflection,Internal dialectical processing,landmark,7,0.0,0.0,0.0,0.0,19.5,19.5,1.0,3295.975341796875
conflict-focused_self-reflection_0,Conflict-Focused Self-Reflection,Internal dialectical processing,landmark,11,0.0,0.0,0.0,0.0,5.7578125,5.7578125,1.0,20763.943359375
conflict-focused_self-reflection_0,Conflict-Focused Self-Reflection,Internal dialectical processing,landmark,15,0.0,0.0,0.0,0.0,21.875,21.875,1.0,26297.603515625
conflict-focused_self-reflection_0,Conflict-Focused Self-Reflection,Internal dialectical processing,landmark,22,0.0,0.0,0.0,0.0,19.2890625,19.2890625,1.0,30011.384765625
conflict-focused_self-reflection_0,Conflict-Focused Self-Reflection,Internal dialectical processing,landmark,27,0.06283185307179587,3.141592653589793,0.19344424626135137,3.141592653589793,4.5,61.80466842651367,0.07281003384640017,34752.8671875
conflict-focused_self-reflection_0,Conflict-Focused Self-Reflection,Internal dialectical processing,landmark,29,0.0,0.0,0.0,0.0,8.375,8.375,1.0,38687.0390625
conflict-focused_self-reflection_0,Conflict-Focused Self-Reflection,Internal dialectical processing,landmark,1,0.06283185307179587,3.141592653589793,0.19344424626135137,3.141592653589793,2.093750476837158,9.501837491989136,0.22035216647331313,840.0430297851562
conflict-focused_self-reflection_0,Conflict-Focused Self-Reflection,Internal dialectical processing,landmark,5,0.06283185307179587,3.141592653589793,0.19344424626135137,3.141592653589793,8.53125,10.612746238708496,0.8038682738765078,2423.384033203125
conflict-focused_self-reflection_0,Conflict-Focused Self-Reflection,Internal dialectical processing,landmark,7,0.0,0.0,0.0,0.0,19.5,19.5,1.0,3295.975341796875
conflict-focused_self-reflection_0,Conflict-Focused Self-Reflection,Internal dialectical processing,landmark,11,0.0,0.0,0.0,0.0,5.7578125,5.7578125,1.0,20763.943359375
conflict-focused_self-reflection_0,Conflict-Focused Self-Reflection,Internal dialectical processing,landmark,15,0.0,0.0,0.0,0.0,21.875,21.875,1.0,26297.603515625
conflict-focused_self-reflection_0,Conflict-Focused Self-Reflection,Internal dialectical processing,landmark,22,0.0,0.0,0.0,0.0,19.2890625,19.2890625,1.0,30011.384765625
conflict-focused_self-reflection_0,Conflict-Focused Self-Reflection,Internal dialectical processing,landmark,27,0.06283185307179587,3.141592653589793,0.19344424626135137,3.141592653589793,4.5,61.80466842651367,0.07281003384640017,34752.8671875
conflict-focused_self-reflection_0,Conflict-Focused Self-Reflection,Internal dialectical processing,landmark,29,0.0,0.0,0.0,0.0,8.375,8.375,1.0,38687.0390625
conflict-focused_self-reflection_0,Conflict-Focused Self-Reflection,Internal dialectical processing,landmark,1,0.06283185307179587,3.141592653589793,0.19344424626135137,3.141592653589793,2.093750476837158,9.501837491989136,0.22035216647331313,840.0430297851562
conflict-focused_self-reflection_0,Conflict-Focused Self-Reflection,Internal dialectical processing,landmark,5,0.06283185307179587,3.141592653589793,0.19344424626135137,3.141592653589793,8.53125,10.612746238708496,0.8038682738765078,2423.384033203125
conflict-focused_self-reflection_0,Conflict-Focused Self-Reflection,Internal dialectical processing,landmark,7,0.0,0.0,0.0,0.0,19.5,19.5,1.0,3295.975341796875
conflict-focused_self-reflection_0,Conflict-Focused Self-Reflection,Internal dialectical processing,landmark,11,0.0,0.0,0.0,0.0,5.7578125,5.7578125,1.0,20763.943359375
conflict-focused_self-reflection_0,Conflict-Focused Self-Reflection,Internal dialectical processing,landmark,15,0.0,0.0,0.0,0.0,21.875,21.875,1.0,26297.603515625
conflict-focused_self-reflection_0,Conflict-Focused Self-Reflection,Internal dialectical processing,landmark,22,0.0,0.0,0.0,0.0,19.2890625,19.2890625,1.0,30011.384765625
conflict-focused_self-reflection_0,Conflict-Focused Self-Reflection,Internal dialectical processing,landmark,27,0.06283185307179587,3.141592653589793,0.19344424626135137,3.141592653589793,4.5,61.80466842651367,0.07281003384640017,34752.8671875
conflict-focused_self-reflection_0,Conflict-Focused Self-Reflection,Internal dialectical processing,landmark,29,0.0,0.0,0.0,0.0,8.375,8.375,1.0,38687.0390625
conflict-focused_self-reflection_0,Conflict-Focused Self-Reflection,Internal dialectical processing,landmark,1,0.06283185307179587,3.141592653589793,0.19344424626135137,3.141592653589793,2.093750476837158,9.501837491989136,0.22035216647331313,840.0430297851562
conflict-focused_self-reflection_0,Conflict-Focused Self-Reflection,Internal dialectical processing,landmark,5,0.06283185307179587,3.141592653589793,0.19344424626135137,3.141592653589793,8.53125,10.612746238708496,0.8038682738765078,2423.384033203125
conflict-focused_self-reflection_0,Conflict-Focused Self-Reflection,Internal dialectical processing,landmark,7,0.0,0.0,0.0,0.0,19.5,19.5,1.0,3295.975341796875
conflict-focused_self-reflection_0,Conflict-Focused Self-Reflection,Internal dialectical processing,landmark,11,0.0,0.0,0.0,0.0,5.7578125,5.7578125,1.0,20763.943359375
conflict-focused_self-reflection_0,Conflict-Focused Self-Reflection,Internal dialectical processing,landmark,15,0.0,0.0,0.0,0.0,21.875,21.875,1.0,26297.603515625
conflict-focused_self-reflection_0,Conflict-Focused Self-Reflection,Internal dialectical processing,landmark,22,0.0,0.0,0.0,0.0,19.2890625,19.2890625,1.0,30011.384765625
conflict-focused_self-reflection_0,Conflict-Focused Self-Reflection,Internal dialectical processing,landmark,27,0.06283185307179587,3.141592653589793,0.19344424626135137,3.141592653589793,4.5,61.80466842651367,0.07281003384640017,34752.8671875
conflict-focused_self-reflection_0,Conflict-Focused Self-Reflection,Internal dialectical processing,landmark,29,0.0,0.0,0.0,0.0,8.375,8.375,1.0,38687.0390625
conflict-focused_self-reflection_0,Conflict-Focused Self-Reflection,Internal dialectical processing,landmark,1,0.06283185307179587,3.141592653589793,0.19344424626135137,3.141592653589793,2.093750476837158,9.501837491989136,0.22035216647331313,840.0430297851562
conflict-focused_self-reflection_0,Conflict-Focused Self-Reflection,Internal dialectical processing,landmark,5,0.06283185307179587,3.141592653589793,0.19344424626135137,3.141592653589793,8.53125,10.612746238708496,0.8038682738765078,2423.384033203125
conflict-focused_self-reflection_0,Conflict-Focused Self-Reflection,Internal dialectical processing,landmark,7,0.0,0.0,0.0,0.0,19.5,19.5,1.0,3295.975341796875
conflict-focused_self-reflection_0,Conflict-Focused Self-Reflection,Internal dialectical processing,landmark,11,0.0,0.0,0.0,0.0,5.7578125,5.7578125,1.0,20763.943359375
conflict-focused_self-reflection_0,Conflict-Focused Self-Reflection,Internal dialectical processing,landmark,15,0.0,0.0,0.0,0.0,21.875,21.875,1.0,26297.603515625
conflict-focused_self-reflection_0,Conflict-Focused Self-Reflection,Internal dialectical processing,landmark,22,0.0,0.0,0.0,0.0,19.2890625,19.2890625,1.0,30011.384765625
conflict-focused_self-reflection_0,Conflict-Focused Self-Reflection,Internal dialectical processing,landmark,27,0.06283185307179587,3.141592653589793,0.19344424626135137,3.141592653589793,4.5,61.80466842651367,0.07281003384640017,34752.8671875
conflict-focused_self-reflection_0,Conflict-Focused Self-Reflection,Internal dialectical processing,landmark,29,0.0,0.0,0.0,0.0,8.375,8.375,1.0,38687.0390625
conflict-focused_self-reflection_0,Conflict-Focused Self-Reflection,Internal dialectical processing,landmark,1,0.06283185307179587,3.141592653589793,0.19344424626135137,3.141592653589793,2.093750476837158,9.501837491989136,0.22035216647331313,840.0430297851562
conflict-focused_self-reflection_0,Conflict-Focused Self-Reflection,Internal dialectical processing,landmark,5,0.06283185307179587,3.141592653589793,0.19344424626135137,3.141592653589793,8.53125,10.612746238708496,0.8038682738765078,2423.384033203125
conflict-focused_self-reflection_0,Conflict-Focused Self-Reflection,Internal dialectical processing,landmark,7,0.0,0.0,0.0,0.0,19.5,19.5,1.0,3295.975341796875
conflict-focused_self-reflection_0,Conflict-Focused Self-Reflection,Internal dialectical processing,landmark,11,0.0,0.0,0.0,0.0,5.7578125,5.7578125,1.0,20763.943359375
conflict-focused_self-reflection_0,Conflict-Focused Self-Reflection,Internal dialectical processing,landmark,15,0.0,0.0,0.0,0.0,21.875,21.875,1.0,26297.603515625
conflict-focused_self-reflection_0,Conflict-Focused Self-Reflection,Internal dialectical processing,landmark,22,0.0,0.0,0.0,0.0,19.2890625,19.2890625,1.0,30011.384765625
conflict-focused_self-reflection_0,Conflict-Focused Self-Reflection,Internal dialectical processing,landmark,27,0.06283185307179587,3.141592653589793,0.19344424626135137,3.141592653589793,4.5,61.80466842651367,0.07281003384640017,34752.8671875
conflict-focused_self-reflection_0,Conflict-Focused Self-Reflection,Internal dialectical processing,landmark,29,0.0,0.0,0.0,0.0,8.375,8.375,1.0,38687.0390625
conflict-focused_self-reflection_0,Conflict-Focused Self-Reflection,Internal dialectical processing,landmark,1,0.06283185307179587,3.141592653589793,0.19344424626135137,3.141592653589793,2.093750476837158,9.501837491989136,0.22035216647331313,840.0430297851562
conflict-focused_self-reflection_0,Conflict-Focused Self-Reflection,Internal dialectical processing,landmark,5,0.06283185307179587,3.141592653589793,0.19344424626135137,3.141592653589793,8.53125,10.612746238708496,0.8038682738765078,2423.384033203125
conflict-focused_self-reflection_0,Conflict-Focused Self-Reflection,Internal dialectical processing,landmark,7,0.0,0.0,0.0,0.0,19.5,19.5,1.0,3295.975341796875
conflict-focused_self-reflection_0,Conflict-Focused Self-Reflection,Internal dialectical processing,landmark,11,0.0,0.0,0.0,0.0,5.7578125,5.7578125,1.0,20763.943359375
conflict-focused_self-reflection_0,Conflict-Focused Self-Reflection,Internal dialectical processing,landmark,15,0.0,0.0,0.0,0.0,21.875,21.875,1.0,26297.603515625
conflict-focused_self-reflection_0,Conflict-Focused Self-Reflection,Internal dialectical processing,landmark,22,0.0,0.0,0.0,0.0,19.2890625,19.2890625,1.0,30011.384765625
conflict-focused_self-reflection_0,Conflict-Focused Self-Reflection,Internal dialectical processing,landmark,27,0.06283185307179587,3.141592653589793,0.19344424626135137,3.141592653589793,4.5,61.80466842651367,0.07281003384640017,34752.8671875
conflict-focused_self-reflection_0,Conflict-Focused Self-Reflection,Internal dialectical processing,landmark,29,0.0,0.0,0.0,0.0,8.375,8.375,1.0,38687.0390625
conflict-focused_self-reflection_0,Conflict-Focused Self-Reflection,Internal dialectical processing,landmark,1,0.06283185307179587,3.141592653589793,0.19344424626135137,3.141592653589793,2.093750476837158,9.501837491989136,0.22035216647331313,840.0430297851562
conflict-focused_self-reflection_0,Conflict-Focused Self-Reflection,Internal dialectical processing,landmark,5,0.06283185307179587,3.141592653589793,0.19344424626135137,3.141592653589793,8.53125,10.612746238708496,0.8038682738765078,2423.384033203125
conflict-focused_self-reflection_0,Conflict-Focused Self-Reflection,Internal dialectical processing,landmark,7,0.0,0.0,0.0,0.0,19.5,19.5,1.0,3295.975341796875
conflict-focused_self-reflection_0,Conflict-Focused Self-Reflection,Internal dialectical processing,landmark,11,0.0,0.0,0.0,0.0,5.7578125,5.7578125,1.0,20763.943359375
conflict-focused_self-reflection_0,Conflict-Focused Self-Reflection,Internal dialectical processing,landmark,15,0.0,0.0,0.0,0.0,21.875,21.875,1.0,26297.603515625
conflict-focused_self-reflection_0,Conflict-Focused Self-Reflection,Internal dialectical processing,landmark,22,0.0,0.0,0.0,0.0,19.2890625,19.2890625,1.0,30011.384765625
conflict-focused_self-reflection_0,Conflict-Focused Self-Reflection,Internal dialectical processing,landmark,27,0.06283185307179587,3.141592653589793,0.19344424626135137,3.141592653589793,4.5,61.80466842651367,0.07281003384640017,34752.8671875
conflict-focused_self-reflection_0,Conflict-Focused Self-Reflection,Internal dialectical processing,landmark,29,0.0,0.0,0.0,0.0,8.375,8.375,1.0,38687.0390625
conflict-focused_self-reflection_0,Conflict-Focused Self-Reflection,Internal dialectical processing,landmark,1,0.06283185307179587,3.141592653589793,0.19344424626135137,3.141592653589793,2.093750476837158,9.501837491989136,0.22035216647331313,840.0430297851562
conflict-focused_self-reflection_0,Conflict-Focused Self-Reflection,Internal dialectical processing,landmark,5,0.06283185307179587,3.141592653589793,0.19344424626135137,3.141592653589793,8.53125,10.612746238708496,0.8038682738765078,2423.384033203125
conflict-focused_self-reflection_0,Conflict-Focused Self-Reflection,Internal dialectical processing,landmark,7,0.0,0.0,0.0,0.0,19.5,19.5,1.0,3295.975341796875
conflict-focused_self-reflection_0,Conflict-Focused Self-Reflection,Internal dialectical processing,landmark,11,0.0,0.0,0.0,0.0,5.7578125,5.7578125,1.0,20763.943359375
conflict-focused_self-reflection_0,Conflict-Focused Self-Reflection,Internal dialectical processing,landmark,15,0.0,0.0,0.0,0.0,21.875,21.875,1.0,26297.603515625
conflict-focused_self-reflection_0,Conflict-Focused Self-Reflection,Internal dialectical processing,landmark,22,0.0,0.0,0.0,0.0,19.2890625,19.2890625,1.0,30011.384765625
conflict-focused_self-reflection_0,Conflict-Focused Self-Reflection,Internal dialectical processing,landmark,27,0.06283185307179587,3.141592653589793,0.19344424626135137,3.141592653589793,4.5,61.80466842651367,0.07281003384640017,34752.8671875
conflict-focused_self-reflection_0,Conflict-Focused Self-Reflection,Internal dialectical processing,landmark,29,0.0,0.0,0.0,0.0,8.375,8.375,1.0,38687.0390625
conflict-focused_self-reflection_0,Conflict-Focused Self-Reflection,Internal dialectical processing,landmark,1,0.06283185307179587,3.141592653589793,0.19344424626135137,3.141592653589793,2.093750476837158,9.501837491989136,0.22035216647331313,840.0430297851562
conflict-focused_self-reflection_0,Conflict-Focused Self-Reflection,Internal dialectical processing,landmark,5,0.06283185307179587,3.141592653589793,0.19344424626135137,3.141592653589793,8.53125,10.612746238708496,0.8038682738765078,2423.384033203125
conflict-focused_self-reflection_0,Conflict-Focused Self-Reflection,Internal dialectical processing,landmark,7,0.0,0.0,0.0,0.0,19.5,19.5,1.0,3295.975341796875
conflict-focused_self-reflection_0,Conflict-Focused Self-Reflection,Internal dialectical processing,landmark,11,0.0,0.0,0.0,0.0,5.7578125,5.7578125,1.0,20763.943359375
conflict-focused_self-reflection_0,Conflict-Focused Self-Reflection,Internal dialectical processing,landmark,15,0.0,0.0,0.0,0.0,21.875,21.875,1.0,26297.603515625
conflict-focused_self-reflection_0,Conflict-Focused Self-Reflection,Internal dialectical processing,landmark,22,0.0,0.0,0.0,0.0,19.2890625,19.2890625,1.0,30011.384765625
conflict-focused_self-reflection_0,Conflict-Focused Self-Reflection,Internal dialectical processing,landmark,27,0.06283185307179587,3.141592653589793,0.19344424626135137,3.141592653589793,4.5,61.80466842651367,0.07281003384640017,34752.8671875
conflict-focused_self-reflection_0,Conflict-Focused Self-Reflection,Internal dialectical processing,landmark,29,0.0,0.0,0.0,0.0,8.375,8.375,1.0,38687.0390625
conflict-focused_self-reflection_0,Conflict-Focused Self-Reflection,Internal dialectical processing,landmark,1,0.06283185307179587,3.141592653589793,0.19344424626135137,3.141592653589793,2.093750476837158,9.501837491989136,0.22035216647331313,840.0430297851562
conflict-focused_self-reflection_0,Conflict-Focused Self-Reflection,Internal dialectical processing,landmark,5,0.06283185307179587,3.141592653589793,0.19344424626135137,3.141592653589793,8.53125,10.612746238708496,0.8038682738765078,2423.384033203125
conflict-focused_self-reflection_0,Conflict-Focused Self-Reflection,Internal dialectical processing,landmark,7,0.0,0.0,0.0,0.0,19.5,19.5,1.0,3295.975341796875
conflict-focused_self-reflection_0,Conflict-Focused Self-Reflection,Internal dialectical processing,landmark,11,0.0,0.0,0.0,0.0,5.7578125,5.7578125,1.0,20763.943359375
conflict-focused_self-reflection_0,Conflict-Focused Self-Reflection,Internal dialectical processing,landmark,15,0.0,0.0,0.0,0.0,21.875,21.875,1.0,26297.603515625
conflict-focused_self-reflection_0,Conflict-Focused Self-Reflection,Internal dialectical processing,landmark,22,0.0,0.0,0.0,0.0,19.2890625,19.2890625,1.0,30011.384765625
conflict-focused_self-reflection_0,Conflict-Focused Self-Reflection,Internal dialectical processing,landmark,27,0.06283185307179587,3.141592653589793,0.19344424626135137,3.141592653589793,4.5,61.80466842651367,0.07281003384640017,34752.8671875
conflict-focused_self-reflection_0,Conflict-Focused Self-Reflection,Internal dialectical processing,landmark,29,0.0,0.0,0.0,0.0,8.375,8.375,1.0,38687.0390625
conflict-focused_self-reflection_0,Conflict-Focused Self-Reflection,Internal dialectical processing,landmark,1,0.06283185307179587,3.141592653589793,0.19344424626135137,3.141592653589793,2.093750476837158,9.501837491989136,0.22035216647331313,840.0430297851562
conflict-focused_self-reflection_0,Conflict-Focused Self-Reflection,Internal dialectical processing,landmark,5,0.06283185307179587,3.141592653589793,0.19344424626135137,3.141592653589793,8.53125,10.612746238708496,0.8038682738765078,2423.384033203125
conflict-focused_self-reflection_0,Conflict-Focused Self-Reflection,Internal dialectical processing,landmark,7,0.0,0.0,0.0,0.0,19.5,19.5,1.0,3295.975341796875
conflict-focused_self-reflection_0,Conflict-Focused Self-Reflection,Internal dialectical processing,landmark,11,0.0,0.0,0.0,0.0,5.7578125,5.7578125,1.0,20763.943359375
conflict-focused_self-reflection_0,Conflict-Focused Self-Reflection,Internal dialectical processing,landmark,15,0.0,0.0,0.0,0.0,21.875,21.875,1.0,26297.603515625
conflict-focused_self-reflection_0,Conflict-Focused Self-Reflection,Internal dialectical processing,landmark,22,0.0,0.0,0.0,0.0,19.2890625,19.2890625,1.0,30011.384765625
conflict-focused_self-reflection_0,Conflict-Focused Self-Reflection,Internal dialectical processing,landmark,27,0.06283185307179587,3.141592653589793,0.19344424626135137,3.141592653589793,4.5,61.80466842651367,0.07281003384640017,34752.8671875
conflict-focused_self-reflection_0,Conflict-Focused Self-Reflection,Internal dialectical processing,landmark,29,0.0,0.0,0.0,0.0,8.375,8.375,1.0,38687.0390625
conflict-focused_self-reflection_0,Conflict-Focused Self-Reflection,Internal dialectical processing,landmark,1,0.06283185307179587,3.141592653589793,0.19344424626135137,3.141592653589793,2.093750476837158,9.501837491989136,0.22035216647331313,840.0430297851562
conflict-focused_self-reflection_0,Conflict-Focused Self-Reflection,Internal dialectical processing,landmark,5,0.06283185307179587,3.141592653589793,0.19344424626135137,3.141592653589793,8.53125,10.612746238708496,0.8038682738765078,2423.384033203125
conflict-focused_self-reflection_0,Conflict-Focused Self-Reflection,Internal dialectical processing,landmark,7,0.0,0.0,0.0,0.0,19.5,19.5,1.0,3295.975341796875
conflict-focused_self-reflection_0,Conflict-Focused Self-Reflection,Internal dialectical processing,landmark,11,0.0,0.0,0.0,0.0,5.7578125,5.7578125,1.0,20763.943359375
conflict-focused_self-reflection_0,Conflict-Focused Self-Reflection,Internal dialectical processing,landmark,15,0.0,0.0,0.0,0.0,21.875,21.875,1.0,26297.603515625
conflict-focused_self-reflection_0,Conflict-Focused Self-Reflection,Internal dialectical processing,landmark,22,0.0,0.0,0.0,0.0,19.2890625,19.2890625,1.0,30011.384765625
conflict-focused_self-reflection_0,Conflict-Focused Self-Reflection,Internal dialectical processing,landmark,27,0.06283185307179587,3.141592653589793,0.19344424626135137,3.141592653589793,4.5,61.80466842651367,0.07281003384640017,34752.8671875
conflict-focused_self-reflection_0,Conflict-Focused Self-Reflection,Internal dialectical processing,landmark,29,0.0,0.0,0.0,0.0,8.375,8.375,1.0,38687.0390625
conflict-focused_self-reflection_0,Conflict-Focused Self-Reflection,Internal dialectical processing,landmark,1,0.06283185307179587,3.141592653589793,0.19344424626135137,3.141592653589793,2.093750476837158,9.501837491989136,0.22035216647331313,840.0430297851562
conflict-focused_self-reflection_0,Conflict-Focused Self-Reflection,Internal dialectical processing,landmark,5,0.06283185307179587,3.141592653589793,0.19344424626135137,3.141592653589793,8.53125,10.612746238708496,0.8038682738765078,2423.384033203125
conflict-focused_self-reflection_0,Conflict-Focused Self-Reflection,Internal dialectical processing,landmark,7,0.0,0.0,0.0,0.0,19.5,19.5,1.0,3295.975341796875
conflict-focused_self-reflection_0,Conflict-Focused Self-Reflection,Internal dialectical processing,landmark,11,0.0,0.0,0.0,0.0,5.7578125,5.7578125,1.0,20763.943359375
conflict-focused_self-reflection_0,Conflict-Focused Self-Reflection,Internal dialectical processing,landmark,15,0.0,0.0,0.0,0.0,21.875,21.875,1.0,26297.603515625
conflict-focused_self-reflection_0,Conflict-Focused Self-Reflection,Internal dialectical processing,landmark,22,0.0,0.0,0.0,0.0,19.2890625,19.2890625,1.0,30011.384765625
conflict-focused_self-reflection_0,Conflict-Focused Self-Reflection,Internal dialectical processing,landmark,27,0.06283185307179587,3.141592653589793,0.19344424626135137,3.141592653589793,4.5,61.80466842651367,0.07281003384640017,34752.8671875
conflict-focused_self-reflection_0,Conflict-Focused Self-Reflection,Internal dialectical processing,landmark,29,0.0,0.0,0.0,0.0,8.375,8.375,1.0,38687.0390625
conflict-focused_self-reflection_0,Conflict-Focused Self-Reflection,Internal dialectical processing,landmark,1,0.06283185307179587,3.141592653589793,0.19344424626135137,3.141592653589793,2.093750476837158,9.501837491989136,0.22035216647331313,840.0430297851562
conflict-focused_self-reflection_0,Conflict-Focused Self-Reflection,Internal dialectical processing,landmark,5,0.06283185307179587,3.141592653589793,0.19344424626135137,3.141592653589793,8.53125,10.612746238708496,0.8038682738765078,2423.384033203125
conflict-focused_self-reflection_0,Conflict-Focused Self-Reflection,Internal dialectical processing,landmark,7,0.0,0.0,0.0,0.0,19.5,19.5,1.0,3295.975341796875
conflict-focused_self-reflection_0,Conflict-Focused Self-Reflection,Internal dialectical processing,landmark,11,0.0,0.0,0.0,0.0,5.7578125,5.7578125,1.0,20763.943359375
conflict-focused_self-reflection_0,Conflict-Focused Self-Reflection,Internal dialectical processing,landmark,15,0.0,0.0,0.0,0.0,21.875,21.875,1.0,26297.603515625
conflict-focused_self-reflection_0,Conflict-Focused Self-Reflection,Internal dialectical processing,landmark,22,0.0,0.0,0.0,0.0,19.2890625,19.2890625,1.0,30011.384765625
conflict-focused_self-reflection_0,Conflict-Focused Self-Reflection,Internal dialectical processing,landmark,27,0.06283185307179587,3.141592653589793,0.19344424626135137,3.141592653589793,4.5,61.80466842651367,0.07281003384640017,34752.8671875
conflict-focused_self-reflection_0,Conflict-Focused Self-Reflection,Internal dialectical processing,landmark,29,0.0,0.0,0.0,0.0,8.375,8.375,1.0,38687.0390625
conflict-focused_self-reflection_0,Conflict-Focused Self-Reflection,Internal dialectical processing,landmark,1,0.06283185307179587,3.141592653589793,0.19344424626135137,3.141592653589793,2.093750476837158,9.501837491989136,0.22035216647331313,840.0430297851562
conflict-focused_self-reflection_0,Conflict-Focused Self-Reflection,Internal dialectical processing,landmark,5,0.06283185307179587,3.141592653589793,0.19344424626135137,3.141592653589793,8.53125,10.612746238708496,0.8038682738765078,2423.384033203125
conflict-focused_self-reflection_0,Conflict-Focused Self-Reflection,Internal dialectical processing,landmark,7,0.0,0.0,0.0,0.0,19.5,19.5,1.0,3295.975341796875
conflict-focused_self-reflection_0,Conflict-Focused Self-Reflection,Internal dialectical processing,landmark,11,0.0,0.0,0.0,0.0,5.7578125,5.7578125,1.0,20763.943359375
conflict-focused_self-reflection_0,Conflict-Focused Self-Reflection,Internal dialectical processing,landmark,15,0.0,0.0,0.0,0.0,21.875,21.875,1.0,26297.603515625
conflict-focused_self-reflection_0,Conflict-Focused Self-Reflection,Internal dialectical processing,landmark,22,0.0,0.0,0.0,0.0,19.2890625,19.2890625,1.0,30011.384765625
conflict-focused_self-reflection_0,Conflict-Focused Self-Reflection,Internal dialectical processing,landmark,27,0.06283185307179587,3.141592653589793,0.19344424626135137,3.141592653589793,4.5,61.80466842651367,0.07281003384640017,34752.8671875
conflict-focused_self-reflection_0,Conflict-Focused Self-Reflection,Internal dialectical processing,landmark,29,0.0,0.0,0.0,0.0,8.375,8.375,1.0,38687.0390625
conflict-focused_self-reflection_0,Conflict-Focused Self-Reflection,Internal dialectical processing,landmark,1,0.06283185307179587,3.141592653589793,0.19344424626135137,3.141592653589793,2.093750476837158,9.501837491989136,0.22035216647331313,840.0430297851562
conflict-focused_self-reflection_0,Conflict-Focused Self-Reflection,Internal dialectical processing,landmark,5,0.06283185307179587,3.141592653589793,0.19344424626135137,3.141592653589793,8.53125,10.612746238708496,0.8038682738765078,2423.384033203125
conflict-focused_self-reflection_0,Conflict-Focused Self-Reflection,Internal dialectical processing,landmark,7,0.0,0.0,0.0,0.0,19.5,19.5,1.0,3295.975341796875
conflict-focused_self-reflection_0,Conflict-Focused Self-Reflection,Internal dialectical processing,landmark,11,0.0,0.0,0.0,0.0,5.7578125,5.7578125,1.0,20763.943359375
conflict-focused_self-reflection_0,Conflict-Focused Self-Reflection,Internal dialectical processing,landmark,15,0.0,0.0,0.0,0.0,21.875,21.875,1.0,26297.603515625
conflict-focused_self-reflection_0,Conflict-Focused Self-Reflection,Internal dialectical processing,landmark,22,0.0,0.0,0.0,0.0,19.2890625,19.2890625,1.0,30011.384765625
conflict-focused_self-reflection_0,Conflict-Focused Self-Reflection,Internal dialectical processing,landmark,27,0.06283185307179587,3.141592653589793,0.19344424626135137,3.141592653589793,4.5,61.80466842651367,0.07281003384640017,34752.8671875
conflict-focused_self-reflection_0,Conflict-Focused Self-Reflection,Internal dialectical processing,landmark,29,0.0,0.0,0.0,0.0,8.375,8.375,1.0,38687.0390625
conflict-focused_self-reflection_0,Conflict-Focused Self-Reflection,Internal dialectical processing,landmark,1,0.06283185307179587,3.141592653589793,0.19344424626135137,3.141592653589793,2.093750476837158,9.501837491989136,0.22035216647331313,840.0430297851562
conflict-focused_self-reflection_0,Conflict-Focused Self-Reflection,Internal dialectical processing,landmark,5,0.06283185307179587,3.141592653589793,0.19344424626135137,3.141592653589793,8.53125,10.612746238708496,0.8038682738765078,2423.384033203125
conflict-focused_self-reflection_0,Conflict-Focused Self-Reflection,Internal dialectical processing,landmark,7,0.0,0.0,0.0,0.0,19.5,19.5,1.0,3295.975341796875
conflict-focused_self-reflection_0,Conflict-Focused Self-Reflection,Internal dialectical processing,landmark,11,0.0,0.0,0.0,0.0,5.7578125,5.7578125,1.0,20763.943359375
conflict-focused_self-reflection_0,Conflict-Focused Self-Reflection,Internal dialectical processing,landmark,15,0.0,0.0,0.0,0.0,21.875,21.875,1.0,26297.603515625
conflict-focused_self-reflection_0,Conflict-Focused Self-Reflection,Internal dialectical processing,landmark,22,0.0,0.0,0.0,0.0,19.2890625,19.2890625,1.0,30011.384765625
conflict-focused_self-reflection_0,Conflict-Focused Self-Reflection,Internal dialectical processing,landmark,27,0.06283185307179587,3.141592653589793,0.19344424626135137,3.141592653589793,4.5,61.80466842651367,0.07281003384640017,34752.8671875
conflict-focused_self-reflection_0,Conflict-Focused Self-Reflection,Internal dialectical processing,landmark,29,0.0,0.0,0.0,0.0,8.375,8.375,1.0,38687.0390625
conflict-focused_self-reflection_0,Conflict-Focused Self-Reflection,Internal dialectical processing,landmark,1,0.06283185307179587,3.141592653589793,0.19344424626135137,3.141592653589793,2.093750476837158,9.501837491989136,0.22035216647331313,840.0430297851562
conflict-focused_self-reflection_0,Conflict-Focused Self-Reflection,Internal dialectical processing,landmark,5,0.06283185307179587,3.141592653589793,0.19344424626135137,3.141592653589793,8.53125,10.612746238708496,0.8038682738765078,2423.384033203125
conflict-focused_self-reflection_0,Conflict-Focused Self-Reflection,Internal dialectical processing,landmark,7,0.0,0.0,0.0,0.0,19.5,19.5,1.0,3295.975341796875
conflict-focused_self-reflection_0,Conflict-Focused Self-Reflection,Internal dialectical processing,landmark,11,0.0,0.0,0.0,0.0,5.7578125,5.7578125,1.0,20763.943359375
conflict-focused_self-reflection_0,Conflict-Focused Self-Reflection,Internal dialectical processing,landmark,15,0.0,0.0,0.0,0.0,21.875,21.875,1.0,26297.603515625
conflict-focused_self-reflection_0,Conflict-Focused Self-Reflection,Internal dialectical processing,landmark,22,0.0,0.0,0.0,0.0,19.2890625,19.2890625,1.0,30011.384765625
conflict-focused_self-reflection_0,Conflict-Focused Self-Reflection,Internal dialectical processing,landmark,27,0.06283185307179587,3.141592653589793,0.19344424626135137,3.141592653589793,4.5,61.80466842651367,0.07281003384640017,34752.8671875
conflict-focused_self-reflection_0,Conflict-Focused Self-Reflection,Internal dialectical processing,landmark,29,0.0,0.0,0.0,0.0,8.375,8.375,1.0,38687.0390625
conflict-focused_self-reflection_0,Conflict-Focused Self-Reflection,Internal dialectical processing,landmark,1,0.06283185307179587,3.141592653589793,0.19344424626135137,3.141592653589793,2.093750476837158,9.501837491989136,0.22035216647331313,840.0430297851562
conflict-focused_self-reflection_0,Conflict-Focused Self-Reflection,Internal dialectical processing,landmark,5,0.06283185307179587,3.141592653589793,0.19344424626135137,3.141592653589793,8.53125,10.612746238708496,0.8038682738765078,2423.384033203125
conflict-focused_self-reflection_0,Conflict-Focused Self-Reflection,Internal dialectical processing,landmark,7,0.0,0.0,0.0,0.0,19.5,19.5,1.0,3295.975341796875
conflict-focused_self-reflection_0,Conflict-Focused Self-Reflection,Internal dialectical processing,landmark,11,0.0,0.0,0.0,0.0,5.7578125,5.7578125,1.0,20763.943359375
conflict-focused_self-reflection_0,Conflict-Focused Self-Reflection,Internal dialectical processing,landmark,15,0.0,0.0,0.0,0.0,21.875,21.875,1.0,26297.603515625
conflict-focused_self-reflection_0,Conflict-Focused Self-Reflection,Internal dialectical processing,landmark,22,0.0,0.0,0.0,0.0,19.2890625,19.2890625,1.0,30011.384765625
conflict-focused_self-reflection_0,Conflict-Focused Self-Reflection,Internal dialectical processing,landmark,27,0.06283185307179587,3.141592653589793,0.19344424626135137,3.141592653589793,4.5,61.80466842651367,0.07281003384640017,34752.8671875
conflict-focused_self-reflection_0,Conflict-Focused Self-Reflection,Internal dialectical processing,landmark,29,0.0,0.0,0.0,0.0,8.375,8.375,1.0,38687.0390625
conflict-focused_self-reflection_0,Conflict-Focused Self-Reflection,Internal dialectical processing,landmark,1,0.06283185307179587,3.141592653589793,0.19344424626135137,3.141592653589793,2.093750476837158,9.501837491989136,0.22035216647331313,840.0430297851562
conflict-focused_self-reflection_0,Conflict-Focused Self-Reflection,Internal dialectical processing,landmark,5,0.06283185307179587,3.141592653589793,0.19344424626135137,3.141592653589793,8.53125,10.612746238708496,0.8038682738765078,2423.384033203125
conflict-focused_self-reflection_0,Conflict-Focused Self-Reflection,Internal dialectical processing,landmark,7,0.0,0.0,0.0,0.0,19.5,19.5,1.0,3295.975341796875
conflict-focused_self-reflection_0,Conflict-Focused Self-Reflection,Internal dialectical processing,landmark,11,0.0,0.0,0.0,0.0,5.7578125,5.7578125,1.0,20763.943359375
conflict-focused_self-reflection_0,Conflict-Focused Self-Reflection,Internal dialectical processing,landmark,15,0.0,0.0,0.0,0.0,21.875,21.875,1.0,26297.603515625
conflict-focused_self-reflection_0,Conflict-Focused Self-Reflection,Internal dialectical processing,landmark,22,0.0,0.0,0.0,0.0,19.2890625,19.2890625,1.0,30011.384765625
conflict-focused_self-reflection_0,Conflict-Focused Self-Reflection,Internal dialectical processing,landmark,27,0.06283185307179587,3.141592653589793,0.19344424626135137,3.141592653589793,4.5,61.80466842651367,0.07281003384640017,34752.8671875
conflict-focused_self-reflection_0,Conflict-Focused Self-Reflection,Internal dialectical processing,landmark,29,0.0,0.0,0.0,0.0,8.375,8.375,1.0,38687.0390625
conflict-focused_self-reflection_0,Conflict-Focused Self-Reflection,Internal dialectical processing,landmark,1,0.06283185307179587,3.141592653589793,0.19344424626135137,3.141592653589793,2.093750476837158,9.501837491989136,0.22035216647331313,840.0430297851562
conflict-focused_self-reflection_0,Conflict-Focused Self-Reflection,Internal dialectical processing,landmark,5,0.06283185307179587,3.141592653589793,0.19344424626135137,3.141592653589793,8.53125,10.612746238708496,0.8038682738765078,2423.384033203125
conflict-focused_self-reflection_0,Conflict-Focused Self-Reflection,Internal dialectical processing,landmark,7,0.0,0.0,0.0,0.0,19.5,19.5,1.0,3295.975341796875
conflict-focused_self-reflection_0,Conflict-Focused Self-Reflection,Internal dialectical processing,landmark,11,0.0,0.0,0.0,0.0,5.7578125,5.7578125,1.0,20763.943359375
conflict-focused_self-reflection_0,Conflict-Focused Self-Reflection,Internal dialectical processing,landmark,15,0.0,0.0,0.0,0.0,21.875,21.875,1.0,26297.603515625
conflict-focused_self-reflection_0,Conflict-Focused Self-Reflection,Internal dialectical processing,landmark,22,0.0,0.0,0.0,0.0,19.2890625,19.2890625,1.0,30011.384765625
conflict-focused_self-reflection_0,Conflict-Focused Self-Reflection,Internal dialectical processing,landmark,27,0.06283185307179587,3.141592653589793,0.19344424626135137,3.141592653589793,4.5,61.80466842651367,0.07281003384640017,34752.8671875
conflict-focused_self-reflection_0,Conflict-Focused Self-Reflection,Internal dialectical processing,landmark,29,0.0,0.0,0.0,0.0,8.375,8.375,1.0,38687.0390625
conflict-focused_self-reflection_0,Conflict-Focused Self-Reflection,Internal dialectical processing,landmark,1,0.06283185307179587,3.141592653589793,0.19344424626135137,3.141592653589793,2.093750476837158,9.501837491989136,0.22035216647331313,840.0430297851562
conflict-focused_self-reflection_0,Conflict-Focused Self-Reflection,Internal dialectical processing,landmark,5,0.06283185307179587,3.141592653589793,0.19344424626135137,3.141592653589793,8.53125,10.612746238708496,0.8038682738765078,2423.384033203125
conflict-focused_self-reflection_0,Conflict-Focused Self-Reflection,Internal dialectical processing,landmark,7,0.0,0.0,0.0,0.0,19.5,19.5,1.0,3295.975341796875
conflict-focused_self-reflection_0,Conflict-Focused Self-Reflection,Internal dialectical processing,landmark,11,0.0,0.0,0.0,0.0,5.7578125,5.7578125,1.0,20763.943359375
conflict-focused_self-reflection_0,Conflict-Focused Self-Reflection,Internal dialectical processing,landmark,15,0.0,0.0,0.0,0.0,21.875,21.875,1.0,26297.603515625
conflict-focused_self-reflection_0,Conflict-Focused Self-Reflection,Internal dialectical processing,landmark,22,0.0,0.0,0.0,0.0,19.2890625,19.2890625,1.0,30011.384765625
conflict-focused_self-reflection_0,Conflict-Focused Self-Reflection,Internal dialectical processing,landmark,27,0.06283185307179587,3.141592653589793,0.19344424626135137,3.141592653589793,4.5,61.80466842651367,0.07281003384640017,34752.8671875
conflict-focused_self-reflection_0,Conflict-Focused Self-Reflection,Internal dialectical processing,landmark,29,0.0,0.0,0.0,0.0,8.375,8.375,1.0,38687.0390625
conflict-focused_self-reflection_0,Conflict-Focused Self-Reflection,Internal dialectical processing,landmark,1,0.06283185307179587,3.141592653589793,0.19344424626135137,3.141592653589793,2.093750476837158,9.501837491989136,0.22035216647331313,840.0430297851562
conflict-focused_self-reflection_0,Conflict-Focused Self-Reflection,Internal dialectical processing,landmark,5,0.06283185307179587,3.141592653589793,0.19344424626135137,3.141592653589793,8.53125,10.612746238708496,0.8038682738765078,2423.384033203125
conflict-focused_self-reflection_0,Conflict-Focused Self-Reflection,Internal dialectical processing,landmark,7,0.0,0.0,0.0,0.0,19.5,19.5,1.0,3295.975341796875
conflict-focused_self-reflection_0,Conflict-Focused Self-Reflection,Internal dialectical processing,landmark,11,0.0,0.0,0.0,0.0,5.7578125,5.7578125,1.0,20763.943359375
conflict-focused_self-reflection_0,Conflict-Focused Self-Reflection,Internal dialectical processing,landmark,15,0.0,0.0,0.0,0.0,21.875,21.875,1.0,26297.603515625
conflict-focused_self-reflection_0,Conflict-Focused Self-Reflection,Internal dialectical processing,landmark,22,0.0,0.0,0.0,0.0,19.2890625,19.2890625,1.0,30011.384765625
conflict-focused_self-reflection_0,Conflict-Focused Self-Reflection,Internal dialectical processing,landmark,27,0.06283185307179587,3.141592653589793,0.19344424626135137,3.141592653589793,4.5,61.80466842651367,0.07281003384640017,34752.8671875
conflict-focused_self-reflection_0,Conflict-Focused Self-Reflection,Internal dialectical processing,landmark,29,0.0,0.0,0.0,0.0,8.375,8.375,1.0,38687.0390625
conflict-focused_self-reflection_0,Conflict-Focused Self-Reflection,Internal dialectical processing,landmark,1,0.06283185307179587,3.141592653589793,0.19344424626135137,3.141592653589793,2.093750476837158,9.501837491989136,0.22035216647331313,840.0430297851562
conflict-focused_self-reflection_0,Conflict-Focused Self-Reflection,Internal dialectical processing,landmark,5,0.06283185307179587,3.141592653589793,0.19344424626135137,3.141592653589793,8.53125,10.612746238708496,0.8038682738765078,2423.384033203125
conflict-focused_self-reflection_0,Conflict-Focused Self-Reflection,Internal dialectical processing,landmark,7,0.0,0.0,0.0,0.0,19.5,19.5,1.0,3295.975341796875
conflict-focused_self-reflection_0,Conflict-Focused Self-Reflection,Internal dialectical processing,landmark,11,0.0,0.0,0.0,0.0,5.7578125,5.7578125,1.0,20763.943359375
conflict-focused_self-reflection_0,Conflict-Focused Self-Reflection,Internal dialectical processing,landmark,15,0.0,0.0,0.0,0.0,21.875,21.875,1.0,26297.603515625
conflict-focused_self-reflection_0,Conflict-Focused Self-Reflection,Internal dialectical processing,landmark,22,0.0,0.0,0.0,0.0,19.2890625,19.2890625,1.0,30011.384765625
conflict-focused_self-reflection_0,Conflict-Focused Self-Reflection,Internal dialectical processing,landmark,27,0.06283185307179587,3.141592653589793,0.19344424626135137,3.141592653589793,4.5,61.80466842651367,0.07281003384640017,34752.8671875
conflict-focused_self-reflection_0,Conflict-Focused Self-Reflection,Internal dialectical processing,landmark,29,0.0,0.0,0.0,0.0,8.375,8.375,1.0,38687.0390625
disorganized_thought_and_derealization_0,Disorganized Thought & Derealization,Fragmented perceptual reasoning,landmark,1,0.06283185307179587,3.141592653589793,0.19344424626135137,3.141592653589793,25.03125,27.970821380615234,0.8949057898366738,1301.6170654296875
disorganized_thought_and_derealization_0,Disorganized Thought & Derealization,Fragmented perceptual reasoning,landmark,5,0.06283185307179587,3.141592653589793,0.19344424626135137,3.141592653589793,3.125,22.472124099731445,0.1390611757985684,2215.863037109375
disorganized_thought_and_derealization_0,Disorganized Thought & Derealization,Fragmented perceptual reasoning,landmark,7,0.0,0.0,0.0,0.0,0.375,20.701172828674316,0.018114915667027675,3409.06005859375
disorganized_thought_and_derealization_0,Disorganized Thought & Derealization,Fragmented perceptual reasoning,landmark,11,0.0,0.0,0.0,0.0,7.234375,7.234375,1.0,18208.54296875
disorganized_thought_and_derealization_0,Disorganized Thought & Derealization,Fragmented perceptual reasoning,landmark,15,0.06283185307179587,3.141592653589793,0.19344424626135137,3.141592653589793,38.3125,94.27195823192596,0.40640399031220253,25402.50390625
disorganized_thought_and_derealization_0,Disorganized Thought & Derealization,Fragmented perceptual reasoning,landmark,22,0.06283185307179587,3.141592653589793,0.19344424626135137,3.141592653589793,11.875,27.548476219177246,0.4310583244431316,30823.103515625
disorganized_thought_and_derealization_0,Disorganized Thought & Derealization,Fragmented perceptual reasoning,landmark,27,0.06283185307179587,3.141592653589793,0.19344424626135137,3.141592653589793,16.0,85.61152935028076,0.1868907157882413,39357.640625
disorganized_thought_and_derealization_0,Disorganized Thought & Derealization,Fragmented perceptual reasoning,landmark,29,0.06283185307179587,3.141592653589793,0.19344424626135137,3.141592653589793,7.0,23.162842750549316,0.3022081562002571,44739.2578125
disorganized_thought_and_derealization_0,Disorganized Thought & Derealization,Fragmented perceptual reasoning,landmark,1,0.06283185307179587,3.141592653589793,0.19344424626135137,3.141592653589793,25.03125,27.970821380615234,0.8949057898366738,1301.6170654296875
disorganized_thought_and_derealization_0,Disorganized Thought & Derealization,Fragmented perceptual reasoning,landmark,5,0.06283185307179587,3.141592653589793,0.19344424626135137,3.141592653589793,3.125,22.472124099731445,0.1390611757985684,2215.863037109375
disorganized_thought_and_derealization_0,Disorganized Thought & Derealization,Fragmented perceptual reasoning,landmark,7,0.0,0.0,0.0,0.0,0.375,20.701172828674316,0.018114915667027675,3409.06005859375
disorganized_thought_and_derealization_0,Disorganized Thought & Derealization,Fragmented perceptual reasoning,landmark,11,0.0,0.0,0.0,0.0,7.234375,7.234375,1.0,18208.54296875
disorganized_thought_and_derealization_0,Disorganized Thought & Derealization,Fragmented perceptual reasoning,landmark,15,0.06283185307179587,3.141592653589793,0.19344424626135137,3.141592653589793,38.3125,94.27195823192596,0.40640399031220253,25402.50390625
disorganized_thought_and_derealization_0,Disorganized Thought & Derealization,Fragmented perceptual reasoning,landmark,22,0.06283185307179587,3.141592653589793,0.19344424626135137,3.141592653589793,11.875,27.548476219177246,0.4310583244431316,30823.103515625
disorganized_thought_and_derealization_0,Disorganized Thought & Derealization,Fragmented perceptual reasoning,landmark,27,0.06283185307179587,3.141592653589793,0.19344424626135137,3.141592653589793,16.0,85.61152935028076,0.1868907157882413,39357.640625
disorganized_thought_and_derealization_0,Disorganized Thought & Derealization,Fragmented perceptual reasoning,landmark,29,0.06283185307179587,3.141592653589793,0.19344424626135137,3.141592653589793,7.0,23.162842750549316,0.3022081562002571,44739.2578125
disorganized_thought_and_derealization_0,Disorganized Thought & Derealization,Fragmented perceptual reasoning,landmark,1,0.06283185307179587,3.141592653589793,0.19344424626135137,3.141592653589793,25.03125,27.970821380615234,0.8949057898366738,1301.6170654296875
disorganized_thought_and_derealization_0,Disorganized Thought & Derealization,Fragmented perceptual reasoning,landmark,5,0.06283185307179587,3.141592653589793,0.19344424626135137,3.141592653589793,3.125,22.472124099731445,0.1390611757985684,2215.863037109375
disorganized_thought_and_derealization_0,Disorganized Thought & Derealization,Fragmented perceptual reasoning,landmark,7,0.0,0.0,0.0,0.0,0.375,20.701172828674316,0.018114915667027675,3409.06005859375
disorganized_thought_and_derealization_0,Disorganized Thought & Derealization,Fragmented perceptual reasoning,landmark,11,0.0,0.0,0.0,0.0,7.234375,7.234375,1.0,18208.54296875
disorganized_thought_and_derealization_0,Disorganized Thought & Derealization,Fragmented perceptual reasoning,landmark,15,0.06283185307179587,3.141592653589793,0.19344424626135137,3.141592653589793,38.3125,94.27195823192596,0.40640399031220253,25402.50390625
disorganized_thought_and_derealization_0,Disorganized Thought & Derealization,Fragmented perceptual reasoning,landmark,22,0.06283185307179587,3.141592653589793,0.19344424626135137,3.141592653589793,11.875,27.548476219177246,0.4310583244431316,30823.103515625
disorganized_thought_and_derealization_0,Disorganized Thought & Derealization,Fragmented perceptual reasoning,landmark,27,0.06283185307179587,3.141592653589793,0.19344424626135137,3.141592653589793,16.0,85.61152935028076,0.1868907157882413,39357.640625
disorganized_thought_and_derealization_0,Disorganized Thought & Derealization,Fragmented perceptual reasoning,landmark,29,0.06283185307179587,3.141592653589793,0.19344424626135137,3.141592653589793,7.0,23.162842750549316,0.3022081562002571,44739.2578125
disorganized_thought_and_derealization_0,Disorganized Thought & Derealization,Fragmented perceptual reasoning,landmark,1,0.06283185307179587,3.141592653589793,0.19344424626135137,3.141592653589793,25.03125,27.970821380615234,0.8949057898366738,1301.6170654296875
disorganized_thought_and_derealization_0,Disorganized Thought & Derealization,Fragmented perceptual reasoning,landmark,5,0.06283185307179587,3.141592653589793,0.19344424626135137,3.141592653589793,3.125,22.472124099731445,0.1390611757985684,2215.863037109375
disorganized_thought_and_derealization_0,Disorganized Thought & Derealization,Fragmented perceptual reasoning,landmark,7,0.0,0.0,0.0,0.0,0.375,20.701172828674316,0.018114915667027675,3409.06005859375
disorganized_thought_and_derealization_0,Disorganized Thought & Derealization,Fragmented perceptual reasoning,landmark,11,0.0,0.0,0.0,0.0,7.234375,7.234375,1.0,18208.54296875
disorganized_thought_and_derealization_0,Disorganized Thought & Derealization,Fragmented perceptual reasoning,landmark,15,0.06283185307179587,3.141592653589793,0.19344424626135137,3.141592653589793,38.3125,94.27195823192596,0.40640399031220253,25402.50390625
disorganized_thought_and_derealization_0,Disorganized Thought & Derealization,Fragmented perceptual reasoning,landmark,22,0.06283185307179587,3.141592653589793,0.19344424626135137,3.141592653589793,11.875,27.548476219177246,0.4310583244431316,30823.103515625
disorganized_thought_and_derealization_0,Disorganized Thought & Derealization,Fragmented perceptual reasoning,landmark,27,0.06283185307179587,3.141592653589793,0.19344424626135137,3.141592653589793,16.0,85.61152935028076,0.1868907157882413,39357.640625
disorganized_thought_and_derealization_0,Disorganized Thought & Derealization,Fragmented perceptual reasoning,landmark,29,0.06283185307179587,3.141592653589793,0.19344424626135137,3.141592653589793,7.0,23.162842750549316,0.3022081562002571,44739.2578125
disorganized_thought_and_derealization_0,Disorganized Thought & Derealization,Fragmented perceptual reasoning,landmark,1,0.06283185307179587,3.141592653589793,0.19344424626135137,3.141592653589793,25.03125,27.970821380615234,0.8949057898366738,1301.6170654296875
disorganized_thought_and_derealization_0,Disorganized Thought & Derealization,Fragmented perceptual reasoning,landmark,5,0.06283185307179587,3.141592653589793,0.19344424626135137,3.141592653589793,3.125,22.472124099731445,0.1390611757985684,2215.863037109375
disorganized_thought_and_derealization_0,Disorganized Thought & Derealization,Fragmented perceptual reasoning,landmark,7,0.0,0.0,0.0,0.0,0.375,20.701172828674316,0.018114915667027675,3409.06005859375
disorganized_thought_and_derealization_0,Disorganized Thought & Derealization,Fragmented perceptual reasoning,landmark,11,0.0,0.0,0.0,0.0,7.234375,7.234375,1.0,18208.54296875
disorganized_thought_and_derealization_0,Disorganized Thought & Derealization,Fragmented perceptual reasoning,landmark,15,0.06283185307179587,3.141592653589793,0.19344424626135137,3.141592653589793,38.3125,94.27195823192596,0.40640399031220253,25402.50390625
disorganized_thought_and_derealization_0,Disorganized Thought & Derealization,Fragmented perceptual reasoning,landmark,22,0.06283185307179587,3.141592653589793,0.19344424626135137,3.141592653589793,11.875,27.548476219177246,0.4310583244431316,30823.103515625
disorganized_thought_and_derealization_0,Disorganized Thought & Derealization,Fragmented perceptual reasoning,landmark,27,0.06283185307179587,3.141592653589793,0.19344424626135137,3.141592653589793,16.0,85.61152935028076,0.1868907157882413,39357.640625
disorganized_thought_and_derealization_0,Disorganized Thought & Derealization,Fragmented perceptual reasoning,landmark,29,0.06283185307179587,3.141592653589793,0.19344424626135137,3.141592653589793,7.0,23.162842750549316,0.3022081562002571,44739.2578125
disorganized_thought_and_derealization_0,Disorganized Thought & Derealization,Fragmented perceptual reasoning,landmark,1,0.06283185307179587,3.141592653589793,0.19344424626135137,3.141592653589793,25.03125,27.970821380615234,0.8949057898366738,1301.6170654296875
disorganized_thought_and_derealization_0,Disorganized Thought & Derealization,Fragmented perceptual reasoning,landmark,5,0.06283185307179587,3.141592653589793,0.19344424626135137,3.141592653589793,3.125,22.472124099731445,0.1390611757985684,2215.863037109375
disorganized_thought_and_derealization_0,Disorganized Thought & Derealization,Fragmented perceptual reasoning,landmark,7,0.0,0.0,0.0,0.0,0.375,20.701172828674316,0.018114915667027675,3409.06005859375
disorganized_thought_and_derealization_0,Disorganized Thought & Derealization,Fragmented perceptual reasoning,landmark,11,0.0,0.0,0.0,0.0,7.234375,7.234375,1.0,18208.54296875
disorganized_thought_and_derealization_0,Disorganized Thought & Derealization,Fragmented perceptual reasoning,landmark,15,0.06283185307179587,3.141592653589793,0.19344424626135137,3.141592653589793,38.3125,94.27195823192596,0.40640399031220253,25402.50390625
disorganized_thought_and_derealization_0,Disorganized Thought & Derealization,Fragmented perceptual reasoning,landmark,22,0.06283185307179587,3.141592653589793,0.19344424626135137,3.141592653589793,11.875,27.548476219177246,0.4310583244431316,30823.103515625
disorganized_thought_and_derealization_0,Disorganized Thought & Derealization,Fragmented perceptual reasoning,landmark,27,0.06283185307179587,3.141592653589793,0.19344424626135137,3.141592653589793,16.0,85.61152935028076,0.1868907157882413,39357.640625
disorganized_thought_and_derealization_0,Disorganized Thought & Derealization,Fragmented perceptual reasoning,landmark,29,0.06283185307179587,3.141592653589793,0.19344424626135137,3.141592653589793,7.0,23.162842750549316,0.3022081562002571,44739.2578125
disorganized_thought_and_derealization_0,Disorganized Thought & Derealization,Fragmented perceptual reasoning,landmark,1,0.06283185307179587,3.141592653589793,0.19344424626135137,3.141592653589793,25.03125,27.970821380615234,0.8949057898366738,1301.6170654296875
disorganized_thought_and_derealization_0,Disorganized Thought & Derealization,Fragmented perceptual reasoning,landmark,5,0.06283185307179587,3.141592653589793,0.19344424626135137,3.141592653589793,3.125,22.472124099731445,0.1390611757985684,2215.863037109375
disorganized_thought_and_derealization_0,Disorganized Thought & Derealization,Fragmented perceptual reasoning,landmark,7,0.0,0.0,0.0,0.0,0.375,20.701172828674316,0.018114915667027675,3409.06005859375
disorganized_thought_and_derealization_0,Disorganized Thought & Derealization,Fragmented perceptual reasoning,landmark,11,0.0,0.0,0.0,0.0,7.234375,7.234375,1.0,18208.54296875
disorganized_thought_and_derealization_0,Disorganized Thought & Derealization,Fragmented perceptual reasoning,landmark,15,0.06283185307179587,3.141592653589793,0.19344424626135137,3.141592653589793,38.3125,94.27195823192596,0.40640399031220253,25402.50390625
disorganized_thought_and_derealization_0,Disorganized Thought & Derealization,Fragmented perceptual reasoning,landmark,22,0.06283185307179587,3.141592653589793,0.19344424626135137,3.141592653589793,11.875,27.548476219177246,0.4310583244431316,30823.103515625
disorganized_thought_and_derealization_0,Disorganized Thought & Derealization,Fragmented perceptual reasoning,landmark,27,0.06283185307179587,3.141592653589793,0.19344424626135137,3.141592653589793,16.0,85.61152935028076,0.1868907157882413,39357.640625
disorganized_thought_and_derealization_0,Disorganized Thought & Derealization,Fragmented perceptual reasoning,landmark,29,0.06283185307179587,3.141592653589793,0.19344424626135137,3.141592653589793,7.0,23.162842750549316,0.3022081562002571,44739.2578125
disorganized_thought_and_derealization_0,Disorganized Thought & Derealization,Fragmented perceptual reasoning,landmark,1,0.06283185307179587,3.141592653589793,0.19344424626135137,3.141592653589793,25.03125,27.970821380615234,0.8949057898366738,1301.6170654296875
disorganized_thought_and_derealization_0,Disorganized Thought & Derealization,Fragmented perceptual reasoning,landmark,5,0.06283185307179587,3.141592653589793,0.19344424626135137,3.141592653589793,3.125,22.472124099731445,0.1390611757985684,2215.863037109375
disorganized_thought_and_derealization_0,Disorganized Thought & Derealization,Fragmented perceptual reasoning,landmark,7,0.0,0.0,0.0,0.0,0.375,20.701172828674316,0.018114915667027675,3409.06005859375
disorganized_thought_and_derealization_0,Disorganized Thought & Derealization,Fragmented perceptual reasoning,landmark,11,0.0,0.0,0.0,0.0,7.234375,7.234375,1.0,18208.54296875
disorganized_thought_and_derealization_0,Disorganized Thought & Derealization,Fragmented perceptual reasoning,landmark,15,0.06283185307179587,3.141592653589793,0.19344424626135137,3.141592653589793,38.3125,94.27195823192596,0.40640399031220253,25402.50390625
disorganized_thought_and_derealization_0,Disorganized Thought & Derealization,Fragmented perceptual reasoning,landmark,22,0.06283185307179587,3.141592653589793,0.19344424626135137,3.141592653589793,11.875,27.548476219177246,0.4310583244431316,30823.103515625
disorganized_thought_and_derealization_0,Disorganized Thought & Derealization,Fragmented perceptual reasoning,landmark,27,0.06283185307179587,3.141592653589793,0.19344424626135137,3.141592653589793,16.0,85.61152935028076,0.1868907157882413,39357.640625
disorganized_thought_and_derealization_0,Disorganized Thought & Derealization,Fragmented perceptual reasoning,landmark,29,0.06283185307179587,3.141592653589793,0.19344424626135137,3.141592653589793,7.0,23.162842750549316,0.3022081562002571,44739.2578125
disorganized_thought_and_derealization_0,Disorganized Thought & Derealization,Fragmented perceptual reasoning,landmark,1,0.06283185307179587,3.141592653589793,0.19344424626135137,3.141592653589793,25.03125,27.970821380615234,0.8949057898366738,1301.6170654296875
disorganized_thought_and_derealization_0,Disorganized Thought & Derealization,Fragmented perceptual reasoning,landmark,5,0.06283185307179587,3.141592653589793,0.19344424626135137,3.141592653589793,3.125,22.472124099731445,0.1390611757985684,2215.863037109375
disorganized_thought_and_derealization_0,Disorganized Thought & Derealization,Fragmented perceptual reasoning,landmark,7,0.0,0.0,0.0,0.0,0.375,20.701172828674316,0.018114915667027675,3409.06005859375
disorganized_thought_and_derealization_0,Disorganized Thought & Derealization,Fragmented perceptual reasoning,landmark,11,0.0,0.0,0.0,0.0,7.234375,7.234375,1.0,18208.54296875
disorganized_thought_and_derealization_0,Disorganized Thought & Derealization,Fragmented perceptual reasoning,landmark,15,0.06283185307179587,3.141592653589793,0.19344424626135137,3.141592653589793,38.3125,94.27195823192596,0.40640399031220253,25402.50390625
disorganized_thought_and_derealization_0,Disorganized Thought & Derealization,Fragmented perceptual reasoning,landmark,22,0.06283185307179587,3.141592653589793,0.19344424626135137,3.141592653589793,11.875,27.548476219177246,0.4310583244431316,30823.103515625
disorganized_thought_and_derealization_0,Disorganized Thought & Derealization,Fragmented perceptual reasoning,landmark,27,0.06283185307179587,3.141592653589793,0.19344424626135137,3.141592653589793,16.0,85.61152935028076,0.1868907157882413,39357.640625
disorganized_thought_and_derealization_0,Disorganized Thought & Derealization,Fragmented perceptual reasoning,landmark,29,0.06283185307179587,3.141592653589793,0.19344424626135137,3.141592653589793,7.0,23.162842750549316,0.3022081562002571,44739.2578125
disorganized_thought_and_derealization_0,Disorganized Thought & Derealization,Fragmented perceptual reasoning,landmark,1,0.06283185307179587,3.141592653589793,0.19344424626135137,3.141592653589793,25.03125,27.970821380615234,0.8949057898366738,1301.6170654296875
disorganized_thought_and_derealization_0,Disorganized Thought & Derealization,Fragmented perceptual reasoning,landmark,5,0.06283185307179587,3.141592653589793,0.19344424626135137,3.141592653589793,3.125,22.472124099731445,0.1390611757985684,2215.863037109375
disorganized_thought_and_derealization_0,Disorganized Thought & Derealization,Fragmented perceptual reasoning,landmark,7,0.0,0.0,0.0,0.0,0.375,20.701172828674316,0.018114915667027675,3409.06005859375
disorganized_thought_and_derealization_0,Disorganized Thought & Derealization,Fragmented perceptual reasoning,landmark,11,0.0,0.0,0.0,0.0,7.234375,7.234375,1.0,18208.54296875
disorganized_thought_and_derealization_0,Disorganized Thought & Derealization,Fragmented perceptual reasoning,landmark,15,0.06283185307179587,3.141592653589793,0.19344424626135137,3.141592653589793,38.3125,94.27195823192596,0.40640399031220253,25402.50390625
disorganized_thought_and_derealization_0,Disorganized Thought & Derealization,Fragmented perceptual reasoning,landmark,22,0.06283185307179587,3.141592653589793,0.19344424626135137,3.141592653589793,11.875,27.548476219177246,0.4310583244431316,30823.103515625
disorganized_thought_and_derealization_0,Disorganized Thought & Derealization,Fragmented perceptual reasoning,landmark,27,0.06283185307179587,3.141592653589793,0.19344424626135137,3.141592653589793,16.0,85.61152935028076,0.1868907157882413,39357.640625
disorganized_thought_and_derealization_0,Disorganized Thought & Derealization,Fragmented perceptual reasoning,landmark,29,0.06283185307179587,3.141592653589793,0.19344424626135137,3.141592653589793,7.0,23.162842750549316,0.3022081562002571,44739.2578125
disorganized_thought_and_derealization_0,Disorganized Thought & Derealization,Fragmented perceptual reasoning,landmark,1,0.06283185307179587,3.141592653589793,0.19344424626135137,3.141592653589793,25.03125,27.970821380615234,0.8949057898366738,1301.6170654296875
disorganized_thought_and_derealization_0,Disorganized Thought & Derealization,Fragmented perceptual reasoning,landmark,5,0.06283185307179587,3.141592653589793,0.19344424626135137,3.141592653589793,3.125,22.472124099731445,0.1390611757985684,2215.863037109375
disorganized_thought_and_derealization_0,Disorganized Thought & Derealization,Fragmented perceptual reasoning,landmark,7,0.0,0.0,0.0,0.0,0.375,20.701172828674316,0.018114915667027675,3409.06005859375
disorganized_thought_and_derealization_0,Disorganized Thought & Derealization,Fragmented perceptual reasoning,landmark,11,0.0,0.0,0.0,0.0,7.234375,7.234375,1.0,18208.54296875
disorganized_thought_and_derealization_0,Disorganized Thought & Derealization,Fragmented perceptual reasoning,landmark,15,0.06283185307179587,3.141592653589793,0.19344424626135137,3.141592653589793,38.3125,94.27195823192596,0.40640399031220253,25402.50390625
disorganized_thought_and_derealization_0,Disorganized Thought & Derealization,Fragmented perceptual reasoning,landmark,22,0.06283185307179587,3.141592653589793,0.19344424626135137,3.141592653589793,11.875,27.548476219177246,0.4310583244431316,30823.103515625
disorganized_thought_and_derealization_0,Disorganized Thought & Derealization,Fragmented perceptual reasoning,landmark,27,0.06283185307179587,3.141592653589793,0.19344424626135137,3.141592653589793,16.0,85.61152935028076,0.1868907157882413,39357.640625
disorganized_thought_and_derealization_0,Disorganized Thought & Derealization,Fragmented perceptual reasoning,landmark,29,0.06283185307179587,3.141592653589793,0.19344424626135137,3.141592653589793,7.0,23.162842750549316,0.3022081562002571,44739.2578125
disorganized_thought_and_derealization_0,Disorganized Thought & Derealization,Fragmented perceptual reasoning,landmark,1,0.06283185307179587,3.141592653589793,0.19344424626135137,3.141592653589793,25.03125,27.970821380615234,0.8949057898366738,1301.6170654296875
disorganized_thought_and_derealization_0,Disorganized Thought & Derealization,Fragmented perceptual reasoning,landmark,5,0.06283185307179587,3.141592653589793,0.19344424626135137,3.141592653589793,3.125,22.472124099731445,0.1390611757985684,2215.863037109375
disorganized_thought_and_derealization_0,Disorganized Thought & Derealization,Fragmented perceptual reasoning,landmark,7,0.0,0.0,0.0,0.0,0.375,20.701172828674316,0.018114915667027675,3409.06005859375
disorganized_thought_and_derealization_0,Disorganized Thought & Derealization,Fragmented perceptual reasoning,landmark,11,0.0,0.0,0.0,0.0,7.234375,7.234375,1.0,18208.54296875
disorganized_thought_and_derealization_0,Disorganized Thought & Derealization,Fragmented perceptual reasoning,landmark,15,0.06283185307179587,3.141592653589793,0.19344424626135137,3.141592653589793,38.3125,94.27195823192596,0.40640399031220253,25402.50390625
disorganized_thought_and_derealization_0,Disorganized Thought & Derealization,Fragmented perceptual reasoning,landmark,22,0.06283185307179587,3.141592653589793,0.19344424626135137,3.141592653589793,11.875,27.548476219177246,0.4310583244431316,30823.103515625
disorganized_thought_and_derealization_0,Disorganized Thought & Derealization,Fragmented perceptual reasoning,landmark,27,0.06283185307179587,3.141592653589793,0.19344424626135137,3.141592653589793,16.0,85.61152935028076,0.1868907157882413,39357.640625
disorganized_thought_and_derealization_0,Disorganized Thought & Derealization,Fragmented perceptual reasoning,landmark,29,0.06283185307179587,3.141592653589793,0.19344424626135137,3.141592653589793,7.0,23.162842750549316,0.3022081562002571,44739.2578125
disorganized_thought_and_derealization_0,Disorganized Thought & Derealization,Fragmented perceptual reasoning,landmark,1,0.06283185307179587,3.141592653589793,0.19344424626135137,3.141592653589793,25.03125,27.970821380615234,0.8949057898366738,1301.6170654296875
disorganized_thought_and_derealization_0,Disorganized Thought & Derealization,Fragmented perceptual reasoning,landmark,5,0.06283185307179587,3.141592653589793,0.19344424626135137,3.141592653589793,3.125,22.472124099731445,0.1390611757985684,2215.863037109375
disorganized_thought_and_derealization_0,Disorganized Thought & Derealization,Fragmented perceptual reasoning,landmark,7,0.0,0.0,0.0,0.0,0.375,20.701172828674316,0.018114915667027675,3409.06005859375
disorganized_thought_and_derealization_0,Disorganized Thought & Derealization,Fragmented perceptual reasoning,landmark,11,0.0,0.0,0.0,0.0,7.234375,7.234375,1.0,18208.54296875
disorganized_thought_and_derealization_0,Disorganized Thought & Derealization,Fragmented perceptual reasoning,landmark,15,0.06283185307179587,3.141592653589793,0.19344424626135137,3.141592653589793,38.3125,94.27195823192596,0.40640399031220253,25402.50390625
disorganized_thought_and_derealization_0,Disorganized Thought & Derealization,Fragmented perceptual reasoning,landmark,22,0.06283185307179587,3.141592653589793,0.19344424626135137,3.141592653589793,11.875,27.548476219177246,0.4310583244431316,30823.103515625
disorganized_thought_and_derealization_0,Disorganized Thought & Derealization,Fragmented perceptual reasoning,landmark,27,0.06283185307179587,3.141592653589793,0.19344424626135137,3.141592653589793,16.0,85.61152935028076,0.1868907157882413,39357.640625
disorganized_thought_and_derealization_0,Disorganized Thought & Derealization,Fragmented perceptual reasoning,landmark,29,0.06283185307179587,3.141592653589793,0.19344424626135137,3.141592653589793,7.0,23.162842750549316,0.3022081562002571,44739.2578125
disorganized_thought_and_derealization_0,Disorganized Thought & Derealization,Fragmented perceptual reasoning,landmark,1,0.06283185307179587,3.141592653589793,0.19344424626135137,3.141592653589793,25.03125,27.970821380615234,0.8949057898366738,1301.6170654296875
disorganized_thought_and_derealization_0,Disorganized Thought & Derealization,Fragmented perceptual reasoning,landmark,5,0.06283185307179587,3.141592653589793,0.19344424626135137,3.141592653589793,3.125,22.472124099731445,0.1390611757985684,2215.863037109375
disorganized_thought_and_derealization_0,Disorganized Thought & Derealization,Fragmented perceptual reasoning,landmark,7,0.0,0.0,0.0,0.0,0.375,20.701172828674316,0.018114915667027675,3409.06005859375
disorganized_thought_and_derealization_0,Disorganized Thought & Derealization,Fragmented perceptual reasoning,landmark,11,0.0,0.0,0.0,0.0,7.234375,7.234375,1.0,18208.54296875
disorganized_thought_and_derealization_0,Disorganized Thought & Derealization,Fragmented perceptual reasoning,landmark,15,0.06283185307179587,3.141592653589793,0.19344424626135137,3.141592653589793,38.3125,94.27195823192596,0.40640399031220253,25402.50390625
disorganized_thought_and_derealization_0,Disorganized Thought & Derealization,Fragmented perceptual reasoning,landmark,22,0.06283185307179587,3.141592653589793,0.19344424626135137,3.141592653589793,11.875,27.548476219177246,0.4310583244431316,30823.103515625
disorganized_thought_and_derealization_0,Disorganized Thought & Derealization,Fragmented perceptual reasoning,landmark,27,0.06283185307179587,3.141592653589793,0.19344424626135137,3.141592653589793,16.0,85.61152935028076,0.1868907157882413,39357.640625
disorganized_thought_and_derealization_0,Disorganized Thought & Derealization,Fragmented perceptual reasoning,landmark,29,0.06283185307179587,3.141592653589793,0.19344424626135137,3.141592653589793,7.0,23.162842750549316,0.3022081562002571,44739.2578125
disorganized_thought_and_derealization_0,Disorganized Thought & Derealization,Fragmented perceptual reasoning,landmark,1,0.06283185307179587,3.141592653589793,0.19344424626135137,3.141592653589793,25.03125,27.970821380615234,0.8949057898366738,1301.6170654296875
disorganized_thought_and_derealization_0,Disorganized Thought & Derealization,Fragmented perceptual reasoning,landmark,5,0.06283185307179587,3.141592653589793,0.19344424626135137,3.141592653589793,3.125,22.472124099731445,0.1390611757985684,2215.863037109375
disorganized_thought_and_derealization_0,Disorganized Thought & Derealization,Fragmented perceptual reasoning,landmark,7,0.0,0.0,0.0,0.0,0.375,20.701172828674316,0.018114915667027675,3409.06005859375
disorganized_thought_and_derealization_0,Disorganized Thought & Derealization,Fragmented perceptual reasoning,landmark,11,0.0,0.0,0.0,0.0,7.234375,7.234375,1.0,18208.54296875
disorganized_thought_and_derealization_0,Disorganized Thought & Derealization,Fragmented perceptual reasoning,landmark,15,0.06283185307179587,3.141592653589793,0.19344424626135137,3.141592653589793,38.3125,94.27195823192596,0.40640399031220253,25402.50390625
disorganized_thought_and_derealization_0,Disorganized Thought & Derealization,Fragmented perceptual reasoning,landmark,22,0.06283185307179587,3.141592653589793,0.19344424626135137,3.141592653589793,11.875,27.548476219177246,0.4310583244431316,30823.103515625
disorganized_thought_and_derealization_0,Disorganized Thought & Derealization,Fragmented perceptual reasoning,landmark,27,0.06283185307179587,3.141592653589793,0.19344424626135137,3.141592653589793,16.0,85.61152935028076,0.1868907157882413,39357.640625
disorganized_thought_and_derealization_0,Disorganized Thought & Derealization,Fragmented perceptual reasoning,landmark,29,0.06283185307179587,3.141592653589793,0.19344424626135137,3.141592653589793,7.0,23.162842750549316,0.3022081562002571,44739.2578125
disorganized_thought_and_derealization_0,Disorganized Thought & Derealization,Fragmented perceptual reasoning,landmark,1,0.06283185307179587,3.141592653589793,0.19344424626135137,3.141592653589793,25.03125,27.970821380615234,0.8949057898366738,1301.6170654296875
disorganized_thought_and_derealization_0,Disorganized Thought & Derealization,Fragmented perceptual reasoning,landmark,5,0.06283185307179587,3.141592653589793,0.19344424626135137,3.141592653589793,3.125,22.472124099731445,0.1390611757985684,2215.863037109375
disorganized_thought_and_derealization_0,Disorganized Thought & Derealization,Fragmented perceptual reasoning,landmark,7,0.0,0.0,0.0,0.0,0.375,20.701172828674316,0.018114915667027675,3409.06005859375
disorganized_thought_and_derealization_0,Disorganized Thought & Derealization,Fragmented perceptual reasoning,landmark,11,0.0,0.0,0.0,0.0,7.234375,7.234375,1.0,18208.54296875
disorganized_thought_and_derealization_0,Disorganized Thought & Derealization,Fragmented perceptual reasoning,landmark,15,0.06283185307179587,3.141592653589793,0.19344424626135137,3.141592653589793,38.3125,94.27195823192596,0.40640399031220253,25402.50390625
disorganized_thought_and_derealization_0,Disorganized Thought & Derealization,Fragmented perceptual reasoning,landmark,22,0.06283185307179587,3.141592653589793,0.19344424626135137,3.141592653589793,11.875,27.548476219177246,0.4310583244431316,30823.103515625
disorganized_thought_and_derealization_0,Disorganized Thought & Derealization,Fragmented perceptual reasoning,landmark,27,0.06283185307179587,3.141592653589793,0.19344424626135137,3.141592653589793,16.0,85.61152935028076,0.1868907157882413,39357.640625
disorganized_thought_and_derealization_0,Disorganized Thought & Derealization,Fragmented perceptual reasoning,landmark,29,0.06283185307179587,3.141592653589793,0.19344424626135137,3.141592653589793,7.0,23.162842750549316,0.3022081562002571,44739.2578125
disorganized_thought_and_derealization_0,Disorganized Thought & Derealization,Fragmented perceptual reasoning,landmark,1,0.06283185307179587,3.141592653589793,0.19344424626135137,3.141592653589793,25.03125,27.970821380615234,0.8949057898366738,1301.6170654296875
disorganized_thought_and_derealization_0,Disorganized Thought & Derealization,Fragmented perceptual reasoning,landmark,5,0.06283185307179587,3.141592653589793,0.19344424626135137,3.141592653589793,3.125,22.472124099731445,0.1390611757985684,2215.863037109375
disorganized_thought_and_derealization_0,Disorganized Thought & Derealization,Fragmented perceptual reasoning,landmark,7,0.0,0.0,0.0,0.0,0.375,20.701172828674316,0.018114915667027675,3409.06005859375
disorganized_thought_and_derealization_0,Disorganized Thought & Derealization,Fragmented perceptual reasoning,landmark,11,0.0,0.0,0.0,0.0,7.234375,7.234375,1.0,18208.54296875
disorganized_thought_and_derealization_0,Disorganized Thought & Derealization,Fragmented perceptual reasoning,landmark,15,0.06283185307179587,3.141592653589793,0.19344424626135137,3.141592653589793,38.3125,94.27195823192596,0.40640399031220253,25402.50390625
disorganized_thought_and_derealization_0,Disorganized Thought & Derealization,Fragmented perceptual reasoning,landmark,22,0.06283185307179587,3.141592653589793,0.19344424626135137,3.141592653589793,11.875,27.548476219177246,0.4310583244431316,30823.103515625
disorganized_thought_and_derealization_0,Disorganized Thought & Derealization,Fragmented perceptual reasoning,landmark,27,0.06283185307179587,3.141592653589793,0.19344424626135137,3.141592653589793,16.0,85.61152935028076,0.1868907157882413,39357.640625
disorganized_thought_and_derealization_0,Disorganized Thought & Derealization,Fragmented perceptual reasoning,landmark,29,0.06283185307179587,3.141592653589793,0.19344424626135137,3.141592653589793,7.0,23.162842750549316,0.3022081562002571,44739.2578125
disorganized_thought_and_derealization_0,Disorganized Thought & Derealization,Fragmented perceptual reasoning,landmark,1,0.06283185307179587,3.141592653589793,0.19344424626135137,3.141592653589793,25.03125,27.970821380615234,0.8949057898366738,1301.6170654296875
disorganized_thought_and_derealization_0,Disorganized Thought & Derealization,Fragmented perceptual reasoning,landmark,5,0.06283185307179587,3.141592653589793,0.19344424626135137,3.141592653589793,3.125,22.472124099731445,0.1390611757985684,2215.863037109375
disorganized_thought_and_derealization_0,Disorganized Thought & Derealization,Fragmented perceptual reasoning,landmark,7,0.0,0.0,0.0,0.0,0.375,20.701172828674316,0.018114915667027675,3409.06005859375
disorganized_thought_and_derealization_0,Disorganized Thought & Derealization,Fragmented perceptual reasoning,landmark,11,0.0,0.0,0.0,0.0,7.234375,7.234375,1.0,18208.54296875
disorganized_thought_and_derealization_0,Disorganized Thought & Derealization,Fragmented perceptual reasoning,landmark,15,0.06283185307179587,3.141592653589793,0.19344424626135137,3.141592653589793,38.3125,94.27195823192596,0.40640399031220253,25402.50390625
disorganized_thought_and_derealization_0,Disorganized Thought & Derealization,Fragmented perceptual reasoning,landmark,22,0.06283185307179587,3.141592653589793,0.19344424626135137,3.141592653589793,11.875,27.548476219177246,0.4310583244431316,30823.103515625
disorganized_thought_and_derealization_0,Disorganized Thought & Derealization,Fragmented perceptual reasoning,landmark,27,0.06283185307179587,3.141592653589793,0.19344424626135137,3.141592653589793,16.0,85.61152935028076,0.1868907157882413,39357.640625
disorganized_thought_and_derealization_0,Disorganized Thought & Derealization,Fragmented perceptual reasoning,landmark,29,0.06283185307179587,3.141592653589793,0.19344424626135137,3.141592653589793,7.0,23.162842750549316,0.3022081562002571,44739.2578125
disorganized_thought_and_derealization_0,Disorganized Thought & Derealization,Fragmented perceptual reasoning,landmark,1,0.06283185307179587,3.141592653589793,0.19344424626135137,3.141592653589793,25.03125,27.970821380615234,0.8949057898366738,1301.6170654296875
disorganized_thought_and_derealization_0,Disorganized Thought & Derealization,Fragmented perceptual reasoning,landmark,5,0.06283185307179587,3.141592653589793,0.19344424626135137,3.141592653589793,3.125,22.472124099731445,0.1390611757985684,2215.863037109375
disorganized_thought_and_derealization_0,Disorganized Thought & Derealization,Fragmented perceptual reasoning,landmark,7,0.0,0.0,0.0,0.0,0.375,20.701172828674316,0.018114915667027675,3409.06005859375
disorganized_thought_and_derealization_0,Disorganized Thought & Derealization,Fragmented perceptual reasoning,landmark,11,0.0,0.0,0.0,0.0,7.234375,7.234375,1.0,18208.54296875
disorganized_thought_and_derealization_0,Disorganized Thought & Derealization,Fragmented perceptual reasoning,landmark,15,0.06283185307179587,3.141592653589793,0.19344424626135137,3.141592653589793,38.3125,94.27195823192596,0.40640399031220253,25402.50390625
disorganized_thought_and_derealization_0,Disorganized Thought & Derealization,Fragmented perceptual reasoning,landmark,22,0.06283185307179587,3.141592653589793,0.19344424626135137,3.141592653589793,11.875,27.548476219177246,0.4310583244431316,30823.103515625
disorganized_thought_and_derealization_0,Disorganized Thought & Derealization,Fragmented perceptual reasoning,landmark,27,0.06283185307179587,3.141592653589793,0.19344424626135137,3.141592653589793,16.0,85.61152935028076,0.1868907157882413,39357.640625
disorganized_thought_and_derealization_0,Disorganized Thought & Derealization,Fragmented perceptual reasoning,landmark,29,0.06283185307179587,3.141592653589793,0.19344424626135137,3.141592653589793,7.0,23.162842750549316,0.3022081562002571,44739.2578125
disorganized_thought_and_derealization_0,Disorganized Thought & Derealization,Fragmented perceptual reasoning,landmark,1,0.06283185307179587,3.141592653589793,0.19344424626135137,3.141592653589793,25.03125,27.970821380615234,0.8949057898366738,1301.6170654296875
disorganized_thought_and_derealization_0,Disorganized Thought & Derealization,Fragmented perceptual reasoning,landmark,5,0.06283185307179587,3.141592653589793,0.19344424626135137,3.141592653589793,3.125,22.472124099731445,0.1390611757985684,2215.863037109375
disorganized_thought_and_derealization_0,Disorganized Thought & Derealization,Fragmented perceptual reasoning,landmark,7,0.0,0.0,0.0,0.0,0.375,20.701172828674316,0.018114915667027675,3409.06005859375
disorganized_thought_and_derealization_0,Disorganized Thought & Derealization,Fragmented perceptual reasoning,landmark,11,0.0,0.0,0.0,0.0,7.234375,7.234375,1.0,18208.54296875
disorganized_thought_and_derealization_0,Disorganized Thought & Derealization,Fragmented perceptual reasoning,landmark,15,0.06283185307179587,3.141592653589793,0.19344424626135137,3.141592653589793,38.3125,94.27195823192596,0.40640399031220253,25402.50390625
disorganized_thought_and_derealization_0,Disorganized Thought & Derealization,Fragmented perceptual reasoning,landmark,22,0.06283185307179587,3.141592653589793,0.19344424626135137,3.141592653589793,11.875,27.548476219177246,0.4310583244431316,30823.103515625
disorganized_thought_and_derealization_0,Disorganized Thought & Derealization,Fragmented perceptual reasoning,landmark,27,0.06283185307179587,3.141592653589793,0.19344424626135137,3.141592653589793,16.0,85.61152935028076,0.1868907157882413,39357.640625
disorganized_thought_and_derealization_0,Disorganized Thought & Derealization,Fragmented perceptual reasoning,landmark,29,0.06283185307179587,3.141592653589793,0.19344424626135137,3.141592653589793,7.0,23.162842750549316,0.3022081562002571,44739.2578125
disorganized_thought_and_derealization_0,Disorganized Thought & Derealization,Fragmented perceptual reasoning,landmark,1,0.06283185307179587,3.141592653589793,0.19344424626135137,3.141592653589793,25.03125,27.970821380615234,0.8949057898366738,1301.6170654296875
disorganized_thought_and_derealization_0,Disorganized Thought & Derealization,Fragmented perceptual reasoning,landmark,5,0.06283185307179587,3.141592653589793,0.19344424626135137,3.141592653589793,3.125,22.472124099731445,0.1390611757985684,2215.863037109375
disorganized_thought_and_derealization_0,Disorganized Thought & Derealization,Fragmented perceptual reasoning,landmark,7,0.0,0.0,0.0,0.0,0.375,20.701172828674316,0.018114915667027675,3409.06005859375
disorganized_thought_and_derealization_0,Disorganized Thought & Derealization,Fragmented perceptual reasoning,landmark,11,0.0,0.0,0.0,0.0,7.234375,7.234375,1.0,18208.54296875
disorganized_thought_and_derealization_0,Disorganized Thought & Derealization,Fragmented perceptual reasoning,landmark,15,0.06283185307179587,3.141592653589793,0.19344424626135137,3.141592653589793,38.3125,94.27195823192596,0.40640399031220253,25402.50390625
disorganized_thought_and_derealization_0,Disorganized Thought & Derealization,Fragmented perceptual reasoning,landmark,22,0.06283185307179587,3.141592653589793,0.19344424626135137,3.141592653589793,11.875,27.548476219177246,0.4310583244431316,30823.103515625
disorganized_thought_and_derealization_0,Disorganized Thought & Derealization,Fragmented perceptual reasoning,landmark,27,0.06283185307179587,3.141592653589793,0.19344424626135137,3.141592653589793,16.0,85.61152935028076,0.1868907157882413,39357.640625
disorganized_thought_and_derealization_0,Disorganized Thought & Derealization,Fragmented perceptual reasoning,landmark,29,0.06283185307179587,3.141592653589793,0.19344424626135137,3.141592653589793,7.0,23.162842750549316,0.3022081562002571,44739.2578125
disorganized_thought_and_derealization_0,Disorganized Thought & Derealization,Fragmented perceptual reasoning,landmark,1,0.06283185307179587,3.141592653589793,0.19344424626135137,3.141592653589793,25.03125,27.970821380615234,0.8949057898366738,1301.6170654296875
disorganized_thought_and_derealization_0,Disorganized Thought & Derealization,Fragmented perceptual reasoning,landmark,5,0.06283185307179587,3.141592653589793,0.19344424626135137,3.141592653589793,3.125,22.472124099731445,0.1390611757985684,2215.863037109375
disorganized_thought_and_derealization_0,Disorganized Thought & Derealization,Fragmented perceptual reasoning,landmark,7,0.0,0.0,0.0,0.0,0.375,20.701172828674316,0.018114915667027675,3409.06005859375
disorganized_thought_and_derealization_0,Disorganized Thought & Derealization,Fragmented perceptual reasoning,landmark,11,0.0,0.0,0.0,0.0,7.234375,7.234375,1.0,18208.54296875
disorganized_thought_and_derealization_0,Disorganized Thought & Derealization,Fragmented perceptual reasoning,landmark,15,0.06283185307179587,3.141592653589793,0.19344424626135137,3.141592653589793,38.3125,94.27195823192596,0.40640399031220253,25402.50390625
disorganized_thought_and_derealization_0,Disorganized Thought & Derealization,Fragmented perceptual reasoning,landmark,22,0.06283185307179587,3.141592653589793,0.19344424626135137,3.141592653589793,11.875,27.548476219177246,0.4310583244431316,30823.103515625
disorganized_thought_and_derealization_0,Disorganized Thought & Derealization,Fragmented perceptual reasoning,landmark,27,0.06283185307179587,3.141592653589793,0.19344424626135137,3.141592653589793,16.0,85.61152935028076,0.1868907157882413,39357.640625
disorganized_thought_and_derealization_0,Disorganized Thought & Derealization,Fragmented perceptual reasoning,landmark,29,0.06283185307179587,3.141592653589793,0.19344424626135137,3.141592653589793,7.0,23.162842750549316,0.3022081562002571,44739.2578125
disorganized_thought_and_derealization_0,Disorganized Thought & Derealization,Fragmented perceptual reasoning,landmark,1,0.06283185307179587,3.141592653589793,0.19344424626135137,3.141592653589793,25.03125,27.970821380615234,0.8949057898366738,1301.6170654296875
disorganized_thought_and_derealization_0,Disorganized Thought & Derealization,Fragmented perceptual reasoning,landmark,5,0.06283185307179587,3.141592653589793,0.19344424626135137,3.141592653589793,3.125,22.472124099731445,0.1390611757985684,2215.863037109375
disorganized_thought_and_derealization_0,Disorganized Thought & Derealization,Fragmented perceptual reasoning,landmark,7,0.0,0.0,0.0,0.0,0.375,20.701172828674316,0.018114915667027675,3409.06005859375
disorganized_thought_and_derealization_0,Disorganized Thought & Derealization,Fragmented perceptual reasoning,landmark,11,0.0,0.0,0.0,0.0,7.234375,7.234375,1.0,18208.54296875
disorganized_thought_and_derealization_0,Disorganized Thought & Derealization,Fragmented perceptual reasoning,landmark,15,0.06283185307179587,3.141592653589793,0.19344424626135137,3.141592653589793,38.3125,94.27195823192596,0.40640399031220253,25402.50390625
disorganized_thought_and_derealization_0,Disorganized Thought & Derealization,Fragmented perceptual reasoning,landmark,22,0.06283185307179587,3.141592653589793,0.19344424626135137,3.141592653589793,11.875,27.548476219177246,0.4310583244431316,30823.103515625
disorganized_thought_and_derealization_0,Disorganized Thought & Derealization,Fragmented perceptual reasoning,landmark,27,0.06283185307179587,3.141592653589793,0.19344424626135137,3.141592653589793,16.0,85.61152935028076,0.1868907157882413,39357.640625
disorganized_thought_and_derealization_0,Disorganized Thought & Derealization,Fragmented perceptual reasoning,landmark,29,0.06283185307179587,3.141592653589793,0.19344424626135137,3.141592653589793,7.0,23.162842750549316,0.3022081562002571,44739.2578125
disorganized_thought_and_derealization_0,Disorganized Thought & Derealization,Fragmented perceptual reasoning,landmark,1,0.06283185307179587,3.141592653589793,0.19344424626135137,3.141592653589793,25.03125,27.970821380615234,0.8949057898366738,1301.6170654296875
disorganized_thought_and_derealization_0,Disorganized Thought & Derealization,Fragmented perceptual reasoning,landmark,5,0.06283185307179587,3.141592653589793,0.19344424626135137,3.141592653589793,3.125,22.472124099731445,0.1390611757985684,2215.863037109375
disorganized_thought_and_derealization_0,Disorganized Thought & Derealization,Fragmented perceptual reasoning,landmark,7,0.0,0.0,0.0,0.0,0.375,20.701172828674316,0.018114915667027675,3409.06005859375
disorganized_thought_and_derealization_0,Disorganized Thought & Derealization,Fragmented perceptual reasoning,landmark,11,0.0,0.0,0.0,0.0,7.234375,7.234375,1.0,18208.54296875
disorganized_thought_and_derealization_0,Disorganized Thought & Derealization,Fragmented perceptual reasoning,landmark,15,0.06283185307179587,3.141592653589793,0.19344424626135137,3.141592653589793,38.3125,94.27195823192596,0.40640399031220253,25402.50390625
disorganized_thought_and_derealization_0,Disorganized Thought & Derealization,Fragmented perceptual reasoning,landmark,22,0.06283185307179587,3.141592653589793,0.19344424626135137,3.141592653589793,11.875,27.548476219177246,0.4310583244431316,30823.103515625
disorganized_thought_and_derealization_0,Disorganized Thought & Derealization,Fragmented perceptual reasoning,landmark,27,0.06283185307179587,3.141592653589793,0.19344424626135137,3.141592653589793,16.0,85.61152935028076,0.1868907157882413,39357.640625
disorganized_thought_and_derealization_0,Disorganized Thought & Derealization,Fragmented perceptual reasoning,landmark,29,0.06283185307179587,3.141592653589793,0.19344424626135137,3.141592653589793,7.0,23.162842750549316,0.3022081562002571,44739.2578125
disorganized_thought_and_derealization_0,Disorganized Thought & Derealization,Fragmented perceptual reasoning,landmark,1,0.06283185307179587,3.141592653589793,0.19344424626135137,3.141592653589793,25.03125,27.970821380615234,0.8949057898366738,1301.6170654296875
disorganized_thought_and_derealization_0,Disorganized Thought & Derealization,Fragmented perceptual reasoning,landmark,5,0.06283185307179587,3.141592653589793,0.19344424626135137,3.141592653589793,3.125,22.472124099731445,0.1390611757985684,2215.863037109375
disorganized_thought_and_derealization_0,Disorganized Thought & Derealization,Fragmented perceptual reasoning,landmark,7,0.0,0.0,0.0,0.0,0.375,20.701172828674316,0.018114915667027675,3409.06005859375
disorganized_thought_and_derealization_0,Disorganized Thought & Derealization,Fragmented perceptual reasoning,landmark,11,0.0,0.0,0.0,0.0,7.234375,7.234375,1.0,18208.54296875
disorganized_thought_and_derealization_0,Disorganized Thought & Derealization,Fragmented perceptual reasoning,landmark,15,0.06283185307179587,3.141592653589793,0.19344424626135137,3.141592653589793,38.3125,94.27195823192596,0.40640399031220253,25402.50390625
disorganized_thought_and_derealization_0,Disorganized Thought & Derealization,Fragmented perceptual reasoning,landmark,22,0.06283185307179587,3.141592653589793,0.19344424626135137,3.141592653589793,11.875,27.548476219177246,0.4310583244431316,30823.103515625
disorganized_thought_and_derealization_0,Disorganized Thought & Derealization,Fragmented perceptual reasoning,landmark,27,0.06283185307179587,3.141592653589793,0.19344424626135137,3.141592653589793,16.0,85.61152935028076,0.1868907157882413,39357.640625
disorganized_thought_and_derealization_0,Disorganized Thought & Derealization,Fragmented perceptual reasoning,landmark,29,0.06283185307179587,3.141592653589793,0.19344424626135137,3.141592653589793,7.0,23.162842750549316,0.3022081562002571,44739.2578125
disorganized_thought_and_derealization_0,Disorganized Thought & Derealization,Fragmented perceptual reasoning,landmark,1,0.06283185307179587,3.141592653589793,0.19344424626135137,3.141592653589793,25.03125,27.970821380615234,0.8949057898366738,1301.6170654296875
disorganized_thought_and_derealization_0,Disorganized Thought & Derealization,Fragmented perceptual reasoning,landmark,5,0.06283185307179587,3.141592653589793,0.19344424626135137,3.141592653589793,3.125,22.472124099731445,0.1390611757985684,2215.863037109375
disorganized_thought_and_derealization_0,Disorganized Thought & Derealization,Fragmented perceptual reasoning,landmark,7,0.0,0.0,0.0,0.0,0.375,20.701172828674316,0.018114915667027675,3409.06005859375
disorganized_thought_and_derealization_0,Disorganized Thought & Derealization,Fragmented perceptual reasoning,landmark,11,0.0,0.0,0.0,0.0,7.234375,7.234375,1.0,18208.54296875
disorganized_thought_and_derealization_0,Disorganized Thought & Derealization,Fragmented perceptual reasoning,landmark,15,0.06283185307179587,3.141592653589793,0.19344424626135137,3.141592653589793,38.3125,94.27195823192596,0.40640399031220253,25402.50390625
disorganized_thought_and_derealization_0,Disorganized Thought & Derealization,Fragmented perceptual reasoning,landmark,22,0.06283185307179587,3.141592653589793,0.19344424626135137,3.141592653589793,11.875,27.548476219177246,0.4310583244431316,30823.103515625
disorganized_thought_and_derealization_0,Disorganized Thought & Derealization,Fragmented perceptual reasoning,landmark,27,0.06283185307179587,3.141592653589793,0.19344424626135137,3.141592653589793,16.0,85.61152935028076,0.1868907157882413,39357.640625
disorganized_thought_and_derealization_0,Disorganized Thought & Derealization,Fragmented perceptual reasoning,landmark,29,0.06283185307179587,3.141592653589793,0.19344424626135137,3.141592653589793,7.0,23.162842750549316,0.3022081562002571,44739.2578125
disorganized_thought_and_derealization_0,Disorganized Thought & Derealization,Fragmented perceptual reasoning,landmark,1,0.06283185307179587,3.141592653589793,0.19344424626135137,3.141592653589793,25.03125,27.970821380615234,0.8949057898366738,1301.6170654296875
disorganized_thought_and_derealization_0,Disorganized Thought & Derealization,Fragmented perceptual reasoning,landmark,5,0.06283185307179587,3.141592653589793,0.19344424626135137,3.141592653589793,3.125,22.472124099731445,0.1390611757985684,2215.863037109375
disorganized_thought_and_derealization_0,Disorganized Thought & Derealization,Fragmented perceptual reasoning,landmark,7,0.0,0.0,0.0,0.0,0.375,20.701172828674316,0.018114915667027675,3409.06005859375
disorganized_thought_and_derealization_0,Disorganized Thought & Derealization,Fragmented perceptual reasoning,landmark,11,0.0,0.0,0.0,0.0,7.234375,7.234375,1.0,18208.54296875
disorganized_thought_and_derealization_0,Disorganized Thought & Derealization,Fragmented perceptual reasoning,landmark,15,0.06283185307179587,3.141592653589793,0.19344424626135137,3.141592653589793,38.3125,94.27195823192596,0.40640399031220253,25402.50390625
disorganized_thought_and_derealization_0,Disorganized Thought & Derealization,Fragmented perceptual reasoning,landmark,22,0.06283185307179587,3.141592653589793,0.19344424626135137,3.141592653589793,11.875,27.548476219177246,0.4310583244431316,30823.103515625
disorganized_thought_and_derealization_0,Disorganized Thought & Derealization,Fragmented perceptual reasoning,landmark,27,0.06283185307179587,3.141592653589793,0.19344424626135137,3.141592653589793,16.0,85.61152935028076,0.1868907157882413,39357.640625
disorganized_thought_and_derealization_0,Disorganized Thought & Derealization,Fragmented perceptual reasoning,landmark,29,0.06283185307179587,3.141592653589793,0.19344424626135137,3.141592653589793,7.0,23.162842750549316,0.3022081562002571,44739.2578125
disorganized_thought_and_derealization_0,Disorganized Thought & Derealization,Fragmented perceptual reasoning,landmark,1,0.06283185307179587,3.141592653589793,0.19344424626135137,3.141592653589793,25.03125,27.970821380615234,0.8949057898366738,1301.6170654296875
disorganized_thought_and_derealization_0,Disorganized Thought & Derealization,Fragmented perceptual reasoning,landmark,5,0.06283185307179587,3.141592653589793,0.19344424626135137,3.141592653589793,3.125,22.472124099731445,0.1390611757985684,2215.863037109375
disorganized_thought_and_derealization_0,Disorganized Thought & Derealization,Fragmented perceptual reasoning,landmark,7,0.0,0.0,0.0,0.0,0.375,20.701172828674316,0.018114915667027675,3409.06005859375
disorganized_thought_and_derealization_0,Disorganized Thought & Derealization,Fragmented perceptual reasoning,landmark,11,0.0,0.0,0.0,0.0,7.234375,7.234375,1.0,18208.54296875
disorganized_thought_and_derealization_0,Disorganized Thought & Derealization,Fragmented perceptual reasoning,landmark,15,0.06283185307179587,3.141592653589793,0.19344424626135137,3.141592653589793,38.3125,94.27195823192596,0.40640399031220253,25402.50390625
disorganized_thought_and_derealization_0,Disorganized Thought & Derealization,Fragmented perceptual reasoning,landmark,22,0.06283185307179587,3.141592653589793,0.19344424626135137,3.141592653589793,11.875,27.548476219177246,0.4310583244431316,30823.103515625
disorganized_thought_and_derealization_0,Disorganized Thought & Derealization,Fragmented perceptual reasoning,landmark,27,0.06283185307179587,3.141592653589793,0.19344424626135137,3.141592653589793,16.0,85.61152935028076,0.1868907157882413,39357.640625
disorganized_thought_and_derealization_0,Disorganized Thought & Derealization,Fragmented perceptual reasoning,landmark,29,0.06283185307179587,3.141592653589793,0.19344424626135137,3.141592653589793,7.0,23.162842750549316,0.3022081562002571,44739.2578125
disorganized_thought_and_derealization_0,Disorganized Thought & Derealization,Fragmented perceptual reasoning,landmark,1,0.06283185307179587,3.141592653589793,0.19344424626135137,3.141592653589793,25.03125,27.970821380615234,0.8949057898366738,1301.6170654296875
disorganized_thought_and_derealization_0,Disorganized Thought & Derealization,Fragmented perceptual reasoning,landmark,5,0.06283185307179587,3.141592653589793,0.19344424626135137,3.141592653589793,3.125,22.472124099731445,0.1390611757985684,2215.863037109375
disorganized_thought_and_derealization_0,Disorganized Thought & Derealization,Fragmented perceptual reasoning,landmark,7,0.0,0.0,0.0,0.0,0.375,20.701172828674316,0.018114915667027675,3409.06005859375
disorganized_thought_and_derealization_0,Disorganized Thought & Derealization,Fragmented perceptual reasoning,landmark,11,0.0,0.0,0.0,0.0,7.234375,7.234375,1.0,18208.54296875
disorganized_thought_and_derealization_0,Disorganized Thought & Derealization,Fragmented perceptual reasoning,landmark,15,0.06283185307179587,3.141592653589793,0.19344424626135137,3.141592653589793,38.3125,94.27195823192596,0.40640399031220253,25402.50390625
disorganized_thought_and_derealization_0,Disorganized Thought & Derealization,Fragmented perceptual reasoning,landmark,22,0.06283185307179587,3.141592653589793,0.19344424626135137,3.141592653589793,11.875,27.548476219177246,0.4310583244431316,30823.103515625
disorganized_thought_and_derealization_0,Disorganized Thought & Derealization,Fragmented perceptual reasoning,landmark,27,0.06283185307179587,3.141592653589793,0.19344424626135137,3.141592653589793,16.0,85.61152935028076,0.1868907157882413,39357.640625
disorganized_thought_and_derealization_0,Disorganized Thought & Derealization,Fragmented perceptual reasoning,landmark,29,0.06283185307179587,3.141592653589793,0.19344424626135137,3.141592653589793,7.0,23.162842750549316,0.3022081562002571,44739.2578125
disorganized_thought_and_derealization_0,Disorganized Thought & Derealization,Fragmented perceptual reasoning,landmark,1,0.06283185307179587,3.141592653589793,0.19344424626135137,3.141592653589793,25.03125,27.970821380615234,0.8949057898366738,1301.6170654296875
disorganized_thought_and_derealization_0,Disorganized Thought & Derealization,Fragmented perceptual reasoning,landmark,5,0.06283185307179587,3.141592653589793,0.19344424626135137,3.141592653589793,3.125,22.472124099731445,0.1390611757985684,2215.863037109375
disorganized_thought_and_derealization_0,Disorganized Thought & Derealization,Fragmented perceptual reasoning,landmark,7,0.0,0.0,0.0,0.0,0.375,20.701172828674316,0.018114915667027675,3409.06005859375
disorganized_thought_and_derealization_0,Disorganized Thought & Derealization,Fragmented perceptual reasoning,landmark,11,0.0,0.0,0.0,0.0,7.234375,7.234375,1.0,18208.54296875
disorganized_thought_and_derealization_0,Disorganized Thought & Derealization,Fragmented perceptual reasoning,landmark,15,0.06283185307179587,3.141592653589793,0.19344424626135137,3.141592653589793,38.3125,94.27195823192596,0.40640399031220253,25402.50390625
disorganized_thought_and_derealization_0,Disorganized Thought & Derealization,Fragmented perceptual reasoning,landmark,22,0.06283185307179587,3.141592653589793,0.19344424626135137,3.141592653589793,11.875,27.548476219177246,0.4310583244431316,30823.103515625
disorganized_thought_and_derealization_0,Disorganized Thought & Derealization,Fragmented perceptual reasoning,landmark,27,0.06283185307179587,3.141592653589793,0.19344424626135137,3.141592653589793,16.0,85.61152935028076,0.1868907157882413,39357.640625
disorganized_thought_and_derealization_0,Disorganized Thought & Derealization,Fragmented perceptual reasoning,landmark,29,0.06283185307179587,3.141592653589793,0.19344424626135137,3.141592653589793,7.0,23.162842750549316,0.3022081562002571,44739.2578125
disorganized_thought_and_derealization_0,Disorganized Thought & Derealization,Fragmented perceptual reasoning,landmark,1,0.06283185307179587,3.141592653589793,0.19344424626135137,3.141592653589793,25.03125,27.970821380615234,0.8949057898366738,1301.6170654296875
disorganized_thought_and_derealization_0,Disorganized Thought & Derealization,Fragmented perceptual reasoning,landmark,5,0.06283185307179587,3.141592653589793,0.19344424626135137,3.141592653589793,3.125,22.472124099731445,0.1390611757985684,2215.863037109375
disorganized_thought_and_derealization_0,Disorganized Thought & Derealization,Fragmented perceptual reasoning,landmark,7,0.0,0.0,0.0,0.0,0.375,20.701172828674316,0.018114915667027675,3409.06005859375
disorganized_thought_and_derealization_0,Disorganized Thought & Derealization,Fragmented perceptual reasoning,landmark,11,0.0,0.0,0.0,0.0,7.234375,7.234375,1.0,18208.54296875
disorganized_thought_and_derealization_0,Disorganized Thought & Derealization,Fragmented perceptual reasoning,landmark,15,0.06283185307179587,3.141592653589793,0.19344424626135137,3.141592653589793,38.3125,94.27195823192596,0.40640399031220253,25402.50390625
disorganized_thought_and_derealization_0,Disorganized Thought & Derealization,Fragmented perceptual reasoning,landmark,22,0.06283185307179587,3.141592653589793,0.19344424626135137,3.141592653589793,11.875,27.548476219177246,0.4310583244431316,30823.103515625
disorganized_thought_and_derealization_0,Disorganized Thought & Derealization,Fragmented perceptual reasoning,landmark,27,0.06283185307179587,3.141592653589793,0.19344424626135137,3.141592653589793,16.0,85.61152935028076,0.1868907157882413,39357.640625
disorganized_thought_and_derealization_0,Disorganized Thought & Derealization,Fragmented perceptual reasoning,landmark,29,0.06283185307179587,3.141592653589793,0.19344424626135137,3.141592653589793,7.0,23.162842750549316,0.3022081562002571,44739.2578125
disorganized_thought_and_derealization_0,Disorganized Thought & Derealization,Fragmented perceptual reasoning,landmark,1,0.06283185307179587,3.141592653589793,0.19344424626135137,3.141592653589793,25.03125,27.970821380615234,0.8949057898366738,1301.6170654296875
disorganized_thought_and_derealization_0,Disorganized Thought & Derealization,Fragmented perceptual reasoning,landmark,5,0.06283185307179587,3.141592653589793,0.19344424626135137,3.141592653589793,3.125,22.472124099731445,0.1390611757985684,2215.863037109375
disorganized_thought_and_derealization_0,Disorganized Thought & Derealization,Fragmented perceptual reasoning,landmark,7,0.0,0.0,0.0,0.0,0.375,20.701172828674316,0.018114915667027675,3409.06005859375
disorganized_thought_and_derealization_0,Disorganized Thought & Derealization,Fragmented perceptual reasoning,landmark,11,0.0,0.0,0.0,0.0,7.234375,7.234375,1.0,18208.54296875
disorganized_thought_and_derealization_0,Disorganized Thought & Derealization,Fragmented perceptual reasoning,landmark,15,0.06283185307179587,3.141592653589793,0.19344424626135137,3.141592653589793,38.3125,94.27195823192596,0.40640399031220253,25402.50390625
disorganized_thought_and_derealization_0,Disorganized Thought & Derealization,Fragmented perceptual reasoning,landmark,22,0.06283185307179587,3.141592653589793,0.19344424626135137,3.141592653589793,11.875,27.548476219177246,0.4310583244431316,30823.103515625
disorganized_thought_and_derealization_0,Disorganized Thought & Derealization,Fragmented perceptual reasoning,landmark,27,0.06283185307179587,3.141592653589793,0.19344424626135137,3.141592653589793,16.0,85.61152935028076,0.1868907157882413,39357.640625
disorganized_thought_and_derealization_0,Disorganized Thought & Derealization,Fragmented perceptual reasoning,landmark,29,0.06283185307179587,3.141592653589793,0.19344424626135137,3.141592653589793,7.0,23.162842750549316,0.3022081562002571,44739.2578125
disorganized_thought_and_derealization_0,Disorganized Thought & Derealization,Fragmented perceptual reasoning,landmark,1,0.06283185307179587,3.141592653589793,0.19344424626135137,3.141592653589793,25.03125,27.970821380615234,0.8949057898366738,1301.6170654296875
disorganized_thought_and_derealization_0,Disorganized Thought & Derealization,Fragmented perceptual reasoning,landmark,5,0.06283185307179587,3.141592653589793,0.19344424626135137,3.141592653589793,3.125,22.472124099731445,0.1390611757985684,2215.863037109375
disorganized_thought_and_derealization_0,Disorganized Thought & Derealization,Fragmented perceptual reasoning,landmark,7,0.0,0.0,0.0,0.0,0.375,20.701172828674316,0.018114915667027675,3409.06005859375
disorganized_thought_and_derealization_0,Disorganized Thought & Derealization,Fragmented perceptual reasoning,landmark,11,0.0,0.0,0.0,0.0,7.234375,7.234375,1.0,18208.54296875
disorganized_thought_and_derealization_0,Disorganized Thought & Derealization,Fragmented perceptual reasoning,landmark,15,0.06283185307179587,3.141592653589793,0.19344424626135137,3.141592653589793,38.3125,94.27195823192596,0.40640399031220253,25402.50390625
disorganized_thought_and_derealization_0,Disorganized Thought & Derealization,Fragmented perceptual reasoning,landmark,22,0.06283185307179587,3.141592653589793,0.19344424626135137,3.141592653589793,11.875,27.548476219177246,0.4310583244431316,30823.103515625
disorganized_thought_and_derealization_0,Disorganized Thought & Derealization,Fragmented perceptual reasoning,landmark,27,0.06283185307179587,3.141592653589793,0.19344424626135137,3.141592653589793,16.0,85.61152935028076,0.1868907157882413,39357.640625
disorganized_thought_and_derealization_0,Disorganized Thought & Derealization,Fragmented perceptual reasoning,landmark,29,0.06283185307179587,3.141592653589793,0.19344424626135137,3.141592653589793,7.0,23.162842750549316,0.3022081562002571,44739.2578125
disorganized_thought_and_derealization_0,Disorganized Thought & Derealization,Fragmented perceptual reasoning,landmark,1,0.06283185307179587,3.141592653589793,0.19344424626135137,3.141592653589793,25.03125,27.970821380615234,0.8949057898366738,1301.6170654296875
disorganized_thought_and_derealization_0,Disorganized Thought & Derealization,Fragmented perceptual reasoning,landmark,5,0.06283185307179587,3.141592653589793,0.19344424626135137,3.141592653589793,3.125,22.472124099731445,0.1390611757985684,2215.863037109375
disorganized_thought_and_derealization_0,Disorganized Thought & Derealization,Fragmented perceptual reasoning,landmark,7,0.0,0.0,0.0,0.0,0.375,20.701172828674316,0.018114915667027675,3409.06005859375
disorganized_thought_and_derealization_0,Disorganized Thought & Derealization,Fragmented perceptual reasoning,landmark,11,0.0,0.0,0.0,0.0,7.234375,7.234375,1.0,18208.54296875
disorganized_thought_and_derealization_0,Disorganized Thought & Derealization,Fragmented perceptual reasoning,landmark,15,0.06283185307179587,3.141592653589793,0.19344424626135137,3.141592653589793,38.3125,94.27195823192596,0.40640399031220253,25402.50390625
disorganized_thought_and_derealization_0,Disorganized Thought & Derealization,Fragmented perceptual reasoning,landmark,22,0.06283185307179587,3.141592653589793,0.19344424626135137,3.141592653589793,11.875,27.548476219177246,0.4310583244431316,30823.103515625
disorganized_thought_and_derealization_0,Disorganized Thought & Derealization,Fragmented perceptual reasoning,landmark,27,0.06283185307179587,3.141592653589793,0.19344424626135137,3.141592653589793,16.0,85.61152935028076,0.1868907157882413,39357.640625
disorganized_thought_and_derealization_0,Disorganized Thought & Derealization,Fragmented perceptual reasoning,landmark,29,0.06283185307179587,3.141592653589793,0.19344424626135137,3.141592653589793,7.0,23.162842750549316,0.3022081562002571,44739.2578125
disorganized_thought_and_derealization_0,Disorganized Thought & Derealization,Fragmented perceptual reasoning,landmark,1,0.06283185307179587,3.141592653589793,0.19344424626135137,3.141592653589793,25.03125,27.970821380615234,0.8949057898366738,1301.6170654296875
disorganized_thought_and_derealization_0,Disorganized Thought & Derealization,Fragmented perceptual reasoning,landmark,5,0.06283185307179587,3.141592653589793,0.19344424626135137,3.141592653589793,3.125,22.472124099731445,0.1390611757985684,2215.863037109375
disorganized_thought_and_derealization_0,Disorganized Thought & Derealization,Fragmented perceptual reasoning,landmark,7,0.0,0.0,0.0,0.0,0.375,20.701172828674316,0.018114915667027675,3409.06005859375
disorganized_thought_and_derealization_0,Disorganized Thought & Derealization,Fragmented perceptual reasoning,landmark,11,0.0,0.0,0.0,0.0,7.234375,7.234375,1.0,18208.54296875
disorganized_thought_and_derealization_0,Disorganized Thought & Derealization,Fragmented perceptual reasoning,landmark,15,0.06283185307179587,3.141592653589793,0.19344424626135137,3.141592653589793,38.3125,94.27195823192596,0.40640399031220253,25402.50390625
disorganized_thought_and_derealization_0,Disorganized Thought & Derealization,Fragmented perceptual reasoning,landmark,22,0.06283185307179587,3.141592653589793,0.19344424626135137,3.141592653589793,11.875,27.548476219177246,0.4310583244431316,30823.103515625
disorganized_thought_and_derealization_0,Disorganized Thought & Derealization,Fragmented perceptual reasoning,landmark,27,0.06283185307179587,3.141592653589793,0.19344424626135137,3.141592653589793,16.0,85.61152935028076,0.1868907157882413,39357.640625
disorganized_thought_and_derealization_0,Disorganized Thought & Derealization,Fragmented perceptual reasoning,landmark,29,0.06283185307179587,3.141592653589793,0.19344424626135137,3.141592653589793,7.0,23.162842750549316,0.3022081562002571,44739.2578125
disorganized_thought_and_derealization_0,Disorganized Thought & Derealization,Fragmented perceptual reasoning,landmark,1,0.06283185307179587,3.141592653589793,0.19344424626135137,3.141592653589793,25.03125,27.970821380615234,0.8949057898366738,1301.6170654296875
disorganized_thought_and_derealization_0,Disorganized Thought & Derealization,Fragmented perceptual reasoning,landmark,5,0.06283185307179587,3.141592653589793,0.19344424626135137,3.141592653589793,3.125,22.472124099731445,0.1390611757985684,2215.863037109375
disorganized_thought_and_derealization_0,Disorganized Thought & Derealization,Fragmented perceptual reasoning,landmark,7,0.0,0.0,0.0,0.0,0.375,20.701172828674316,0.018114915667027675,3409.06005859375
disorganized_thought_and_derealization_0,Disorganized Thought & Derealization,Fragmented perceptual reasoning,landmark,11,0.0,0.0,0.0,0.0,7.234375,7.234375,1.0,18208.54296875
disorganized_thought_and_derealization_0,Disorganized Thought & Derealization,Fragmented perceptual reasoning,landmark,15,0.06283185307179587,3.141592653589793,0.19344424626135137,3.141592653589793,38.3125,94.27195823192596,0.40640399031220253,25402.50390625
disorganized_thought_and_derealization_0,Disorganized Thought & Derealization,Fragmented perceptual reasoning,landmark,22,0.06283185307179587,3.141592653589793,0.19344424626135137,3.141592653589793,11.875,27.548476219177246,0.4310583244431316,30823.103515625
disorganized_thought_and_derealization_0,Disorganized Thought & Derealization,Fragmented perceptual reasoning,landmark,27,0.06283185307179587,3.141592653589793,0.19344424626135137,3.141592653589793,16.0,85.61152935028076,0.1868907157882413,39357.640625
disorganized_thought_and_derealization_0,Disorganized Thought & Derealization,Fragmented perceptual reasoning,landmark,29,0.06283185307179587,3.141592653589793,0.19344424626135137,3.141592653589793,7.0,23.162842750549316,0.3022081562002571,44739.2578125
disorganized_thought_and_derealization_0,Disorganized Thought & Derealization,Fragmented perceptual reasoning,landmark,1,0.06283185307179587,3.141592653589793,0.19344424626135137,3.141592653589793,25.03125,27.970821380615234,0.8949057898366738,1301.6170654296875
disorganized_thought_and_derealization_0,Disorganized Thought & Derealization,Fragmented perceptual reasoning,landmark,5,0.06283185307179587,3.141592653589793,0.19344424626135137,3.141592653589793,3.125,22.472124099731445,0.1390611757985684,2215.863037109375
disorganized_thought_and_derealization_0,Disorganized Thought & Derealization,Fragmented perceptual reasoning,landmark,7,0.0,0.0,0.0,0.0,0.375,20.701172828674316,0.018114915667027675,3409.06005859375
disorganized_thought_and_derealization_0,Disorganized Thought & Derealization,Fragmented perceptual reasoning,landmark,11,0.0,0.0,0.0,0.0,7.234375,7.234375,1.0,18208.54296875
disorganized_thought_and_derealization_0,Disorganized Thought & Derealization,Fragmented perceptual reasoning,landmark,15,0.06283185307179587,3.141592653589793,0.19344424626135137,3.141592653589793,38.3125,94.27195823192596,0.40640399031220253,25402.50390625
disorganized_thought_and_derealization_0,Disorganized Thought & Derealization,Fragmented perceptual reasoning,landmark,22,0.06283185307179587,3.141592653589793,0.19344424626135137,3.141592653589793,11.875,27.548476219177246,0.4310583244431316,30823.103515625
disorganized_thought_and_derealization_0,Disorganized Thought & Derealization,Fragmented perceptual reasoning,landmark,27,0.06283185307179587,3.141592653589793,0.19344424626135137,3.141592653589793,16.0,85.61152935028076,0.1868907157882413,39357.640625
disorganized_thought_and_derealization_0,Disorganized Thought & Derealization,Fragmented perceptual reasoning,landmark,29,0.06283185307179587,3.141592653589793,0.19344424626135137,3.141592653589793,7.0,23.162842750549316,0.3022081562002571,44739.2578125
disorganized_thought_and_derealization_0,Disorganized Thought & Derealization,Fragmented perceptual reasoning,landmark,1,0.06283185307179587,3.141592653589793,0.19344424626135137,3.141592653589793,25.03125,27.970821380615234,0.8949057898366738,1301.6170654296875
disorganized_thought_and_derealization_0,Disorganized Thought & Derealization,Fragmented perceptual reasoning,landmark,5,0.06283185307179587,3.141592653589793,0.19344424626135137,3.141592653589793,3.125,22.472124099731445,0.1390611757985684,2215.863037109375
disorganized_thought_and_derealization_0,Disorganized Thought & Derealization,Fragmented perceptual reasoning,landmark,7,0.0,0.0,0.0,0.0,0.375,20.701172828674316,0.018114915667027675,3409.06005859375
disorganized_thought_and_derealization_0,Disorganized Thought & Derealization,Fragmented perceptual reasoning,landmark,11,0.0,0.0,0.0,0.0,7.234375,7.234375,1.0,18208.54296875
disorganized_thought_and_derealization_0,Disorganized Thought & Derealization,Fragmented perceptual reasoning,landmark,15,0.06283185307179587,3.141592653589793,0.19344424626135137,3.141592653589793,38.3125,94.27195823192596,0.40640399031220253,25402.50390625
disorganized_thought_and_derealization_0,Disorganized Thought & Derealization,Fragmented perceptual reasoning,landmark,22,0.06283185307179587,3.141592653589793,0.19344424626135137,3.141592653589793,11.875,27.548476219177246,0.4310583244431316,30823.103515625
disorganized_thought_and_derealization_0,Disorganized Thought & Derealization,Fragmented perceptual reasoning,landmark,27,0.06283185307179587,3.141592653589793,0.19344424626135137,3.141592653589793,16.0,85.61152935028076,0.1868907157882413,39357.640625
disorganized_thought_and_derealization_0,Disorganized Thought & Derealization,Fragmented perceptual reasoning,landmark,29,0.06283185307179587,3.141592653589793,0.19344424626135137,3.141592653589793,7.0,23.162842750549316,0.3022081562002571,44739.2578125
disorganized_thought_and_derealization_0,Disorganized Thought & Derealization,Fragmented perceptual reasoning,landmark,1,0.06283185307179587,3.141592653589793,0.19344424626135137,3.141592653589793,25.03125,27.970821380615234,0.8949057898366738,1301.6170654296875
disorganized_thought_and_derealization_0,Disorganized Thought & Derealization,Fragmented perceptual reasoning,landmark,5,0.06283185307179587,3.141592653589793,0.19344424626135137,3.141592653589793,3.125,22.472124099731445,0.1390611757985684,2215.863037109375
disorganized_thought_and_derealization_0,Disorganized Thought & Derealization,Fragmented perceptual reasoning,landmark,7,0.0,0.0,0.0,0.0,0.375,20.701172828674316,0.018114915667027675,3409.06005859375
disorganized_thought_and_derealization_0,Disorganized Thought & Derealization,Fragmented perceptual reasoning,landmark,11,0.0,0.0,0.0,0.0,7.234375,7.234375,1.0,18208.54296875
disorganized_thought_and_derealization_0,Disorganized Thought & Derealization,Fragmented perceptual reasoning,landmark,15,0.06283185307179587,3.141592653589793,0.19344424626135137,3.141592653589793,38.3125,94.27195823192596,0.40640399031220253,25402.50390625
disorganized_thought_and_derealization_0,Disorganized Thought & Derealization,Fragmented perceptual reasoning,landmark,22,0.06283185307179587,3.141592653589793,0.19344424626135137,3.141592653589793,11.875,27.548476219177246,0.4310583244431316,30823.103515625
disorganized_thought_and_derealization_0,Disorganized Thought & Derealization,Fragmented perceptual reasoning,landmark,27,0.06283185307179587,3.141592653589793,0.19344424626135137,3.141592653589793,16.0,85.61152935028076,0.1868907157882413,39357.640625
disorganized_thought_and_derealization_0,Disorganized Thought & Derealization,Fragmented perceptual reasoning,landmark,29,0.06283185307179587,3.141592653589793,0.19344424626135137,3.141592653589793,7.0,23.162842750549316,0.3022081562002571,44739.2578125
disorganized_thought_and_derealization_0,Disorganized Thought & Derealization,Fragmented perceptual reasoning,landmark,1,0.06283185307179587,3.141592653589793,0.19344424626135137,3.141592653589793,25.03125,27.970821380615234,0.8949057898366738,1301.6170654296875
disorganized_thought_and_derealization_0,Disorganized Thought & Derealization,Fragmented perceptual reasoning,landmark,5,0.06283185307179587,3.141592653589793,0.19344424626135137,3.141592653589793,3.125,22.472124099731445,0.1390611757985684,2215.863037109375
disorganized_thought_and_derealization_0,Disorganized Thought & Derealization,Fragmented perceptual reasoning,landmark,7,0.0,0.0,0.0,0.0,0.375,20.701172828674316,0.018114915667027675,3409.06005859375
disorganized_thought_and_derealization_0,Disorganized Thought & Derealization,Fragmented perceptual reasoning,landmark,11,0.0,0.0,0.0,0.0,7.234375,7.234375,1.0,18208.54296875
disorganized_thought_and_derealization_0,Disorganized Thought & Derealization,Fragmented perceptual reasoning,landmark,15,0.06283185307179587,3.141592653589793,0.19344424626135137,3.141592653589793,38.3125,94.27195823192596,0.40640399031220253,25402.50390625
disorganized_thought_and_derealization_0,Disorganized Thought & Derealization,Fragmented perceptual reasoning,landmark,22,0.06283185307179587,3.141592653589793,0.19344424626135137,3.141592653589793,11.875,27.548476219177246,0.4310583244431316,30823.103515625
disorganized_thought_and_derealization_0,Disorganized Thought & Derealization,Fragmented perceptual reasoning,landmark,27,0.06283185307179587,3.141592653589793,0.19344424626135137,3.141592653589793,16.0,85.61152935028076,0.1868907157882413,39357.640625
disorganized_thought_and_derealization_0,Disorganized Thought & Derealization,Fragmented perceptual reasoning,landmark,29,0.06283185307179587,3.141592653589793,0.19344424626135137,3.141592653589793,7.0,23.162842750549316,0.3022081562002571,44739.2578125
executive_fatigue_and_avolition_0,Executive Fatigue & Avolition,Cognitive depletion pattern,landmark,1,0.0,0.0,0.0,0.0,23.1875,23.187500953674316,0.9999999588711902,889.1759033203125
executive_fatigue_and_avolition_0,Executive Fatigue & Avolition,Cognitive depletion pattern,landmark,5,0.0,0.0,0.0,0.0,22.437501907348633,22.437501907348633,1.0,2590.924072265625
executive_fatigue_and_avolition_0,Executive Fatigue & Avolition,Cognitive depletion pattern,landmark,7,0.0,0.0,0.0,0.0,28.34375,28.343749940395355,1.0000000021029203,4043.889404296875
executive_fatigue_and_avolition_0,Executive Fatigue & Avolition,Cognitive depletion pattern,landmark,11,0.06283185307179587,3.141592653589793,0.19344424626135137,3.141592653589793,4.8125,8.73069953918457,0.5512158537126199,18203.755859375
executive_fatigue_and_avolition_0,Executive Fatigue & Avolition,Cognitive depletion pattern,landmark,15,0.06283185307179587,3.141592653589793,0.19344424626135137,3.141592653589793,7.375001907348633,10.068456649780273,0.7324858380861757,26586.072265625
executive_fatigue_and_avolition_0,Executive Fatigue & Avolition,Cognitive depletion pattern,landmark,22,0.06283185307179587,3.141592653589793,0.19344424626135137,3.141592653589793,2.0,6.1634979248046875,0.324491064067873,34478.1953125
executive_fatigue_and_avolition_0,Executive Fatigue & Avolition,Cognitive depletion pattern,landmark,27,0.06283185307179587,3.141592653589793,0.19344424626135137,3.141592653589793,2.0,8.366203308105469,0.23905706404030733,39031.51171875
executive_fatigue_and_avolition_0,Executive Fatigue & Avolition,Cognitive depletion pattern,landmark,29,0.06283185307179587,3.141592653589793,0.19344424626135137,3.141592653589793,3.0,3.7341156005859375,0.8034030868056833,42568.5
executive_fatigue_and_avolition_0,Executive Fatigue & Avolition,Cognitive depletion pattern,landmark,1,0.0,0.0,0.0,0.0,23.1875,23.187500953674316,0.9999999588711902,889.1759033203125
executive_fatigue_and_avolition_0,Executive Fatigue & Avolition,Cognitive depletion pattern,landmark,5,0.0,0.0,0.0,0.0,22.437501907348633,22.437501907348633,1.0,2590.924072265625
executive_fatigue_and_avolition_0,Executive Fatigue & Avolition,Cognitive depletion pattern,landmark,7,0.0,0.0,0.0,0.0,28.34375,28.343749940395355,1.0000000021029203,4043.889404296875
executive_fatigue_and_avolition_0,Executive Fatigue & Avolition,Cognitive depletion pattern,landmark,11,0.06283185307179587,3.141592653589793,0.19344424626135137,3.141592653589793,4.8125,8.73069953918457,0.5512158537126199,18203.755859375
executive_fatigue_and_avolition_0,Executive Fatigue & Avolition,Cognitive depletion pattern,landmark,15,0.06283185307179587,3.141592653589793,0.19344424626135137,3.141592653589793,7.375001907348633,10.068456649780273,0.7324858380861757,26586.072265625
executive_fatigue_and_avolition_0,Executive Fatigue & Avolition,Cognitive depletion pattern,landmark,22,0.06283185307179587,3.141592653589793,0.19344424626135137,3.141592653589793,2.0,6.1634979248046875,0.324491064067873,34478.1953125
executive_fatigue_and_avolition_0,Executive Fatigue & Avolition,Cognitive depletion pattern,landmark,27,0.06283185307179587,3.141592653589793,0.19344424626135137,3.141592653589793,2.0,8.366203308105469,0.23905706404030733,39031.51171875
executive_fatigue_and_avolition_0,Executive Fatigue & Avolition,Cognitive depletion pattern,landmark,29,0.06283185307179587,3.141592653589793,0.19344424626135137,3.141592653589793,3.0,3.7341156005859375,0.8034030868056833,42568.5
executive_fatigue_and_avolition_0,Executive Fatigue & Avolition,Cognitive depletion pattern,landmark,1,0.0,0.0,0.0,0.0,23.1875,23.187500953674316,0.9999999588711902,889.1759033203125
executive_fatigue_and_avolition_0,Executive Fatigue & Avolition,Cognitive depletion pattern,landmark,5,0.0,0.0,0.0,0.0,22.437501907348633,22.437501907348633,1.0,2590.924072265625
executive_fatigue_and_avolition_0,Executive Fatigue & Avolition,Cognitive depletion pattern,landmark,7,0.0,0.0,0.0,0.0,28.34375,28.343749940395355,1.0000000021029203,4043.889404296875
executive_fatigue_and_avolition_0,Executive Fatigue & Avolition,Cognitive depletion pattern,landmark,11,0.06283185307179587,3.141592653589793,0.19344424626135137,3.141592653589793,4.8125,8.73069953918457,0.5512158537126199,18203.755859375
executive_fatigue_and_avolition_0,Executive Fatigue & Avolition,Cognitive depletion pattern,landmark,15,0.06283185307179587,3.141592653589793,0.19344424626135137,3.141592653589793,7.375001907348633,10.068456649780273,0.7324858380861757,26586.072265625
executive_fatigue_and_avolition_0,Executive Fatigue & Avolition,Cognitive depletion pattern,landmark,22,0.06283185307179587,3.141592653589793,0.19344424626135137,3.141592653589793,2.0,6.1634979248046875,0.324491064067873,34478.1953125
executive_fatigue_and_avolition_0,Executive Fatigue & Avolition,Cognitive depletion pattern,landmark,27,0.06283185307179587,3.141592653589793,0.19344424626135137,3.141592653589793,2.0,8.366203308105469,0.23905706404030733,39031.51171875
executive_fatigue_and_avolition_0,Executive Fatigue & Avolition,Cognitive depletion pattern,landmark,29,0.06283185307179587,3.141592653589793,0.19344424626135137,3.141592653589793,3.0,3.7341156005859375,0.8034030868056833,42568.5
executive_fatigue_and_avolition_0,Executive Fatigue & Avolition,Cognitive depletion pattern,landmark,1,0.0,0.0,0.0,0.0,23.1875,23.187500953674316,0.9999999588711902,889.1759033203125
executive_fatigue_and_avolition_0,Executive Fatigue & Avolition,Cognitive depletion pattern,landmark,5,0.0,0.0,0.0,0.0,22.437501907348633,22.437501907348633,1.0,2590.924072265625
executive_fatigue_and_avolition_0,Executive Fatigue & Avolition,Cognitive depletion pattern,landmark,7,0.0,0.0,0.0,0.0,28.34375,28.343749940395355,1.0000000021029203,4043.889404296875
executive_fatigue_and_avolition_0,Executive Fatigue & Avolition,Cognitive depletion pattern,landmark,11,0.06283185307179587,3.141592653589793,0.19344424626135137,3.141592653589793,4.8125,8.73069953918457,0.5512158537126199,18203.755859375
executive_fatigue_and_avolition_0,Executive Fatigue & Avolition,Cognitive depletion pattern,landmark,15,0.06283185307179587,3.141592653589793,0.19344424626135137,3.141592653589793,7.375001907348633,10.068456649780273,0.7324858380861757,26586.072265625
executive_fatigue_and_avolition_0,Executive Fatigue & Avolition,Cognitive depletion pattern,landmark,22,0.06283185307179587,3.141592653589793,0.19344424626135137,3.141592653589793,2.0,6.1634979248046875,0.324491064067873,34478.1953125
executive_fatigue_and_avolition_0,Executive Fatigue & Avolition,Cognitive depletion pattern,landmark,27,0.06283185307179587,3.141592653589793,0.19344424626135137,3.141592653589793,2.0,8.366203308105469,0.23905706404030733,39031.51171875
executive_fatigue_and_avolition_0,Executive Fatigue & Avolition,Cognitive depletion pattern,landmark,29,0.06283185307179587,3.141592653589793,0.19344424626135137,3.141592653589793,3.0,3.7341156005859375,0.8034030868056833,42568.5
executive_fatigue_and_avolition_0,Executive Fatigue & Avolition,Cognitive depletion pattern,landmark,1,0.0,0.0,0.0,0.0,23.1875,23.187500953674316,0.9999999588711902,889.1759033203125
executive_fatigue_and_avolition_0,Executive Fatigue & Avolition,Cognitive depletion pattern,landmark,5,0.0,0.0,0.0,0.0,22.437501907348633,22.437501907348633,1.0,2590.924072265625
executive_fatigue_and_avolition_0,Executive Fatigue & Avolition,Cognitive depletion pattern,landmark,7,0.0,0.0,0.0,0.0,28.34375,28.343749940395355,1.0000000021029203,4043.889404296875
executive_fatigue_and_avolition_0,Executive Fatigue & Avolition,Cognitive depletion pattern,landmark,11,0.06283185307179587,3.141592653589793,0.19344424626135137,3.141592653589793,4.8125,8.73069953918457,0.5512158537126199,18203.755859375
executive_fatigue_and_avolition_0,Executive Fatigue & Avolition,Cognitive depletion pattern,landmark,15,0.06283185307179587,3.141592653589793,0.19344424626135137,3.141592653589793,7.375001907348633,10.068456649780273,0.7324858380861757,26586.072265625
executive_fatigue_and_avolition_0,Executive Fatigue & Avolition,Cognitive depletion pattern,landmark,22,0.06283185307179587,3.141592653589793,0.19344424626135137,3.141592653589793,2.0,6.1634979248046875,0.324491064067873,34478.1953125
executive_fatigue_and_avolition_0,Executive Fatigue & Avolition,Cognitive depletion pattern,landmark,27,0.06283185307179587,3.141592653589793,0.19344424626135137,3.141592653589793,2.0,8.366203308105469,0.23905706404030733,39031.51171875
executive_fatigue_and_avolition_0,Executive Fatigue & Avolition,Cognitive depletion pattern,landmark,29,0.06283185307179587,3.141592653589793,0.19344424626135137,3.141592653589793,3.0,3.7341156005859375,0.8034030868056833,42568.5
executive_fatigue_and_avolition_0,Executive Fatigue & Avolition,Cognitive depletion pattern,landmark,1,0.0,0.0,0.0,0.0,23.1875,23.187500953674316,0.9999999588711902,889.1759033203125
executive_fatigue_and_avolition_0,Executive Fatigue & Avolition,Cognitive depletion pattern,landmark,5,0.0,0.0,0.0,0.0,22.437501907348633,22.437501907348633,1.0,2590.924072265625
executive_fatigue_and_avolition_0,Executive Fatigue & Avolition,Cognitive depletion pattern,landmark,7,0.0,0.0,0.0,0.0,28.34375,28.343749940395355,1.0000000021029203,4043.889404296875
executive_fatigue_and_avolition_0,Executive Fatigue & Avolition,Cognitive depletion pattern,landmark,11,0.06283185307179587,3.141592653589793,0.19344424626135137,3.141592653589793,4.8125,8.73069953918457,0.5512158537126199,18203.755859375
executive_fatigue_and_avolition_0,Executive Fatigue & Avolition,Cognitive depletion pattern,landmark,15,0.06283185307179587,3.141592653589793,0.19344424626135137,3.141592653589793,7.375001907348633,10.068456649780273,0.7324858380861757,26586.072265625
executive_fatigue_and_avolition_0,Executive Fatigue & Avolition,Cognitive depletion pattern,landmark,22,0.06283185307179587,3.141592653589793,0.19344424626135137,3.141592653589793,2.0,6.1634979248046875,0.324491064067873,34478.1953125
executive_fatigue_and_avolition_0,Executive Fatigue & Avolition,Cognitive depletion pattern,landmark,27,0.06283185307179587,3.141592653589793,0.19344424626135137,3.141592653589793,2.0,8.366203308105469,0.23905706404030733,39031.51171875
executive_fatigue_and_avolition_0,Executive Fatigue & Avolition,Cognitive depletion pattern,landmark,29,0.06283185307179587,3.141592653589793,0.19344424626135137,3.141592653589793,3.0,3.7341156005859375,0.8034030868056833,42568.5
executive_fatigue_and_avolition_0,Executive Fatigue & Avolition,Cognitive depletion pattern,landmark,1,0.0,0.0,0.0,0.0,23.1875,23.187500953674316,0.9999999588711902,889.1759033203125
executive_fatigue_and_avolition_0,Executive Fatigue & Avolition,Cognitive depletion pattern,landmark,5,0.0,0.0,0.0,0.0,22.437501907348633,22.437501907348633,1.0,2590.924072265625
executive_fatigue_and_avolition_0,Executive Fatigue & Avolition,Cognitive depletion pattern,landmark,7,0.0,0.0,0.0,0.0,28.34375,28.343749940395355,1.0000000021029203,4043.889404296875
executive_fatigue_and_avolition_0,Executive Fatigue & Avolition,Cognitive depletion pattern,landmark,11,0.06283185307179587,3.141592653589793,0.19344424626135137,3.141592653589793,4.8125,8.73069953918457,0.5512158537126199,18203.755859375
executive_fatigue_and_avolition_0,Executive Fatigue & Avolition,Cognitive depletion pattern,landmark,15,0.06283185307179587,3.141592653589793,0.19344424626135137,3.141592653589793,7.375001907348633,10.068456649780273,0.7324858380861757,26586.072265625
executive_fatigue_and_avolition_0,Executive Fatigue & Avolition,Cognitive depletion pattern,landmark,22,0.06283185307179587,3.141592653589793,0.19344424626135137,3.141592653589793,2.0,6.1634979248046875,0.324491064067873,34478.1953125
executive_fatigue_and_avolition_0,Executive Fatigue & Avolition,Cognitive depletion pattern,landmark,27,0.06283185307179587,3.141592653589793,0.19344424626135137,3.141592653589793,2.0,8.366203308105469,0.23905706404030733,39031.51171875
executive_fatigue_and_avolition_0,Executive Fatigue & Avolition,Cognitive depletion pattern,landmark,29,0.06283185307179587,3.141592653589793,0.19344424626135137,3.141592653589793,3.0,3.7341156005859375,0.8034030868056833,42568.5
executive_fatigue_and_avolition_0,Executive Fatigue & Avolition,Cognitive depletion pattern,landmark,1,0.0,0.0,0.0,0.0,23.1875,23.187500953674316,0.9999999588711902,889.1759033203125
executive_fatigue_and_avolition_0,Executive Fatigue & Avolition,Cognitive depletion pattern,landmark,5,0.0,0.0,0.0,0.0,22.437501907348633,22.437501907348633,1.0,2590.924072265625
executive_fatigue_and_avolition_0,Executive Fatigue & Avolition,Cognitive depletion pattern,landmark,7,0.0,0.0,0.0,0.0,28.34375,28.343749940395355,1.0000000021029203,4043.889404296875
executive_fatigue_and_avolition_0,Executive Fatigue & Avolition,Cognitive depletion pattern,landmark,11,0.06283185307179587,3.141592653589793,0.19344424626135137,3.141592653589793,4.8125,8.73069953918457,0.5512158537126199,18203.755859375
executive_fatigue_and_avolition_0,Executive Fatigue & Avolition,Cognitive depletion pattern,landmark,15,0.06283185307179587,3.141592653589793,0.19344424626135137,3.141592653589793,7.375001907348633,10.068456649780273,0.7324858380861757,26586.072265625
executive_fatigue_and_avolition_0,Executive Fatigue & Avolition,Cognitive depletion pattern,landmark,22,0.06283185307179587,3.141592653589793,0.19344424626135137,3.141592653589793,2.0,6.1634979248046875,0.324491064067873,34478.1953125
executive_fatigue_and_avolition_0,Executive Fatigue & Avolition,Cognitive depletion pattern,landmark,27,0.06283185307179587,3.141592653589793,0.19344424626135137,3.141592653589793,2.0,8.366203308105469,0.23905706404030733,39031.51171875
executive_fatigue_and_avolition_0,Executive Fatigue & Avolition,Cognitive depletion pattern,landmark,29,0.06283185307179587,3.141592653589793,0.19344424626135137,3.141592653589793,3.0,3.7341156005859375,0.8034030868056833,42568.5
executive_fatigue_and_avolition_0,Executive Fatigue & Avolition,Cognitive depletion pattern,landmark,1,0.0,0.0,0.0,0.0,23.1875,23.187500953674316,0.9999999588711902,889.1759033203125
executive_fatigue_and_avolition_0,Executive Fatigue & Avolition,Cognitive depletion pattern,landmark,5,0.0,0.0,0.0,0.0,22.437501907348633,22.437501907348633,1.0,2590.924072265625
executive_fatigue_and_avolition_0,Executive Fatigue & Avolition,Cognitive depletion pattern,landmark,7,0.0,0.0,0.0,0.0,28.34375,28.343749940395355,1.0000000021029203,4043.889404296875
executive_fatigue_and_avolition_0,Executive Fatigue & Avolition,Cognitive depletion pattern,landmark,11,0.06283185307179587,3.141592653589793,0.19344424626135137,3.141592653589793,4.8125,8.73069953918457,0.5512158537126199,18203.755859375
executive_fatigue_and_avolition_0,Executive Fatigue & Avolition,Cognitive depletion pattern,landmark,15,0.06283185307179587,3.141592653589793,0.19344424626135137,3.141592653589793,7.375001907348633,10.068456649780273,0.7324858380861757,26586.072265625
executive_fatigue_and_avolition_0,Executive Fatigue & Avolition,Cognitive depletion pattern,landmark,22,0.06283185307179587,3.141592653589793,0.19344424626135137,3.141592653589793,2.0,6.1634979248046875,0.324491064067873,34478.1953125
executive_fatigue_and_avolition_0,Executive Fatigue & Avolition,Cognitive depletion pattern,landmark,27,0.06283185307179587,3.141592653589793,0.19344424626135137,3.141592653589793,2.0,8.366203308105469,0.23905706404030733,39031.51171875
executive_fatigue_and_avolition_0,Executive Fatigue & Avolition,Cognitive depletion pattern,landmark,29,0.06283185307179587,3.141592653589793,0.19344424626135137,3.141592653589793,3.0,3.7341156005859375,0.8034030868056833,42568.5
executive_fatigue_and_avolition_0,Executive Fatigue & Avolition,Cognitive depletion pattern,landmark,1,0.0,0.0,0.0,0.0,23.1875,23.187500953674316,0.9999999588711902,889.1759033203125
executive_fatigue_and_avolition_0,Executive Fatigue & Avolition,Cognitive depletion pattern,landmark,5,0.0,0.0,0.0,0.0,22.437501907348633,22.437501907348633,1.0,2590.924072265625
executive_fatigue_and_avolition_0,Executive Fatigue & Avolition,Cognitive depletion pattern,landmark,7,0.0,0.0,0.0,0.0,28.34375,28.343749940395355,1.0000000021029203,4043.889404296875
executive_fatigue_and_avolition_0,Executive Fatigue & Avolition,Cognitive depletion pattern,landmark,11,0.06283185307179587,3.141592653589793,0.19344424626135137,3.141592653589793,4.8125,8.73069953918457,0.5512158537126199,18203.755859375
executive_fatigue_and_avolition_0,Executive Fatigue & Avolition,Cognitive depletion pattern,landmark,15,0.06283185307179587,3.141592653589793,0.19344424626135137,3.141592653589793,7.375001907348633,10.068456649780273,0.7324858380861757,26586.072265625
executive_fatigue_and_avolition_0,Executive Fatigue & Avolition,Cognitive depletion pattern,landmark,22,0.06283185307179587,3.141592653589793,0.19344424626135137,3.141592653589793,2.0,6.1634979248046875,0.324491064067873,34478.1953125
executive_fatigue_and_avolition_0,Executive Fatigue & Avolition,Cognitive depletion pattern,landmark,27,0.06283185307179587,3.141592653589793,0.19344424626135137,3.141592653589793,2.0,8.366203308105469,0.23905706404030733,39031.51171875
executive_fatigue_and_avolition_0,Executive Fatigue & Avolition,Cognitive depletion pattern,landmark,29,0.06283185307179587,3.141592653589793,0.19344424626135137,3.141592653589793,3.0,3.7341156005859375,0.8034030868056833,42568.5
executive_fatigue_and_avolition_0,Executive Fatigue & Avolition,Cognitive depletion pattern,landmark,1,0.0,0.0,0.0,0.0,23.1875,23.187500953674316,0.9999999588711902,889.1759033203125
executive_fatigue_and_avolition_0,Executive Fatigue & Avolition,Cognitive depletion pattern,landmark,5,0.0,0.0,0.0,0.0,22.437501907348633,22.437501907348633,1.0,2590.924072265625
executive_fatigue_and_avolition_0,Executive Fatigue & Avolition,Cognitive depletion pattern,landmark,7,0.0,0.0,0.0,0.0,28.34375,28.343749940395355,1.0000000021029203,4043.889404296875
executive_fatigue_and_avolition_0,Executive Fatigue & Avolition,Cognitive depletion pattern,landmark,11,0.06283185307179587,3.141592653589793,0.19344424626135137,3.141592653589793,4.8125,8.73069953918457,0.5512158537126199,18203.755859375
executive_fatigue_and_avolition_0,Executive Fatigue & Avolition,Cognitive depletion pattern,landmark,15,0.06283185307179587,3.141592653589793,0.19344424626135137,3.141592653589793,7.375001907348633,10.068456649780273,0.7324858380861757,26586.072265625
executive_fatigue_and_avolition_0,Executive Fatigue & Avolition,Cognitive depletion pattern,landmark,22,0.06283185307179587,3.141592653589793,0.19344424626135137,3.141592653589793,2.0,6.1634979248046875,0.324491064067873,34478.1953125
executive_fatigue_and_avolition_0,Executive Fatigue & Avolition,Cognitive depletion pattern,landmark,27,0.06283185307179587,3.141592653589793,0.19344424626135137,3.141592653589793,2.0,8.366203308105469,0.23905706404030733,39031.51171875
executive_fatigue_and_avolition_0,Executive Fatigue & Avolition,Cognitive depletion pattern,landmark,29,0.06283185307179587,3.141592653589793,0.19344424626135137,3.141592653589793,3.0,3.7341156005859375,0.8034030868056833,42568.5
executive_fatigue_and_avolition_0,Executive Fatigue & Avolition,Cognitive depletion pattern,landmark,1,0.0,0.0,0.0,0.0,23.1875,23.187500953674316,0.9999999588711902,889.1759033203125
executive_fatigue_and_avolition_0,Executive Fatigue & Avolition,Cognitive depletion pattern,landmark,5,0.0,0.0,0.0,0.0,22.437501907348633,22.437501907348633,1.0,2590.924072265625
executive_fatigue_and_avolition_0,Executive Fatigue & Avolition,Cognitive depletion pattern,landmark,7,0.0,0.0,0.0,0.0,28.34375,28.343749940395355,1.0000000021029203,4043.889404296875
executive_fatigue_and_avolition_0,Executive Fatigue & Avolition,Cognitive depletion pattern,landmark,11,0.06283185307179587,3.141592653589793,0.19344424626135137,3.141592653589793,4.8125,8.73069953918457,0.5512158537126199,18203.755859375
executive_fatigue_and_avolition_0,Executive Fatigue & Avolition,Cognitive depletion pattern,landmark,15,0.06283185307179587,3.141592653589793,0.19344424626135137,3.141592653589793,7.375001907348633,10.068456649780273,0.7324858380861757,26586.072265625
executive_fatigue_and_avolition_0,Executive Fatigue & Avolition,Cognitive depletion pattern,landmark,22,0.06283185307179587,3.141592653589793,0.19344424626135137,3.141592653589793,2.0,6.1634979248046875,0.324491064067873,34478.1953125
executive_fatigue_and_avolition_0,Executive Fatigue & Avolition,Cognitive depletion pattern,landmark,27,0.06283185307179587,3.141592653589793,0.19344424626135137,3.141592653589793,2.0,8.366203308105469,0.23905706404030733,39031.51171875
executive_fatigue_and_avolition_0,Executive Fatigue & Avolition,Cognitive depletion pattern,landmark,29,0.06283185307179587,3.141592653589793,0.19344424626135137,3.141592653589793,3.0,3.7341156005859375,0.8034030868056833,42568.5
executive_fatigue_and_avolition_0,Executive Fatigue & Avolition,Cognitive depletion pattern,landmark,1,0.0,0.0,0.0,0.0,23.1875,23.187500953674316,0.9999999588711902,889.1759033203125
executive_fatigue_and_avolition_0,Executive Fatigue & Avolition,Cognitive depletion pattern,landmark,5,0.0,0.0,0.0,0.0,22.437501907348633,22.437501907348633,1.0,2590.924072265625
executive_fatigue_and_avolition_0,Executive Fatigue & Avolition,Cognitive depletion pattern,landmark,7,0.0,0.0,0.0,0.0,28.34375,28.343749940395355,1.0000000021029203,4043.889404296875
executive_fatigue_and_avolition_0,Executive Fatigue & Avolition,Cognitive depletion pattern,landmark,11,0.06283185307179587,3.141592653589793,0.19344424626135137,3.141592653589793,4.8125,8.73069953918457,0.5512158537126199,18203.755859375
executive_fatigue_and_avolition_0,Executive Fatigue & Avolition,Cognitive depletion pattern,landmark,15,0.06283185307179587,3.141592653589793,0.19344424626135137,3.141592653589793,7.375001907348633,10.068456649780273,0.7324858380861757,26586.072265625
executive_fatigue_and_avolition_0,Executive Fatigue & Avolition,Cognitive depletion pattern,landmark,22,0.06283185307179587,3.141592653589793,0.19344424626135137,3.141592653589793,2.0,6.1634979248046875,0.324491064067873,34478.1953125
executive_fatigue_and_avolition_0,Executive Fatigue & Avolition,Cognitive depletion pattern,landmark,27,0.06283185307179587,3.141592653589793,0.19344424626135137,3.141592653589793,2.0,8.366203308105469,0.23905706404030733,39031.51171875
executive_fatigue_and_avolition_0,Executive Fatigue & Avolition,Cognitive depletion pattern,landmark,29,0.06283185307179587,3.141592653589793,0.19344424626135137,3.141592653589793,3.0,3.7341156005859375,0.8034030868056833,42568.5
executive_fatigue_and_avolition_0,Executive Fatigue & Avolition,Cognitive depletion pattern,landmark,1,0.0,0.0,0.0,0.0,23.1875,23.187500953674316,0.9999999588711902,889.1759033203125
executive_fatigue_and_avolition_0,Executive Fatigue & Avolition,Cognitive depletion pattern,landmark,5,0.0,0.0,0.0,0.0,22.437501907348633,22.437501907348633,1.0,2590.924072265625
executive_fatigue_and_avolition_0,Executive Fatigue & Avolition,Cognitive depletion pattern,landmark,7,0.0,0.0,0.0,0.0,28.34375,28.343749940395355,1.0000000021029203,4043.889404296875
executive_fatigue_and_avolition_0,Executive Fatigue & Avolition,Cognitive depletion pattern,landmark,11,0.06283185307179587,3.141592653589793,0.19344424626135137,3.141592653589793,4.8125,8.73069953918457,0.5512158537126199,18203.755859375
executive_fatigue_and_avolition_0,Executive Fatigue & Avolition,Cognitive depletion pattern,landmark,15,0.06283185307179587,3.141592653589793,0.19344424626135137,3.141592653589793,7.375001907348633,10.068456649780273,0.7324858380861757,26586.072265625
executive_fatigue_and_avolition_0,Executive Fatigue & Avolition,Cognitive depletion pattern,landmark,22,0.06283185307179587,3.141592653589793,0.19344424626135137,3.141592653589793,2.0,6.1634979248046875,0.324491064067873,34478.1953125
executive_fatigue_and_avolition_0,Executive Fatigue & Avolition,Cognitive depletion pattern,landmark,27,0.06283185307179587,3.141592653589793,0.19344424626135137,3.141592653589793,2.0,8.366203308105469,0.23905706404030733,39031.51171875
executive_fatigue_and_avolition_0,Executive Fatigue & Avolition,Cognitive depletion pattern,landmark,29,0.06283185307179587,3.141592653589793,0.19344424626135137,3.141592653589793,3.0,3.7341156005859375,0.8034030868056833,42568.5
executive_fatigue_and_avolition_0,Executive Fatigue & Avolition,Cognitive depletion pattern,landmark,1,0.0,0.0,0.0,0.0,23.1875,23.187500953674316,0.9999999588711902,889.1759033203125
executive_fatigue_and_avolition_0,Executive Fatigue & Avolition,Cognitive depletion pattern,landmark,5,0.0,0.0,0.0,0.0,22.437501907348633,22.437501907348633,1.0,2590.924072265625
executive_fatigue_and_avolition_0,Executive Fatigue & Avolition,Cognitive depletion pattern,landmark,7,0.0,0.0,0.0,0.0,28.34375,28.343749940395355,1.0000000021029203,4043.889404296875
executive_fatigue_and_avolition_0,Executive Fatigue & Avolition,Cognitive depletion pattern,landmark,11,0.06283185307179587,3.141592653589793,0.19344424626135137,3.141592653589793,4.8125,8.73069953918457,0.5512158537126199,18203.755859375
executive_fatigue_and_avolition_0,Executive Fatigue & Avolition,Cognitive depletion pattern,landmark,15,0.06283185307179587,3.141592653589793,0.19344424626135137,3.141592653589793,7.375001907348633,10.068456649780273,0.7324858380861757,26586.072265625
executive_fatigue_and_avolition_0,Executive Fatigue & Avolition,Cognitive depletion pattern,landmark,22,0.06283185307179587,3.141592653589793,0.19344424626135137,3.141592653589793,2.0,6.1634979248046875,0.324491064067873,34478.1953125
executive_fatigue_and_avolition_0,Executive Fatigue & Avolition,Cognitive depletion pattern,landmark,27,0.06283185307179587,3.141592653589793,0.19344424626135137,3.141592653589793,2.0,8.366203308105469,0.23905706404030733,39031.51171875
executive_fatigue_and_avolition_0,Executive Fatigue & Avolition,Cognitive depletion pattern,landmark,29,0.06283185307179587,3.141592653589793,0.19344424626135137,3.141592653589793,3.0,3.7341156005859375,0.8034030868056833,42568.5
executive_fatigue_and_avolition_0,Executive Fatigue & Avolition,Cognitive depletion pattern,landmark,1,0.0,0.0,0.0,0.0,23.1875,23.187500953674316,0.9999999588711902,889.1759033203125
executive_fatigue_and_avolition_0,Executive Fatigue & Avolition,Cognitive depletion pattern,landmark,5,0.0,0.0,0.0,0.0,22.437501907348633,22.437501907348633,1.0,2590.924072265625
executive_fatigue_and_avolition_0,Executive Fatigue & Avolition,Cognitive depletion pattern,landmark,7,0.0,0.0,0.0,0.0,28.34375,28.343749940395355,1.0000000021029203,4043.889404296875
executive_fatigue_and_avolition_0,Executive Fatigue & Avolition,Cognitive depletion pattern,landmark,11,0.06283185307179587,3.141592653589793,0.19344424626135137,3.141592653589793,4.8125,8.73069953918457,0.5512158537126199,18203.755859375
executive_fatigue_and_avolition_0,Executive Fatigue & Avolition,Cognitive depletion pattern,landmark,15,0.06283185307179587,3.141592653589793,0.19344424626135137,3.141592653589793,7.375001907348633,10.068456649780273,0.7324858380861757,26586.072265625
executive_fatigue_and_avolition_0,Executive Fatigue & Avolition,Cognitive depletion pattern,landmark,22,0.06283185307179587,3.141592653589793,0.19344424626135137,3.141592653589793,2.0,6.1634979248046875,0.324491064067873,34478.1953125
executive_fatigue_and_avolition_0,Executive Fatigue & Avolition,Cognitive depletion pattern,landmark,27,0.06283185307179587,3.141592653589793,0.19344424626135137,3.141592653589793,2.0,8.366203308105469,0.23905706404030733,39031.51171875
executive_fatigue_and_avolition_0,Executive Fatigue & Avolition,Cognitive depletion pattern,landmark,29,0.06283185307179587,3.141592653589793,0.19344424626135137,3.141592653589793,3.0,3.7341156005859375,0.8034030868056833,42568.5
executive_fatigue_and_avolition_0,Executive Fatigue & Avolition,Cognitive depletion pattern,landmark,1,0.0,0.0,0.0,0.0,23.1875,23.187500953674316,0.9999999588711902,889.1759033203125
executive_fatigue_and_avolition_0,Executive Fatigue & Avolition,Cognitive depletion pattern,landmark,5,0.0,0.0,0.0,0.0,22.437501907348633,22.437501907348633,1.0,2590.924072265625
executive_fatigue_and_avolition_0,Executive Fatigue & Avolition,Cognitive depletion pattern,landmark,7,0.0,0.0,0.0,0.0,28.34375,28.343749940395355,1.0000000021029203,4043.889404296875
executive_fatigue_and_avolition_0,Executive Fatigue & Avolition,Cognitive depletion pattern,landmark,11,0.06283185307179587,3.141592653589793,0.19344424626135137,3.141592653589793,4.8125,8.73069953918457,0.5512158537126199,18203.755859375
executive_fatigue_and_avolition_0,Executive Fatigue & Avolition,Cognitive depletion pattern,landmark,15,0.06283185307179587,3.141592653589793,0.19344424626135137,3.141592653589793,7.375001907348633,10.068456649780273,0.7324858380861757,26586.072265625
executive_fatigue_and_avolition_0,Executive Fatigue & Avolition,Cognitive depletion pattern,landmark,22,0.06283185307179587,3.141592653589793,0.19344424626135137,3.141592653589793,2.0,6.1634979248046875,0.324491064067873,34478.1953125
executive_fatigue_and_avolition_0,Executive Fatigue & Avolition,Cognitive depletion pattern,landmark,27,0.06283185307179587,3.141592653589793,0.19344424626135137,3.141592653589793,2.0,8.366203308105469,0.23905706404030733,39031.51171875
executive_fatigue_and_avolition_0,Executive Fatigue & Avolition,Cognitive depletion pattern,landmark,29,0.06283185307179587,3.141592653589793,0.19344424626135137,3.141592653589793,3.0,3.7341156005859375,0.8034030868056833,42568.5
executive_fatigue_and_avolition_0,Executive Fatigue & Avolition,Cognitive depletion pattern,landmark,1,0.0,0.0,0.0,0.0,23.1875,23.187500953674316,0.9999999588711902,889.1759033203125
executive_fatigue_and_avolition_0,Executive Fatigue & Avolition,Cognitive depletion pattern,landmark,5,0.0,0.0,0.0,0.0,22.437501907348633,22.437501907348633,1.0,2590.924072265625
executive_fatigue_and_avolition_0,Executive Fatigue & Avolition,Cognitive depletion pattern,landmark,7,0.0,0.0,0.0,0.0,28.34375,28.343749940395355,1.0000000021029203,4043.889404296875
executive_fatigue_and_avolition_0,Executive Fatigue & Avolition,Cognitive depletion pattern,landmark,11,0.06283185307179587,3.141592653589793,0.19344424626135137,3.141592653589793,4.8125,8.73069953918457,0.5512158537126199,18203.755859375
executive_fatigue_and_avolition_0,Executive Fatigue & Avolition,Cognitive depletion pattern,landmark,15,0.06283185307179587,3.141592653589793,0.19344424626135137,3.141592653589793,7.375001907348633,10.068456649780273,0.7324858380861757,26586.072265625
executive_fatigue_and_avolition_0,Executive Fatigue & Avolition,Cognitive depletion pattern,landmark,22,0.06283185307179587,3.141592653589793,0.19344424626135137,3.141592653589793,2.0,6.1634979248046875,0.324491064067873,34478.1953125
executive_fatigue_and_avolition_0,Executive Fatigue & Avolition,Cognitive depletion pattern,landmark,27,0.06283185307179587,3.141592653589793,0.19344424626135137,3.141592653589793,2.0,8.366203308105469,0.23905706404030733,39031.51171875
executive_fatigue_and_avolition_0,Executive Fatigue & Avolition,Cognitive depletion pattern,landmark,29,0.06283185307179587,3.141592653589793,0.19344424626135137,3.141592653589793,3.0,3.7341156005859375,0.8034030868056833,42568.5
executive_fatigue_and_avolition_0,Executive Fatigue & Avolition,Cognitive depletion pattern,landmark,1,0.0,0.0,0.0,0.0,23.1875,23.187500953674316,0.9999999588711902,889.1759033203125
executive_fatigue_and_avolition_0,Executive Fatigue & Avolition,Cognitive depletion pattern,landmark,5,0.0,0.0,0.0,0.0,22.437501907348633,22.437501907348633,1.0,2590.924072265625
executive_fatigue_and_avolition_0,Executive Fatigue & Avolition,Cognitive depletion pattern,landmark,7,0.0,0.0,0.0,0.0,28.34375,28.343749940395355,1.0000000021029203,4043.889404296875
executive_fatigue_and_avolition_0,Executive Fatigue & Avolition,Cognitive depletion pattern,landmark,11,0.06283185307179587,3.141592653589793,0.19344424626135137,3.141592653589793,4.8125,8.73069953918457,0.5512158537126199,18203.755859375
executive_fatigue_and_avolition_0,Executive Fatigue & Avolition,Cognitive depletion pattern,landmark,15,0.06283185307179587,3.141592653589793,0.19344424626135137,3.141592653589793,7.375001907348633,10.068456649780273,0.7324858380861757,26586.072265625
executive_fatigue_and_avolition_0,Executive Fatigue & Avolition,Cognitive depletion pattern,landmark,22,0.06283185307179587,3.141592653589793,0.19344424626135137,3.141592653589793,2.0,6.1634979248046875,0.324491064067873,34478.1953125
executive_fatigue_and_avolition_0,Executive Fatigue & Avolition,Cognitive depletion pattern,landmark,27,0.06283185307179587,3.141592653589793,0.19344424626135137,3.141592653589793,2.0,8.366203308105469,0.23905706404030733,39031.51171875
executive_fatigue_and_avolition_0,Executive Fatigue & Avolition,Cognitive depletion pattern,landmark,29,0.06283185307179587,3.141592653589793,0.19344424626135137,3.141592653589793,3.0,3.7341156005859375,0.8034030868056833,42568.5
executive_fatigue_and_avolition_0,Executive Fatigue & Avolition,Cognitive depletion pattern,landmark,1,0.0,0.0,0.0,0.0,23.1875,23.187500953674316,0.9999999588711902,889.1759033203125
executive_fatigue_and_avolition_0,Executive Fatigue & Avolition,Cognitive depletion pattern,landmark,5,0.0,0.0,0.0,0.0,22.437501907348633,22.437501907348633,1.0,2590.924072265625
executive_fatigue_and_avolition_0,Executive Fatigue & Avolition,Cognitive depletion pattern,landmark,7,0.0,0.0,0.0,0.0,28.34375,28.343749940395355,1.0000000021029203,4043.889404296875
executive_fatigue_and_avolition_0,Executive Fatigue & Avolition,Cognitive depletion pattern,landmark,11,0.06283185307179587,3.141592653589793,0.19344424626135137,3.141592653589793,4.8125,8.73069953918457,0.5512158537126199,18203.755859375
executive_fatigue_and_avolition_0,Executive Fatigue & Avolition,Cognitive depletion pattern,landmark,15,0.06283185307179587,3.141592653589793,0.19344424626135137,3.141592653589793,7.375001907348633,10.068456649780273,0.7324858380861757,26586.072265625
executive_fatigue_and_avolition_0,Executive Fatigue & Avolition,Cognitive depletion pattern,landmark,22,0.06283185307179587,3.141592653589793,0.19344424626135137,3.141592653589793,2.0,6.1634979248046875,0.324491064067873,34478.1953125
executive_fatigue_and_avolition_0,Executive Fatigue & Avolition,Cognitive depletion pattern,landmark,27,0.06283185307179587,3.141592653589793,0.19344424626135137,3.141592653589793,2.0,8.366203308105469,0.23905706404030733,39031.51171875
executive_fatigue_and_avolition_0,Executive Fatigue & Avolition,Cognitive depletion pattern,landmark,29,0.06283185307179587,3.141592653589793,0.19344424626135137,3.141592653589793,3.0,3.7341156005859375,0.8034030868056833,42568.5
executive_fatigue_and_avolition_0,Executive Fatigue & Avolition,Cognitive depletion pattern,landmark,1,0.0,0.0,0.0,0.0,23.1875,23.187500953674316,0.9999999588711902,889.1759033203125
executive_fatigue_and_avolition_0,Executive Fatigue & Avolition,Cognitive depletion pattern,landmark,5,0.0,0.0,0.0,0.0,22.437501907348633,22.437501907348633,1.0,2590.924072265625
executive_fatigue_and_avolition_0,Executive Fatigue & Avolition,Cognitive depletion pattern,landmark,7,0.0,0.0,0.0,0.0,28.34375,28.343749940395355,1.0000000021029203,4043.889404296875
executive_fatigue_and_avolition_0,Executive Fatigue & Avolition,Cognitive depletion pattern,landmark,11,0.06283185307179587,3.141592653589793,0.19344424626135137,3.141592653589793,4.8125,8.73069953918457,0.5512158537126199,18203.755859375
executive_fatigue_and_avolition_0,Executive Fatigue & Avolition,Cognitive depletion pattern,landmark,15,0.06283185307179587,3.141592653589793,0.19344424626135137,3.141592653589793,7.375001907348633,10.068456649780273,0.7324858380861757,26586.072265625
executive_fatigue_and_avolition_0,Executive Fatigue & Avolition,Cognitive depletion pattern,landmark,22,0.06283185307179587,3.141592653589793,0.19344424626135137,3.141592653589793,2.0,6.1634979248046875,0.324491064067873,34478.1953125
executive_fatigue_and_avolition_0,Executive Fatigue & Avolition,Cognitive depletion pattern,landmark,27,0.06283185307179587,3.141592653589793,0.19344424626135137,3.141592653589793,2.0,8.366203308105469,0.23905706404030733,39031.51171875
executive_fatigue_and_avolition_0,Executive Fatigue & Avolition,Cognitive depletion pattern,landmark,29,0.06283185307179587,3.141592653589793,0.19344424626135137,3.141592653589793,3.0,3.7341156005859375,0.8034030868056833,42568.5
executive_fatigue_and_avolition_0,Executive Fatigue & Avolition,Cognitive depletion pattern,landmark,1,0.0,0.0,0.0,0.0,23.1875,23.187500953674316,0.9999999588711902,889.1759033203125
executive_fatigue_and_avolition_0,Executive Fatigue & Avolition,Cognitive depletion pattern,landmark,5,0.0,0.0,0.0,0.0,22.437501907348633,22.437501907348633,1.0,2590.924072265625
executive_fatigue_and_avolition_0,Executive Fatigue & Avolition,Cognitive depletion pattern,landmark,7,0.0,0.0,0.0,0.0,28.34375,28.343749940395355,1.0000000021029203,4043.889404296875
executive_fatigue_and_avolition_0,Executive Fatigue & Avolition,Cognitive depletion pattern,landmark,11,0.06283185307179587,3.141592653589793,0.19344424626135137,3.141592653589793,4.8125,8.73069953918457,0.5512158537126199,18203.755859375
executive_fatigue_and_avolition_0,Executive Fatigue & Avolition,Cognitive depletion pattern,landmark,15,0.06283185307179587,3.141592653589793,0.19344424626135137,3.141592653589793,7.375001907348633,10.068456649780273,0.7324858380861757,26586.072265625
executive_fatigue_and_avolition_0,Executive Fatigue & Avolition,Cognitive depletion pattern,landmark,22,0.06283185307179587,3.141592653589793,0.19344424626135137,3.141592653589793,2.0,6.1634979248046875,0.324491064067873,34478.1953125
executive_fatigue_and_avolition_0,Executive Fatigue & Avolition,Cognitive depletion pattern,landmark,27,0.06283185307179587,3.141592653589793,0.19344424626135137,3.141592653589793,2.0,8.366203308105469,0.23905706404030733,39031.51171875
executive_fatigue_and_avolition_0,Executive Fatigue & Avolition,Cognitive depletion pattern,landmark,29,0.06283185307179587,3.141592653589793,0.19344424626135137,3.141592653589793,3.0,3.7341156005859375,0.8034030868056833,42568.5
executive_fatigue_and_avolition_0,Executive Fatigue & Avolition,Cognitive depletion pattern,landmark,1,0.0,0.0,0.0,0.0,23.1875,23.187500953674316,0.9999999588711902,889.1759033203125
executive_fatigue_and_avolition_0,Executive Fatigue & Avolition,Cognitive depletion pattern,landmark,5,0.0,0.0,0.0,0.0,22.437501907348633,22.437501907348633,1.0,2590.924072265625
executive_fatigue_and_avolition_0,Executive Fatigue & Avolition,Cognitive depletion pattern,landmark,7,0.0,0.0,0.0,0.0,28.34375,28.343749940395355,1.0000000021029203,4043.889404296875
executive_fatigue_and_avolition_0,Executive Fatigue & Avolition,Cognitive depletion pattern,landmark,11,0.06283185307179587,3.141592653589793,0.19344424626135137,3.141592653589793,4.8125,8.73069953918457,0.5512158537126199,18203.755859375
executive_fatigue_and_avolition_0,Executive Fatigue & Avolition,Cognitive depletion pattern,landmark,15,0.06283185307179587,3.141592653589793,0.19344424626135137,3.141592653589793,7.375001907348633,10.068456649780273,0.7324858380861757,26586.072265625
executive_fatigue_and_avolition_0,Executive Fatigue & Avolition,Cognitive depletion pattern,landmark,22,0.06283185307179587,3.141592653589793,0.19344424626135137,3.141592653589793,2.0,6.1634979248046875,0.324491064067873,34478.1953125
executive_fatigue_and_avolition_0,Executive Fatigue & Avolition,Cognitive depletion pattern,landmark,27,0.06283185307179587,3.141592653589793,0.19344424626135137,3.141592653589793,2.0,8.366203308105469,0.23905706404030733,39031.51171875
executive_fatigue_and_avolition_0,Executive Fatigue & Avolition,Cognitive depletion pattern,landmark,29,0.06283185307179587,3.141592653589793,0.19344424626135137,3.141592653589793,3.0,3.7341156005859375,0.8034030868056833,42568.5
executive_fatigue_and_avolition_0,Executive Fatigue & Avolition,Cognitive depletion pattern,landmark,1,0.0,0.0,0.0,0.0,23.1875,23.187500953674316,0.9999999588711902,889.1759033203125
executive_fatigue_and_avolition_0,Executive Fatigue & Avolition,Cognitive depletion pattern,landmark,5,0.0,0.0,0.0,0.0,22.437501907348633,22.437501907348633,1.0,2590.924072265625
executive_fatigue_and_avolition_0,Executive Fatigue & Avolition,Cognitive depletion pattern,landmark,7,0.0,0.0,0.0,0.0,28.34375,28.343749940395355,1.0000000021029203,4043.889404296875
executive_fatigue_and_avolition_0,Executive Fatigue & Avolition,Cognitive depletion pattern,landmark,11,0.06283185307179587,3.141592653589793,0.19344424626135137,3.141592653589793,4.8125,8.73069953918457,0.5512158537126199,18203.755859375
executive_fatigue_and_avolition_0,Executive Fatigue & Avolition,Cognitive depletion pattern,landmark,15,0.06283185307179587,3.141592653589793,0.19344424626135137,3.141592653589793,7.375001907348633,10.068456649780273,0.7324858380861757,26586.072265625
executive_fatigue_and_avolition_0,Executive Fatigue & Avolition,Cognitive depletion pattern,landmark,22,0.06283185307179587,3.141592653589793,0.19344424626135137,3.141592653589793,2.0,6.1634979248046875,0.324491064067873,34478.1953125
executive_fatigue_and_avolition_0,Executive Fatigue & Avolition,Cognitive depletion pattern,landmark,27,0.06283185307179587,3.141592653589793,0.19344424626135137,3.141592653589793,2.0,8.366203308105469,0.23905706404030733,39031.51171875
executive_fatigue_and_avolition_0,Executive Fatigue & Avolition,Cognitive depletion pattern,landmark,29,0.06283185307179587,3.141592653589793,0.19344424626135137,3.141592653589793,3.0,3.7341156005859375,0.8034030868056833,42568.5
executive_fatigue_and_avolition_0,Executive Fatigue & Avolition,Cognitive depletion pattern,landmark,1,0.0,0.0,0.0,0.0,23.1875,23.187500953674316,0.9999999588711902,889.1759033203125
executive_fatigue_and_avolition_0,Executive Fatigue & Avolition,Cognitive depletion pattern,landmark,5,0.0,0.0,0.0,0.0,22.437501907348633,22.437501907348633,1.0,2590.924072265625
executive_fatigue_and_avolition_0,Executive Fatigue & Avolition,Cognitive depletion pattern,landmark,7,0.0,0.0,0.0,0.0,28.34375,28.343749940395355,1.0000000021029203,4043.889404296875
executive_fatigue_and_avolition_0,Executive Fatigue & Avolition,Cognitive depletion pattern,landmark,11,0.06283185307179587,3.141592653589793,0.19344424626135137,3.141592653589793,4.8125,8.73069953918457,0.5512158537126199,18203.755859375
executive_fatigue_and_avolition_0,Executive Fatigue & Avolition,Cognitive depletion pattern,landmark,15,0.06283185307179587,3.141592653589793,0.19344424626135137,3.141592653589793,7.375001907348633,10.068456649780273,0.7324858380861757,26586.072265625
executive_fatigue_and_avolition_0,Executive Fatigue & Avolition,Cognitive depletion pattern,landmark,22,0.06283185307179587,3.141592653589793,0.19344424626135137,3.141592653589793,2.0,6.1634979248046875,0.324491064067873,34478.1953125
executive_fatigue_and_avolition_0,Executive Fatigue & Avolition,Cognitive depletion pattern,landmark,27,0.06283185307179587,3.141592653589793,0.19344424626135137,3.141592653589793,2.0,8.366203308105469,0.23905706404030733,39031.51171875
executive_fatigue_and_avolition_0,Executive Fatigue & Avolition,Cognitive depletion pattern,landmark,29,0.06283185307179587,3.141592653589793,0.19344424626135137,3.141592653589793,3.0,3.7341156005859375,0.8034030868056833,42568.5
executive_fatigue_and_avolition_0,Executive Fatigue & Avolition,Cognitive depletion pattern,landmark,1,0.0,0.0,0.0,0.0,23.1875,23.187500953674316,0.9999999588711902,889.1759033203125
executive_fatigue_and_avolition_0,Executive Fatigue & Avolition,Cognitive depletion pattern,landmark,5,0.0,0.0,0.0,0.0,22.437501907348633,22.437501907348633,1.0,2590.924072265625
executive_fatigue_and_avolition_0,Executive Fatigue & Avolition,Cognitive depletion pattern,landmark,7,0.0,0.0,0.0,0.0,28.34375,28.343749940395355,1.0000000021029203,4043.889404296875
executive_fatigue_and_avolition_0,Executive Fatigue & Avolition,Cognitive depletion pattern,landmark,11,0.06283185307179587,3.141592653589793,0.19344424626135137,3.141592653589793,4.8125,8.73069953918457,0.5512158537126199,18203.755859375
executive_fatigue_and_avolition_0,Executive Fatigue & Avolition,Cognitive depletion pattern,landmark,15,0.06283185307179587,3.141592653589793,0.19344424626135137,3.141592653589793,7.375001907348633,10.068456649780273,0.7324858380861757,26586.072265625
executive_fatigue_and_avolition_0,Executive Fatigue & Avolition,Cognitive depletion pattern,landmark,22,0.06283185307179587,3.141592653589793,0.19344424626135137,3.141592653589793,2.0,6.1634979248046875,0.324491064067873,34478.1953125
executive_fatigue_and_avolition_0,Executive Fatigue & Avolition,Cognitive depletion pattern,landmark,27,0.06283185307179587,3.141592653589793,0.19344424626135137,3.141592653589793,2.0,8.366203308105469,0.23905706404030733,39031.51171875
executive_fatigue_and_avolition_0,Executive Fatigue & Avolition,Cognitive depletion pattern,landmark,29,0.06283185307179587,3.141592653589793,0.19344424626135137,3.141592653589793,3.0,3.7341156005859375,0.8034030868056833,42568.5
executive_fatigue_and_avolition_0,Executive Fatigue & Avolition,Cognitive depletion pattern,landmark,1,0.0,0.0,0.0,0.0,23.1875,23.187500953674316,0.9999999588711902,889.1759033203125
executive_fatigue_and_avolition_0,Executive Fatigue & Avolition,Cognitive depletion pattern,landmark,5,0.0,0.0,0.0,0.0,22.437501907348633,22.437501907348633,1.0,2590.924072265625
executive_fatigue_and_avolition_0,Executive Fatigue & Avolition,Cognitive depletion pattern,landmark,7,0.0,0.0,0.0,0.0,28.34375,28.343749940395355,1.0000000021029203,4043.889404296875
executive_fatigue_and_avolition_0,Executive Fatigue & Avolition,Cognitive depletion pattern,landmark,11,0.06283185307179587,3.141592653589793,0.19344424626135137,3.141592653589793,4.8125,8.73069953918457,0.5512158537126199,18203.755859375
executive_fatigue_and_avolition_0,Executive Fatigue & Avolition,Cognitive depletion pattern,landmark,15,0.06283185307179587,3.141592653589793,0.19344424626135137,3.141592653589793,7.375001907348633,10.068456649780273,0.7324858380861757,26586.072265625
executive_fatigue_and_avolition_0,Executive Fatigue & Avolition,Cognitive depletion pattern,landmark,22,0.06283185307179587,3.141592653589793,0.19344424626135137,3.141592653589793,2.0,6.1634979248046875,0.324491064067873,34478.1953125
executive_fatigue_and_avolition_0,Executive Fatigue & Avolition,Cognitive depletion pattern,landmark,27,0.06283185307179587,3.141592653589793,0.19344424626135137,3.141592653589793,2.0,8.366203308105469,0.23905706404030733,39031.51171875
executive_fatigue_and_avolition_0,Executive Fatigue & Avolition,Cognitive depletion pattern,landmark,29,0.06283185307179587,3.141592653589793,0.19344424626135137,3.141592653589793,3.0,3.7341156005859375,0.8034030868056833,42568.5
executive_fatigue_and_avolition_0,Executive Fatigue & Avolition,Cognitive depletion pattern,landmark,1,0.0,0.0,0.0,0.0,23.1875,23.187500953674316,0.9999999588711902,889.1759033203125
executive_fatigue_and_avolition_0,Executive Fatigue & Avolition,Cognitive depletion pattern,landmark,5,0.0,0.0,0.0,0.0,22.437501907348633,22.437501907348633,1.0,2590.924072265625
executive_fatigue_and_avolition_0,Executive Fatigue & Avolition,Cognitive depletion pattern,landmark,7,0.0,0.0,0.0,0.0,28.34375,28.343749940395355,1.0000000021029203,4043.889404296875
executive_fatigue_and_avolition_0,Executive Fatigue & Avolition,Cognitive depletion pattern,landmark,11,0.06283185307179587,3.141592653589793,0.19344424626135137,3.141592653589793,4.8125,8.73069953918457,0.5512158537126199,18203.755859375
executive_fatigue_and_avolition_0,Executive Fatigue & Avolition,Cognitive depletion pattern,landmark,15,0.06283185307179587,3.141592653589793,0.19344424626135137,3.141592653589793,7.375001907348633,10.068456649780273,0.7324858380861757,26586.072265625
executive_fatigue_and_avolition_0,Executive Fatigue & Avolition,Cognitive depletion pattern,landmark,22,0.06283185307179587,3.141592653589793,0.19344424626135137,3.141592653589793,2.0,6.1634979248046875,0.324491064067873,34478.1953125
executive_fatigue_and_avolition_0,Executive Fatigue & Avolition,Cognitive depletion pattern,landmark,27,0.06283185307179587,3.141592653589793,0.19344424626135137,3.141592653589793,2.0,8.366203308105469,0.23905706404030733,39031.51171875
executive_fatigue_and_avolition_0,Executive Fatigue & Avolition,Cognitive depletion pattern,landmark,29,0.06283185307179587,3.141592653589793,0.19344424626135137,3.141592653589793,3.0,3.7341156005859375,0.8034030868056833,42568.5
executive_fatigue_and_avolition_0,Executive Fatigue & Avolition,Cognitive depletion pattern,landmark,1,0.0,0.0,0.0,0.0,23.1875,23.187500953674316,0.9999999588711902,889.1759033203125
executive_fatigue_and_avolition_0,Executive Fatigue & Avolition,Cognitive depletion pattern,landmark,5,0.0,0.0,0.0,0.0,22.437501907348633,22.437501907348633,1.0,2590.924072265625
executive_fatigue_and_avolition_0,Executive Fatigue & Avolition,Cognitive depletion pattern,landmark,7,0.0,0.0,0.0,0.0,28.34375,28.343749940395355,1.0000000021029203,4043.889404296875
executive_fatigue_and_avolition_0,Executive Fatigue & Avolition,Cognitive depletion pattern,landmark,11,0.06283185307179587,3.141592653589793,0.19344424626135137,3.141592653589793,4.8125,8.73069953918457,0.5512158537126199,18203.755859375
executive_fatigue_and_avolition_0,Executive Fatigue & Avolition,Cognitive depletion pattern,landmark,15,0.06283185307179587,3.141592653589793,0.19344424626135137,3.141592653589793,7.375001907348633,10.068456649780273,0.7324858380861757,26586.072265625
executive_fatigue_and_avolition_0,Executive Fatigue & Avolition,Cognitive depletion pattern,landmark,22,0.06283185307179587,3.141592653589793,0.19344424626135137,3.141592653589793,2.0,6.1634979248046875,0.324491064067873,34478.1953125
executive_fatigue_and_avolition_0,Executive Fatigue & Avolition,Cognitive depletion pattern,landmark,27,0.06283185307179587,3.141592653589793,0.19344424626135137,3.141592653589793,2.0,8.366203308105469,0.23905706404030733,39031.51171875
executive_fatigue_and_avolition_0,Executive Fatigue & Avolition,Cognitive depletion pattern,landmark,29,0.06283185307179587,3.141592653589793,0.19344424626135137,3.141592653589793,3.0,3.7341156005859375,0.8034030868056833,42568.5
executive_fatigue_and_avolition_0,Executive Fatigue & Avolition,Cognitive depletion pattern,landmark,1,0.0,0.0,0.0,0.0,23.1875,23.187500953674316,0.9999999588711902,889.1759033203125
executive_fatigue_and_avolition_0,Executive Fatigue & Avolition,Cognitive depletion pattern,landmark,5,0.0,0.0,0.0,0.0,22.437501907348633,22.437501907348633,1.0,2590.924072265625
executive_fatigue_and_avolition_0,Executive Fatigue & Avolition,Cognitive depletion pattern,landmark,7,0.0,0.0,0.0,0.0,28.34375,28.343749940395355,1.0000000021029203,4043.889404296875
executive_fatigue_and_avolition_0,Executive Fatigue & Avolition,Cognitive depletion pattern,landmark,11,0.06283185307179587,3.141592653589793,0.19344424626135137,3.141592653589793,4.8125,8.73069953918457,0.5512158537126199,18203.755859375
executive_fatigue_and_avolition_0,Executive Fatigue & Avolition,Cognitive depletion pattern,landmark,15,0.06283185307179587,3.141592653589793,0.19344424626135137,3.141592653589793,7.375001907348633,10.068456649780273,0.7324858380861757,26586.072265625
executive_fatigue_and_avolition_0,Executive Fatigue & Avolition,Cognitive depletion pattern,landmark,22,0.06283185307179587,3.141592653589793,0.19344424626135137,3.141592653589793,2.0,6.1634979248046875,0.324491064067873,34478.1953125
executive_fatigue_and_avolition_0,Executive Fatigue & Avolition,Cognitive depletion pattern,landmark,27,0.06283185307179587,3.141592653589793,0.19344424626135137,3.141592653589793,2.0,8.366203308105469,0.23905706404030733,39031.51171875
executive_fatigue_and_avolition_0,Executive Fatigue & Avolition,Cognitive depletion pattern,landmark,29,0.06283185307179587,3.141592653589793,0.19344424626135137,3.141592653589793,3.0,3.7341156005859375,0.8034030868056833,42568.5
executive_fatigue_and_avolition_0,Executive Fatigue & Avolition,Cognitive depletion pattern,landmark,1,0.0,0.0,0.0,0.0,23.1875,23.187500953674316,0.9999999588711902,889.1759033203125
executive_fatigue_and_avolition_0,Executive Fatigue & Avolition,Cognitive depletion pattern,landmark,5,0.0,0.0,0.0,0.0,22.437501907348633,22.437501907348633,1.0,2590.924072265625
executive_fatigue_and_avolition_0,Executive Fatigue & Avolition,Cognitive depletion pattern,landmark,7,0.0,0.0,0.0,0.0,28.34375,28.343749940395355,1.0000000021029203,4043.889404296875
executive_fatigue_and_avolition_0,Executive Fatigue & Avolition,Cognitive depletion pattern,landmark,11,0.06283185307179587,3.141592653589793,0.19344424626135137,3.141592653589793,4.8125,8.73069953918457,0.5512158537126199,18203.755859375
executive_fatigue_and_avolition_0,Executive Fatigue & Avolition,Cognitive depletion pattern,landmark,15,0.06283185307179587,3.141592653589793,0.19344424626135137,3.141592653589793,7.375001907348633,10.068456649780273,0.7324858380861757,26586.072265625
executive_fatigue_and_avolition_0,Executive Fatigue & Avolition,Cognitive depletion pattern,landmark,22,0.06283185307179587,3.141592653589793,0.19344424626135137,3.141592653589793,2.0,6.1634979248046875,0.324491064067873,34478.1953125
executive_fatigue_and_avolition_0,Executive Fatigue & Avolition,Cognitive depletion pattern,landmark,27,0.06283185307179587,3.141592653589793,0.19344424626135137,3.141592653589793,2.0,8.366203308105469,0.23905706404030733,39031.51171875
executive_fatigue_and_avolition_0,Executive Fatigue & Avolition,Cognitive depletion pattern,landmark,29,0.06283185307179587,3.141592653589793,0.19344424626135137,3.141592653589793,3.0,3.7341156005859375,0.8034030868056833,42568.5
executive_fatigue_and_avolition_0,Executive Fatigue & Avolition,Cognitive depletion pattern,landmark,1,0.0,0.0,0.0,0.0,23.1875,23.187500953674316,0.9999999588711902,889.1759033203125
executive_fatigue_and_avolition_0,Executive Fatigue & Avolition,Cognitive depletion pattern,landmark,5,0.0,0.0,0.0,0.0,22.437501907348633,22.437501907348633,1.0,2590.924072265625
executive_fatigue_and_avolition_0,Executive Fatigue & Avolition,Cognitive depletion pattern,landmark,7,0.0,0.0,0.0,0.0,28.34375,28.343749940395355,1.0000000021029203,4043.889404296875
executive_fatigue_and_avolition_0,Executive Fatigue & Avolition,Cognitive depletion pattern,landmark,11,0.06283185307179587,3.141592653589793,0.19344424626135137,3.141592653589793,4.8125,8.73069953918457,0.5512158537126199,18203.755859375
executive_fatigue_and_avolition_0,Executive Fatigue & Avolition,Cognitive depletion pattern,landmark,15,0.06283185307179587,3.141592653589793,0.19344424626135137,3.141592653589793,7.375001907348633,10.068456649780273,0.7324858380861757,26586.072265625
executive_fatigue_and_avolition_0,Executive Fatigue & Avolition,Cognitive depletion pattern,landmark,22,0.06283185307179587,3.141592653589793,0.19344424626135137,3.141592653589793,2.0,6.1634979248046875,0.324491064067873,34478.1953125
executive_fatigue_and_avolition_0,Executive Fatigue & Avolition,Cognitive depletion pattern,landmark,27,0.06283185307179587,3.141592653589793,0.19344424626135137,3.141592653589793,2.0,8.366203308105469,0.23905706404030733,39031.51171875
executive_fatigue_and_avolition_0,Executive Fatigue & Avolition,Cognitive depletion pattern,landmark,29,0.06283185307179587,3.141592653589793,0.19344424626135137,3.141592653589793,3.0,3.7341156005859375,0.8034030868056833,42568.5
executive_fatigue_and_avolition_0,Executive Fatigue & Avolition,Cognitive depletion pattern,landmark,1,0.0,0.0,0.0,0.0,23.1875,23.187500953674316,0.9999999588711902,889.1759033203125
executive_fatigue_and_avolition_0,Executive Fatigue & Avolition,Cognitive depletion pattern,landmark,5,0.0,0.0,0.0,0.0,22.437501907348633,22.437501907348633,1.0,2590.924072265625
executive_fatigue_and_avolition_0,Executive Fatigue & Avolition,Cognitive depletion pattern,landmark,7,0.0,0.0,0.0,0.0,28.34375,28.343749940395355,1.0000000021029203,4043.889404296875
executive_fatigue_and_avolition_0,Executive Fatigue & Avolition,Cognitive depletion pattern,landmark,11,0.06283185307179587,3.141592653589793,0.19344424626135137,3.141592653589793,4.8125,8.73069953918457,0.5512158537126199,18203.755859375
executive_fatigue_and_avolition_0,Executive Fatigue & Avolition,Cognitive depletion pattern,landmark,15,0.06283185307179587,3.141592653589793,0.19344424626135137,3.141592653589793,7.375001907348633,10.068456649780273,0.7324858380861757,26586.072265625
executive_fatigue_and_avolition_0,Executive Fatigue & Avolition,Cognitive depletion pattern,landmark,22,0.06283185307179587,3.141592653589793,0.19344424626135137,3.141592653589793,2.0,6.1634979248046875,0.324491064067873,34478.1953125
executive_fatigue_and_avolition_0,Executive Fatigue & Avolition,Cognitive depletion pattern,landmark,27,0.06283185307179587,3.141592653589793,0.19344424626135137,3.141592653589793,2.0,8.366203308105469,0.23905706404030733,39031.51171875
executive_fatigue_and_avolition_0,Executive Fatigue & Avolition,Cognitive depletion pattern,landmark,29,0.06283185307179587,3.141592653589793,0.19344424626135137,3.141592653589793,3.0,3.7341156005859375,0.8034030868056833,42568.5
executive_fatigue_and_avolition_0,Executive Fatigue & Avolition,Cognitive depletion pattern,landmark,1,0.0,0.0,0.0,0.0,23.1875,23.187500953674316,0.9999999588711902,889.1759033203125
executive_fatigue_and_avolition_0,Executive Fatigue & Avolition,Cognitive depletion pattern,landmark,5,0.0,0.0,0.0,0.0,22.437501907348633,22.437501907348633,1.0,2590.924072265625
executive_fatigue_and_avolition_0,Executive Fatigue & Avolition,Cognitive depletion pattern,landmark,7,0.0,0.0,0.0,0.0,28.34375,28.343749940395355,1.0000000021029203,4043.889404296875
executive_fatigue_and_avolition_0,Executive Fatigue & Avolition,Cognitive depletion pattern,landmark,11,0.06283185307179587,3.141592653589793,0.19344424626135137,3.141592653589793,4.8125,8.73069953918457,0.5512158537126199,18203.755859375
executive_fatigue_and_avolition_0,Executive Fatigue & Avolition,Cognitive depletion pattern,landmark,15,0.06283185307179587,3.141592653589793,0.19344424626135137,3.141592653589793,7.375001907348633,10.068456649780273,0.7324858380861757,26586.072265625
executive_fatigue_and_avolition_0,Executive Fatigue & Avolition,Cognitive depletion pattern,landmark,22,0.06283185307179587,3.141592653589793,0.19344424626135137,3.141592653589793,2.0,6.1634979248046875,0.324491064067873,34478.1953125
executive_fatigue_and_avolition_0,Executive Fatigue & Avolition,Cognitive depletion pattern,landmark,27,0.06283185307179587,3.141592653589793,0.19344424626135137,3.141592653589793,2.0,8.366203308105469,0.23905706404030733,39031.51171875
executive_fatigue_and_avolition_0,Executive Fatigue & Avolition,Cognitive depletion pattern,landmark,29,0.06283185307179587,3.141592653589793,0.19344424626135137,3.141592653589793,3.0,3.7341156005859375,0.8034030868056833,42568.5
executive_fatigue_and_avolition_0,Executive Fatigue & Avolition,Cognitive depletion pattern,landmark,1,0.0,0.0,0.0,0.0,23.1875,23.187500953674316,0.9999999588711902,889.1759033203125
executive_fatigue_and_avolition_0,Executive Fatigue & Avolition,Cognitive depletion pattern,landmark,5,0.0,0.0,0.0,0.0,22.437501907348633,22.437501907348633,1.0,2590.924072265625
executive_fatigue_and_avolition_0,Executive Fatigue & Avolition,Cognitive depletion pattern,landmark,7,0.0,0.0,0.0,0.0,28.34375,28.343749940395355,1.0000000021029203,4043.889404296875
executive_fatigue_and_avolition_0,Executive Fatigue & Avolition,Cognitive depletion pattern,landmark,11,0.06283185307179587,3.141592653589793,0.19344424626135137,3.141592653589793,4.8125,8.73069953918457,0.5512158537126199,18203.755859375
executive_fatigue_and_avolition_0,Executive Fatigue & Avolition,Cognitive depletion pattern,landmark,15,0.06283185307179587,3.141592653589793,0.19344424626135137,3.141592653589793,7.375001907348633,10.068456649780273,0.7324858380861757,26586.072265625
executive_fatigue_and_avolition_0,Executive Fatigue & Avolition,Cognitive depletion pattern,landmark,22,0.06283185307179587,3.141592653589793,0.19344424626135137,3.141592653589793,2.0,6.1634979248046875,0.324491064067873,34478.1953125
executive_fatigue_and_avolition_0,Executive Fatigue & Avolition,Cognitive depletion pattern,landmark,27,0.06283185307179587,3.141592653589793,0.19344424626135137,3.141592653589793,2.0,8.366203308105469,0.23905706404030733,39031.51171875
executive_fatigue_and_avolition_0,Executive Fatigue & Avolition,Cognitive depletion pattern,landmark,29,0.06283185307179587,3.141592653589793,0.19344424626135137,3.141592653589793,3.0,3.7341156005859375,0.8034030868056833,42568.5
executive_fatigue_and_avolition_0,Executive Fatigue & Avolition,Cognitive depletion pattern,landmark,1,0.0,0.0,0.0,0.0,23.1875,23.187500953674316,0.9999999588711902,889.1759033203125
executive_fatigue_and_avolition_0,Executive Fatigue & Avolition,Cognitive depletion pattern,landmark,5,0.0,0.0,0.0,0.0,22.437501907348633,22.437501907348633,1.0,2590.924072265625
executive_fatigue_and_avolition_0,Executive Fatigue & Avolition,Cognitive depletion pattern,landmark,7,0.0,0.0,0.0,0.0,28.34375,28.343749940395355,1.0000000021029203,4043.889404296875
executive_fatigue_and_avolition_0,Executive Fatigue & Avolition,Cognitive depletion pattern,landmark,11,0.06283185307179587,3.141592653589793,0.19344424626135137,3.141592653589793,4.8125,8.73069953918457,0.5512158537126199,18203.755859375
executive_fatigue_and_avolition_0,Executive Fatigue & Avolition,Cognitive depletion pattern,landmark,15,0.06283185307179587,3.141592653589793,0.19344424626135137,3.141592653589793,7.375001907348633,10.068456649780273,0.7324858380861757,26586.072265625
executive_fatigue_and_avolition_0,Executive Fatigue & Avolition,Cognitive depletion pattern,landmark,22,0.06283185307179587,3.141592653589793,0.19344424626135137,3.141592653589793,2.0,6.1634979248046875,0.324491064067873,34478.1953125
executive_fatigue_and_avolition_0,Executive Fatigue & Avolition,Cognitive depletion pattern,landmark,27,0.06283185307179587,3.141592653589793,0.19344424626135137,3.141592653589793,2.0,8.366203308105469,0.23905706404030733,39031.51171875
executive_fatigue_and_avolition_0,Executive Fatigue & Avolition,Cognitive depletion pattern,landmark,29,0.06283185307179587,3.141592653589793,0.19344424626135137,3.141592653589793,3.0,3.7341156005859375,0.8034030868056833,42568.5
executive_fatigue_and_avolition_0,Executive Fatigue & Avolition,Cognitive depletion pattern,landmark,1,0.0,0.0,0.0,0.0,23.1875,23.187500953674316,0.9999999588711902,889.1759033203125
executive_fatigue_and_avolition_0,Executive Fatigue & Avolition,Cognitive depletion pattern,landmark,5,0.0,0.0,0.0,0.0,22.437501907348633,22.437501907348633,1.0,2590.924072265625
executive_fatigue_and_avolition_0,Executive Fatigue & Avolition,Cognitive depletion pattern,landmark,7,0.0,0.0,0.0,0.0,28.34375,28.343749940395355,1.0000000021029203,4043.889404296875
executive_fatigue_and_avolition_0,Executive Fatigue & Avolition,Cognitive depletion pattern,landmark,11,0.06283185307179587,3.141592653589793,0.19344424626135137,3.141592653589793,4.8125,8.73069953918457,0.5512158537126199,18203.755859375
executive_fatigue_and_avolition_0,Executive Fatigue & Avolition,Cognitive depletion pattern,landmark,15,0.06283185307179587,3.141592653589793,0.19344424626135137,3.141592653589793,7.375001907348633,10.068456649780273,0.7324858380861757,26586.072265625
executive_fatigue_and_avolition_0,Executive Fatigue & Avolition,Cognitive depletion pattern,landmark,22,0.06283185307179587,3.141592653589793,0.19344424626135137,3.141592653589793,2.0,6.1634979248046875,0.324491064067873,34478.1953125
executive_fatigue_and_avolition_0,Executive Fatigue & Avolition,Cognitive depletion pattern,landmark,27,0.06283185307179587,3.141592653589793,0.19344424626135137,3.141592653589793,2.0,8.366203308105469,0.23905706404030733,39031.51171875
executive_fatigue_and_avolition_0,Executive Fatigue & Avolition,Cognitive depletion pattern,landmark,29,0.06283185307179587,3.141592653589793,0.19344424626135137,3.141592653589793,3.0,3.7341156005859375,0.8034030868056833,42568.5
executive_fatigue_and_avolition_0,Executive Fatigue & Avolition,Cognitive depletion pattern,landmark,1,0.0,0.0,0.0,0.0,23.1875,23.187500953674316,0.9999999588711902,889.1759033203125
executive_fatigue_and_avolition_0,Executive Fatigue & Avolition,Cognitive depletion pattern,landmark,5,0.0,0.0,0.0,0.0,22.437501907348633,22.437501907348633,1.0,2590.924072265625
executive_fatigue_and_avolition_0,Executive Fatigue & Avolition,Cognitive depletion pattern,landmark,7,0.0,0.0,0.0,0.0,28.34375,28.343749940395355,1.0000000021029203,4043.889404296875
executive_fatigue_and_avolition_0,Executive Fatigue & Avolition,Cognitive depletion pattern,landmark,11,0.06283185307179587,3.141592653589793,0.19344424626135137,3.141592653589793,4.8125,8.73069953918457,0.5512158537126199,18203.755859375
executive_fatigue_and_avolition_0,Executive Fatigue & Avolition,Cognitive depletion pattern,landmark,15,0.06283185307179587,3.141592653589793,0.19344424626135137,3.141592653589793,7.375001907348633,10.068456649780273,0.7324858380861757,26586.072265625
executive_fatigue_and_avolition_0,Executive Fatigue & Avolition,Cognitive depletion pattern,landmark,22,0.06283185307179587,3.141592653589793,0.19344424626135137,3.141592653589793,2.0,6.1634979248046875,0.324491064067873,34478.1953125
executive_fatigue_and_avolition_0,Executive Fatigue & Avolition,Cognitive depletion pattern,landmark,27,0.06283185307179587,3.141592653589793,0.19344424626135137,3.141592653589793,2.0,8.366203308105469,0.23905706404030733,39031.51171875
executive_fatigue_and_avolition_0,Executive Fatigue & Avolition,Cognitive depletion pattern,landmark,29,0.06283185307179587,3.141592653589793,0.19344424626135137,3.141592653589793,3.0,3.7341156005859375,0.8034030868056833,42568.5
executive_fatigue_and_avolition_0,Executive Fatigue & Avolition,Cognitive depletion pattern,landmark,1,0.0,0.0,0.0,0.0,23.1875,23.187500953674316,0.9999999588711902,889.1759033203125
executive_fatigue_and_avolition_0,Executive Fatigue & Avolition,Cognitive depletion pattern,landmark,5,0.0,0.0,0.0,0.0,22.437501907348633,22.437501907348633,1.0,2590.924072265625
executive_fatigue_and_avolition_0,Executive Fatigue & Avolition,Cognitive depletion pattern,landmark,7,0.0,0.0,0.0,0.0,28.34375,28.343749940395355,1.0000000021029203,4043.889404296875
executive_fatigue_and_avolition_0,Executive Fatigue & Avolition,Cognitive depletion pattern,landmark,11,0.06283185307179587,3.141592653589793,0.19344424626135137,3.141592653589793,4.8125,8.73069953918457,0.5512158537126199,18203.755859375
executive_fatigue_and_avolition_0,Executive Fatigue & Avolition,Cognitive depletion pattern,landmark,15,0.06283185307179587,3.141592653589793,0.19344424626135137,3.141592653589793,7.375001907348633,10.068456649780273,0.7324858380861757,26586.072265625
executive_fatigue_and_avolition_0,Executive Fatigue & Avolition,Cognitive depletion pattern,landmark,22,0.06283185307179587,3.141592653589793,0.19344424626135137,3.141592653589793,2.0,6.1634979248046875,0.324491064067873,34478.1953125
executive_fatigue_and_avolition_0,Executive Fatigue & Avolition,Cognitive depletion pattern,landmark,27,0.06283185307179587,3.141592653589793,0.19344424626135137,3.141592653589793,2.0,8.366203308105469,0.23905706404030733,39031.51171875
executive_fatigue_and_avolition_0,Executive Fatigue & Avolition,Cognitive depletion pattern,landmark,29,0.06283185307179587,3.141592653589793,0.19344424626135137,3.141592653589793,3.0,3.7341156005859375,0.8034030868056833,42568.5
executive_fatigue_and_avolition_0,Executive Fatigue & Avolition,Cognitive depletion pattern,landmark,1,0.0,0.0,0.0,0.0,23.1875,23.187500953674316,0.9999999588711902,889.1759033203125
executive_fatigue_and_avolition_0,Executive Fatigue & Avolition,Cognitive depletion pattern,landmark,5,0.0,0.0,0.0,0.0,22.437501907348633,22.437501907348633,1.0,2590.924072265625
executive_fatigue_and_avolition_0,Executive Fatigue & Avolition,Cognitive depletion pattern,landmark,7,0.0,0.0,0.0,0.0,28.34375,28.343749940395355,1.0000000021029203,4043.889404296875
executive_fatigue_and_avolition_0,Executive Fatigue & Avolition,Cognitive depletion pattern,landmark,11,0.06283185307179587,3.141592653589793,0.19344424626135137,3.141592653589793,4.8125,8.73069953918457,0.5512158537126199,18203.755859375
executive_fatigue_and_avolition_0,Executive Fatigue & Avolition,Cognitive depletion pattern,landmark,15,0.06283185307179587,3.141592653589793,0.19344424626135137,3.141592653589793,7.375001907348633,10.068456649780273,0.7324858380861757,26586.072265625
executive_fatigue_and_avolition_0,Executive Fatigue & Avolition,Cognitive depletion pattern,landmark,22,0.06283185307179587,3.141592653589793,0.19344424626135137,3.141592653589793,2.0,6.1634979248046875,0.324491064067873,34478.1953125
executive_fatigue_and_avolition_0,Executive Fatigue & Avolition,Cognitive depletion pattern,landmark,27,0.06283185307179587,3.141592653589793,0.19344424626135137,3.141592653589793,2.0,8.366203308105469,0.23905706404030733,39031.51171875
executive_fatigue_and_avolition_0,Executive Fatigue & Avolition,Cognitive depletion pattern,landmark,29,0.06283185307179587,3.141592653589793,0.19344424626135137,3.141592653589793,3.0,3.7341156005859375,0.8034030868056833,42568.5
existential_overload_and_worthlessness_0,Existential Overload & Worthlessness,Existential rumination,landmark,1,0.06283185307179587,3.141592653589793,0.19344424626135137,3.141592653589793,10.625,13.930761337280273,0.7627005978177455,968.3699340820312
existential_overload_and_worthlessness_0,Existential Overload & Worthlessness,Existential rumination,landmark,5,0.0,0.0,0.0,0.0,47.0625,47.0625,1.0,2158.466796875
existential_overload_and_worthlessness_0,Existential Overload & Worthlessness,Existential rumination,landmark,7,0.06283185307179587,3.141592653589793,0.19344424626135137,3.141592653589793,11.75,47.19856357574463,0.24894825413793592,3497.5859375
existential_overload_and_worthlessness_0,Existential Overload & Worthlessness,Existential rumination,landmark,11,0.0,0.0,0.0,0.0,6.75,6.75,1.0,18981.3203125
existential_overload_and_worthlessness_0,Existential Overload & Worthlessness,Existential rumination,landmark,15,0.06283185307179587,3.141592653589793,0.19344424626135137,3.141592653589793,29.859375,30.01254653930664,0.994896416433506,27712.138671875
existential_overload_and_worthlessness_0,Existential Overload & Worthlessness,Existential rumination,landmark,22,0.0,0.0,0.0,0.0,6.1875,6.1875,1.0,32697.48046875
existential_overload_and_worthlessness_0,Existential Overload & Worthlessness,Existential rumination,landmark,27,0.06283185307179587,3.141592653589793,0.19344424626135137,3.141592653589793,1.2499961853027344,36.51370620727539,0.03423361567864265,40837.28515625
existential_overload_and_worthlessness_0,Existential Overload & Worthlessness,Existential rumination,landmark,29,0.06283185307179587,3.141592653589793,0.19344424626135137,3.141592653589793,7.375,18.641063690185547,0.39563192973171973,47083.27734375
existential_overload_and_worthlessness_0,Existential Overload & Worthlessness,Existential rumination,landmark,1,0.06283185307179587,3.141592653589793,0.19344424626135137,3.141592653589793,10.625,13.930761337280273,0.7627005978177455,968.3699340820312
existential_overload_and_worthlessness_0,Existential Overload & Worthlessness,Existential rumination,landmark,5,0.0,0.0,0.0,0.0,47.0625,47.0625,1.0,2158.466796875
existential_overload_and_worthlessness_0,Existential Overload & Worthlessness,Existential rumination,landmark,7,0.06283185307179587,3.141592653589793,0.19344424626135137,3.141592653589793,11.75,47.19856357574463,0.24894825413793592,3497.5859375
existential_overload_and_worthlessness_0,Existential Overload & Worthlessness,Existential rumination,landmark,11,0.0,0.0,0.0,0.0,6.75,6.75,1.0,18981.3203125
existential_overload_and_worthlessness_0,Existential Overload & Worthlessness,Existential rumination,landmark,15,0.06283185307179587,3.141592653589793,0.19344424626135137,3.141592653589793,29.859375,30.01254653930664,0.994896416433506,27712.138671875
existential_overload_and_worthlessness_0,Existential Overload & Worthlessness,Existential rumination,landmark,22,0.0,0.0,0.0,0.0,6.1875,6.1875,1.0,32697.48046875
existential_overload_and_worthlessness_0,Existential Overload & Worthlessness,Existential rumination,landmark,27,0.06283185307179587,3.141592653589793,0.19344424626135137,3.141592653589793,1.2499961853027344,36.51370620727539,0.03423361567864265,40837.28515625
existential_overload_and_worthlessness_0,Existential Overload & Worthlessness,Existential rumination,landmark,29,0.06283185307179587,3.141592653589793,0.19344424626135137,3.141592653589793,7.375,18.641063690185547,0.39563192973171973,47083.27734375
existential_overload_and_worthlessness_0,Existential Overload & Worthlessness,Existential rumination,landmark,1,0.06283185307179587,3.141592653589793,0.19344424626135137,3.141592653589793,10.625,13.930761337280273,0.7627005978177455,968.3699340820312
existential_overload_and_worthlessness_0,Existential Overload & Worthlessness,Existential rumination,landmark,5,0.0,0.0,0.0,0.0,47.0625,47.0625,1.0,2158.466796875
existential_overload_and_worthlessness_0,Existential Overload & Worthlessness,Existential rumination,landmark,7,0.06283185307179587,3.141592653589793,0.19344424626135137,3.141592653589793,11.75,47.19856357574463,0.24894825413793592,3497.5859375
existential_overload_and_worthlessness_0,Existential Overload & Worthlessness,Existential rumination,landmark,11,0.0,0.0,0.0,0.0,6.75,6.75,1.0,18981.3203125
existential_overload_and_worthlessness_0,Existential Overload & Worthlessness,Existential rumination,landmark,15,0.06283185307179587,3.141592653589793,0.19344424626135137,3.141592653589793,29.859375,30.01254653930664,0.994896416433506,27712.138671875
existential_overload_and_worthlessness_0,Existential Overload & Worthlessness,Existential rumination,landmark,22,0.0,0.0,0.0,0.0,6.1875,6.1875,1.0,32697.48046875
existential_overload_and_worthlessness_0,Existential Overload & Worthlessness,Existential rumination,landmark,27,0.06283185307179587,3.141592653589793,0.19344424626135137,3.141592653589793,1.2499961853027344,36.51370620727539,0.03423361567864265,40837.28515625
existential_overload_and_worthlessness_0,Existential Overload & Worthlessness,Existential rumination,landmark,29,0.06283185307179587,3.141592653589793,0.19344424626135137,3.141592653589793,7.375,18.641063690185547,0.39563192973171973,47083.27734375
existential_overload_and_worthlessness_0,Existential Overload & Worthlessness,Existential rumination,landmark,1,0.06283185307179587,3.141592653589793,0.19344424626135137,3.141592653589793,10.625,13.930761337280273,0.7627005978177455,968.3699340820312
existential_overload_and_worthlessness_0,Existential Overload & Worthlessness,Existential rumination,landmark,5,0.0,0.0,0.0,0.0,47.0625,47.0625,1.0,2158.466796875
existential_overload_and_worthlessness_0,Existential Overload & Worthlessness,Existential rumination,landmark,7,0.06283185307179587,3.141592653589793,0.19344424626135137,3.141592653589793,11.75,47.19856357574463,0.24894825413793592,3497.5859375
existential_overload_and_worthlessness_0,Existential Overload & Worthlessness,Existential rumination,landmark,11,0.0,0.0,0.0,0.0,6.75,6.75,1.0,18981.3203125
existential_overload_and_worthlessness_0,Existential Overload & Worthlessness,Existential rumination,landmark,15,0.06283185307179587,3.141592653589793,0.19344424626135137,3.141592653589793,29.859375,30.01254653930664,0.994896416433506,27712.138671875
existential_overload_and_worthlessness_0,Existential Overload & Worthlessness,Existential rumination,landmark,22,0.0,0.0,0.0,0.0,6.1875,6.1875,1.0,32697.48046875
existential_overload_and_worthlessness_0,Existential Overload & Worthlessness,Existential rumination,landmark,27,0.06283185307179587,3.141592653589793,0.19344424626135137,3.141592653589793,1.2499961853027344,36.51370620727539,0.03423361567864265,40837.28515625
existential_overload_and_worthlessness_0,Existential Overload & Worthlessness,Existential rumination,landmark,29,0.06283185307179587,3.141592653589793,0.19344424626135137,3.141592653589793,7.375,18.641063690185547,0.39563192973171973,47083.27734375
existential_overload_and_worthlessness_0,Existential Overload & Worthlessness,Existential rumination,landmark,1,0.06283185307179587,3.141592653589793,0.19344424626135137,3.141592653589793,10.625,13.930761337280273,0.7627005978177455,968.3699340820312
existential_overload_and_worthlessness_0,Existential Overload & Worthlessness,Existential rumination,landmark,5,0.0,0.0,0.0,0.0,47.0625,47.0625,1.0,2158.466796875
existential_overload_and_worthlessness_0,Existential Overload & Worthlessness,Existential rumination,landmark,7,0.06283185307179587,3.141592653589793,0.19344424626135137,3.141592653589793,11.75,47.19856357574463,0.24894825413793592,3497.5859375
existential_overload_and_worthlessness_0,Existential Overload & Worthlessness,Existential rumination,landmark,11,0.0,0.0,0.0,0.0,6.75,6.75,1.0,18981.3203125
existential_overload_and_worthlessness_0,Existential Overload & Worthlessness,Existential rumination,landmark,15,0.06283185307179587,3.141592653589793,0.19344424626135137,3.141592653589793,29.859375,30.01254653930664,0.994896416433506,27712.138671875
existential_overload_and_worthlessness_0,Existential Overload & Worthlessness,Existential rumination,landmark,22,0.0,0.0,0.0,0.0,6.1875,6.1875,1.0,32697.48046875
existential_overload_and_worthlessness_0,Existential Overload & Worthlessness,Existential rumination,landmark,27,0.06283185307179587,3.141592653589793,0.19344424626135137,3.141592653589793,1.2499961853027344,36.51370620727539,0.03423361567864265,40837.28515625
existential_overload_and_worthlessness_0,Existential Overload & Worthlessness,Existential rumination,landmark,29,0.06283185307179587,3.141592653589793,0.19344424626135137,3.141592653589793,7.375,18.641063690185547,0.39563192973171973,47083.27734375
existential_overload_and_worthlessness_0,Existential Overload & Worthlessness,Existential rumination,landmark,1,0.06283185307179587,3.141592653589793,0.19344424626135137,3.141592653589793,10.625,13.930761337280273,0.7627005978177455,968.3699340820312
existential_overload_and_worthlessness_0,Existential Overload & Worthlessness,Existential rumination,landmark,5,0.0,0.0,0.0,0.0,47.0625,47.0625,1.0,2158.466796875
existential_overload_and_worthlessness_0,Existential Overload & Worthlessness,Existential rumination,landmark,7,0.06283185307179587,3.141592653589793,0.19344424626135137,3.141592653589793,11.75,47.19856357574463,0.24894825413793592,3497.5859375
existential_overload_and_worthlessness_0,Existential Overload & Worthlessness,Existential rumination,landmark,11,0.0,0.0,0.0,0.0,6.75,6.75,1.0,18981.3203125
existential_overload_and_worthlessness_0,Existential Overload & Worthlessness,Existential rumination,landmark,15,0.06283185307179587,3.141592653589793,0.19344424626135137,3.141592653589793,29.859375,30.01254653930664,0.994896416433506,27712.138671875
existential_overload_and_worthlessness_0,Existential Overload & Worthlessness,Existential rumination,landmark,22,0.0,0.0,0.0,0.0,6.1875,6.1875,1.0,32697.48046875
existential_overload_and_worthlessness_0,Existential Overload & Worthlessness,Existential rumination,landmark,27,0.06283185307179587,3.141592653589793,0.19344424626135137,3.141592653589793,1.2499961853027344,36.51370620727539,0.03423361567864265,40837.28515625
existential_overload_and_worthlessness_0,Existential Overload & Worthlessness,Existential rumination,landmark,29,0.06283185307179587,3.141592653589793,0.19344424626135137,3.141592653589793,7.375,18.641063690185547,0.39563192973171973,47083.27734375
existential_overload_and_worthlessness_0,Existential Overload & Worthlessness,Existential rumination,landmark,1,0.06283185307179587,3.141592653589793,0.19344424626135137,3.141592653589793,10.625,13.930761337280273,0.7627005978177455,968.3699340820312
existential_overload_and_worthlessness_0,Existential Overload & Worthlessness,Existential rumination,landmark,5,0.0,0.0,0.0,0.0,47.0625,47.0625,1.0,2158.466796875
existential_overload_and_worthlessness_0,Existential Overload & Worthlessness,Existential rumination,landmark,7,0.06283185307179587,3.141592653589793,0.19344424626135137,3.141592653589793,11.75,47.19856357574463,0.24894825413793592,3497.5859375
existential_overload_and_worthlessness_0,Existential Overload & Worthlessness,Existential rumination,landmark,11,0.0,0.0,0.0,0.0,6.75,6.75,1.0,18981.3203125
existential_overload_and_worthlessness_0,Existential Overload & Worthlessness,Existential rumination,landmark,15,0.06283185307179587,3.141592653589793,0.19344424626135137,3.141592653589793,29.859375,30.01254653930664,0.994896416433506,27712.138671875
existential_overload_and_worthlessness_0,Existential Overload & Worthlessness,Existential rumination,landmark,22,0.0,0.0,0.0,0.0,6.1875,6.1875,1.0,32697.48046875
existential_overload_and_worthlessness_0,Existential Overload & Worthlessness,Existential rumination,landmark,27,0.06283185307179587,3.141592653589793,0.19344424626135137,3.141592653589793,1.2499961853027344,36.51370620727539,0.03423361567864265,40837.28515625
existential_overload_and_worthlessness_0,Existential Overload & Worthlessness,Existential rumination,landmark,29,0.06283185307179587,3.141592653589793,0.19344424626135137,3.141592653589793,7.375,18.641063690185547,0.39563192973171973,47083.27734375
existential_overload_and_worthlessness_0,Existential Overload & Worthlessness,Existential rumination,landmark,1,0.06283185307179587,3.141592653589793,0.19344424626135137,3.141592653589793,10.625,13.930761337280273,0.7627005978177455,968.3699340820312
existential_overload_and_worthlessness_0,Existential Overload & Worthlessness,Existential rumination,landmark,5,0.0,0.0,0.0,0.0,47.0625,47.0625,1.0,2158.466796875
existential_overload_and_worthlessness_0,Existential Overload & Worthlessness,Existential rumination,landmark,7,0.06283185307179587,3.141592653589793,0.19344424626135137,3.141592653589793,11.75,47.19856357574463,0.24894825413793592,3497.5859375
existential_overload_and_worthlessness_0,Existential Overload & Worthlessness,Existential rumination,landmark,11,0.0,0.0,0.0,0.0,6.75,6.75,1.0,18981.3203125
existential_overload_and_worthlessness_0,Existential Overload & Worthlessness,Existential rumination,landmark,15,0.06283185307179587,3.141592653589793,0.19344424626135137,3.141592653589793,29.859375,30.01254653930664,0.994896416433506,27712.138671875
existential_overload_and_worthlessness_0,Existential Overload & Worthlessness,Existential rumination,landmark,22,0.0,0.0,0.0,0.0,6.1875,6.1875,1.0,32697.48046875
existential_overload_and_worthlessness_0,Existential Overload & Worthlessness,Existential rumination,landmark,27,0.06283185307179587,3.141592653589793,0.19344424626135137,3.141592653589793,1.2499961853027344,36.51370620727539,0.03423361567864265,40837.28515625
existential_overload_and_worthlessness_0,Existential Overload & Worthlessness,Existential rumination,landmark,29,0.06283185307179587,3.141592653589793,0.19344424626135137,3.141592653589793,7.375,18.641063690185547,0.39563192973171973,47083.27734375
existential_overload_and_worthlessness_0,Existential Overload & Worthlessness,Existential rumination,landmark,1,0.06283185307179587,3.141592653589793,0.19344424626135137,3.141592653589793,10.625,13.930761337280273,0.7627005978177455,968.3699340820312
existential_overload_and_worthlessness_0,Existential Overload & Worthlessness,Existential rumination,landmark,5,0.0,0.0,0.0,0.0,47.0625,47.0625,1.0,2158.466796875
existential_overload_and_worthlessness_0,Existential Overload & Worthlessness,Existential rumination,landmark,7,0.06283185307179587,3.141592653589793,0.19344424626135137,3.141592653589793,11.75,47.19856357574463,0.24894825413793592,3497.5859375
existential_overload_and_worthlessness_0,Existential Overload & Worthlessness,Existential rumination,landmark,11,0.0,0.0,0.0,0.0,6.75,6.75,1.0,18981.3203125
existential_overload_and_worthlessness_0,Existential Overload & Worthlessness,Existential rumination,landmark,15,0.06283185307179587,3.141592653589793,0.19344424626135137,3.141592653589793,29.859375,30.01254653930664,0.994896416433506,27712.138671875
existential_overload_and_worthlessness_0,Existential Overload & Worthlessness,Existential rumination,landmark,22,0.0,0.0,0.0,0.0,6.1875,6.1875,1.0,32697.48046875
existential_overload_and_worthlessness_0,Existential Overload & Worthlessness,Existential rumination,landmark,27,0.06283185307179587,3.141592653589793,0.19344424626135137,3.141592653589793,1.2499961853027344,36.51370620727539,0.03423361567864265,40837.28515625
existential_overload_and_worthlessness_0,Existential Overload & Worthlessness,Existential rumination,landmark,29,0.06283185307179587,3.141592653589793,0.19344424626135137,3.141592653589793,7.375,18.641063690185547,0.39563192973171973,47083.27734375
existential_overload_and_worthlessness_0,Existential Overload & Worthlessness,Existential rumination,landmark,1,0.06283185307179587,3.141592653589793,0.19344424626135137,3.141592653589793,10.625,13.930761337280273,0.7627005978177455,968.3699340820312
existential_overload_and_worthlessness_0,Existential Overload & Worthlessness,Existential rumination,landmark,5,0.0,0.0,0.0,0.0,47.0625,47.0625,1.0,2158.466796875
existential_overload_and_worthlessness_0,Existential Overload & Worthlessness,Existential rumination,landmark,7,0.06283185307179587,3.141592653589793,0.19344424626135137,3.141592653589793,11.75,47.19856357574463,0.24894825413793592,3497.5859375
existential_overload_and_worthlessness_0,Existential Overload & Worthlessness,Existential rumination,landmark,11,0.0,0.0,0.0,0.0,6.75,6.75,1.0,18981.3203125
existential_overload_and_worthlessness_0,Existential Overload & Worthlessness,Existential rumination,landmark,15,0.06283185307179587,3.141592653589793,0.19344424626135137,3.141592653589793,29.859375,30.01254653930664,0.994896416433506,27712.138671875
existential_overload_and_worthlessness_0,Existential Overload & Worthlessness,Existential rumination,landmark,22,0.0,0.0,0.0,0.0,6.1875,6.1875,1.0,32697.48046875
existential_overload_and_worthlessness_0,Existential Overload & Worthlessness,Existential rumination,landmark,27,0.06283185307179587,3.141592653589793,0.19344424626135137,3.141592653589793,1.2499961853027344,36.51370620727539,0.03423361567864265,40837.28515625
existential_overload_and_worthlessness_0,Existential Overload & Worthlessness,Existential rumination,landmark,29,0.06283185307179587,3.141592653589793,0.19344424626135137,3.141592653589793,7.375,18.641063690185547,0.39563192973171973,47083.27734375
existential_overload_and_worthlessness_0,Existential Overload & Worthlessness,Existential rumination,landmark,1,0.06283185307179587,3.141592653589793,0.19344424626135137,3.141592653589793,10.625,13.930761337280273,0.7627005978177455,968.3699340820312
existential_overload_and_worthlessness_0,Existential Overload & Worthlessness,Existential rumination,landmark,5,0.0,0.0,0.0,0.0,47.0625,47.0625,1.0,2158.466796875
existential_overload_and_worthlessness_0,Existential Overload & Worthlessness,Existential rumination,landmark,7,0.06283185307179587,3.141592653589793,0.19344424626135137,3.141592653589793,11.75,47.19856357574463,0.24894825413793592,3497.5859375
existential_overload_and_worthlessness_0,Existential Overload & Worthlessness,Existential rumination,landmark,11,0.0,0.0,0.0,0.0,6.75,6.75,1.0,18981.3203125
existential_overload_and_worthlessness_0,Existential Overload & Worthlessness,Existential rumination,landmark,15,0.06283185307179587,3.141592653589793,0.19344424626135137,3.141592653589793,29.859375,30.01254653930664,0.994896416433506,27712.138671875
existential_overload_and_worthlessness_0,Existential Overload & Worthlessness,Existential rumination,landmark,22,0.0,0.0,0.0,0.0,6.1875,6.1875,1.0,32697.48046875
existential_overload_and_worthlessness_0,Existential Overload & Worthlessness,Existential rumination,landmark,27,0.06283185307179587,3.141592653589793,0.19344424626135137,3.141592653589793,1.2499961853027344,36.51370620727539,0.03423361567864265,40837.28515625
existential_overload_and_worthlessness_0,Existential Overload & Worthlessness,Existential rumination,landmark,29,0.06283185307179587,3.141592653589793,0.19344424626135137,3.141592653589793,7.375,18.641063690185547,0.39563192973171973,47083.27734375
existential_overload_and_worthlessness_0,Existential Overload & Worthlessness,Existential rumination,landmark,1,0.06283185307179587,3.141592653589793,0.19344424626135137,3.141592653589793,10.625,13.930761337280273,0.7627005978177455,968.3699340820312
existential_overload_and_worthlessness_0,Existential Overload & Worthlessness,Existential rumination,landmark,5,0.0,0.0,0.0,0.0,47.0625,47.0625,1.0,2158.466796875
existential_overload_and_worthlessness_0,Existential Overload & Worthlessness,Existential rumination,landmark,7,0.06283185307179587,3.141592653589793,0.19344424626135137,3.141592653589793,11.75,47.19856357574463,0.24894825413793592,3497.5859375
existential_overload_and_worthlessness_0,Existential Overload & Worthlessness,Existential rumination,landmark,11,0.0,0.0,0.0,0.0,6.75,6.75,1.0,18981.3203125
existential_overload_and_worthlessness_0,Existential Overload & Worthlessness,Existential rumination,landmark,15,0.06283185307179587,3.141592653589793,0.19344424626135137,3.141592653589793,29.859375,30.01254653930664,0.994896416433506,27712.138671875
existential_overload_and_worthlessness_0,Existential Overload & Worthlessness,Existential rumination,landmark,22,0.0,0.0,0.0,0.0,6.1875,6.1875,1.0,32697.48046875
existential_overload_and_worthlessness_0,Existential Overload & Worthlessness,Existential rumination,landmark,27,0.06283185307179587,3.141592653589793,0.19344424626135137,3.141592653589793,1.2499961853027344,36.51370620727539,0.03423361567864265,40837.28515625
existential_overload_and_worthlessness_0,Existential Overload & Worthlessness,Existential rumination,landmark,29,0.06283185307179587,3.141592653589793,0.19344424626135137,3.141592653589793,7.375,18.641063690185547,0.39563192973171973,47083.27734375
existential_overload_and_worthlessness_0,Existential Overload & Worthlessness,Existential rumination,landmark,1,0.06283185307179587,3.141592653589793,0.19344424626135137,3.141592653589793,10.625,13.930761337280273,0.7627005978177455,968.3699340820312
existential_overload_and_worthlessness_0,Existential Overload & Worthlessness,Existential rumination,landmark,5,0.0,0.0,0.0,0.0,47.0625,47.0625,1.0,2158.466796875
existential_overload_and_worthlessness_0,Existential Overload & Worthlessness,Existential rumination,landmark,7,0.06283185307179587,3.141592653589793,0.19344424626135137,3.141592653589793,11.75,47.19856357574463,0.24894825413793592,3497.5859375
existential_overload_and_worthlessness_0,Existential Overload & Worthlessness,Existential rumination,landmark,11,0.0,0.0,0.0,0.0,6.75,6.75,1.0,18981.3203125
existential_overload_and_worthlessness_0,Existential Overload & Worthlessness,Existential rumination,landmark,15,0.06283185307179587,3.141592653589793,0.19344424626135137,3.141592653589793,29.859375,30.01254653930664,0.994896416433506,27712.138671875
existential_overload_and_worthlessness_0,Existential Overload & Worthlessness,Existential rumination,landmark,22,0.0,0.0,0.0,0.0,6.1875,6.1875,1.0,32697.48046875
existential_overload_and_worthlessness_0,Existential Overload & Worthlessness,Existential rumination,landmark,27,0.06283185307179587,3.141592653589793,0.19344424626135137,3.141592653589793,1.2499961853027344,36.51370620727539,0.03423361567864265,40837.28515625
existential_overload_and_worthlessness_0,Existential Overload & Worthlessness,Existential rumination,landmark,29,0.06283185307179587,3.141592653589793,0.19344424626135137,3.141592653589793,7.375,18.641063690185547,0.39563192973171973,47083.27734375
existential_overload_and_worthlessness_0,Existential Overload & Worthlessness,Existential rumination,landmark,1,0.06283185307179587,3.141592653589793,0.19344424626135137,3.141592653589793,10.625,13.930761337280273,0.7627005978177455,968.3699340820312
existential_overload_and_worthlessness_0,Existential Overload & Worthlessness,Existential rumination,landmark,5,0.0,0.0,0.0,0.0,47.0625,47.0625,1.0,2158.466796875
existential_overload_and_worthlessness_0,Existential Overload & Worthlessness,Existential rumination,landmark,7,0.06283185307179587,3.141592653589793,0.19344424626135137,3.141592653589793,11.75,47.19856357574463,0.24894825413793592,3497.5859375
existential_overload_and_worthlessness_0,Existential Overload & Worthlessness,Existential rumination,landmark,11,0.0,0.0,0.0,0.0,6.75,6.75,1.0,18981.3203125
existential_overload_and_worthlessness_0,Existential Overload & Worthlessness,Existential rumination,landmark,15,0.06283185307179587,3.141592653589793,0.19344424626135137,3.141592653589793,29.859375,30.01254653930664,0.994896416433506,27712.138671875
existential_overload_and_worthlessness_0,Existential Overload & Worthlessness,Existential rumination,landmark,22,0.0,0.0,0.0,0.0,6.1875,6.1875,1.0,32697.48046875
existential_overload_and_worthlessness_0,Existential Overload & Worthlessness,Existential rumination,landmark,27,0.06283185307179587,3.141592653589793,0.19344424626135137,3.141592653589793,1.2499961853027344,36.51370620727539,0.03423361567864265,40837.28515625
existential_overload_and_worthlessness_0,Existential Overload & Worthlessness,Existential rumination,landmark,29,0.06283185307179587,3.141592653589793,0.19344424626135137,3.141592653589793,7.375,18.641063690185547,0.39563192973171973,47083.27734375
existential_overload_and_worthlessness_0,Existential Overload & Worthlessness,Existential rumination,landmark,1,0.06283185307179587,3.141592653589793,0.19344424626135137,3.141592653589793,10.625,13.930761337280273,0.7627005978177455,968.3699340820312
existential_overload_and_worthlessness_0,Existential Overload & Worthlessness,Existential rumination,landmark,5,0.0,0.0,0.0,0.0,47.0625,47.0625,1.0,2158.466796875
existential_overload_and_worthlessness_0,Existential Overload & Worthlessness,Existential rumination,landmark,7,0.06283185307179587,3.141592653589793,0.19344424626135137,3.141592653589793,11.75,47.19856357574463,0.24894825413793592,3497.5859375
existential_overload_and_worthlessness_0,Existential Overload & Worthlessness,Existential rumination,landmark,11,0.0,0.0,0.0,0.0,6.75,6.75,1.0,18981.3203125
existential_overload_and_worthlessness_0,Existential Overload & Worthlessness,Existential rumination,landmark,15,0.06283185307179587,3.141592653589793,0.19344424626135137,3.141592653589793,29.859375,30.01254653930664,0.994896416433506,27712.138671875
existential_overload_and_worthlessness_0,Existential Overload & Worthlessness,Existential rumination,landmark,22,0.0,0.0,0.0,0.0,6.1875,6.1875,1.0,32697.48046875
existential_overload_and_worthlessness_0,Existential Overload & Worthlessness,Existential rumination,landmark,27,0.06283185307179587,3.141592653589793,0.19344424626135137,3.141592653589793,1.2499961853027344,36.51370620727539,0.03423361567864265,40837.28515625
existential_overload_and_worthlessness_0,Existential Overload & Worthlessness,Existential rumination,landmark,29,0.06283185307179587,3.141592653589793,0.19344424626135137,3.141592653589793,7.375,18.641063690185547,0.39563192973171973,47083.27734375
existential_overload_and_worthlessness_0,Existential Overload & Worthlessness,Existential rumination,landmark,1,0.06283185307179587,3.141592653589793,0.19344424626135137,3.141592653589793,10.625,13.930761337280273,0.7627005978177455,968.3699340820312
existential_overload_and_worthlessness_0,Existential Overload & Worthlessness,Existential rumination,landmark,5,0.0,0.0,0.0,0.0,47.0625,47.0625,1.0,2158.466796875
existential_overload_and_worthlessness_0,Existential Overload & Worthlessness,Existential rumination,landmark,7,0.06283185307179587,3.141592653589793,0.19344424626135137,3.141592653589793,11.75,47.19856357574463,0.24894825413793592,3497.5859375
existential_overload_and_worthlessness_0,Existential Overload & Worthlessness,Existential rumination,landmark,11,0.0,0.0,0.0,0.0,6.75,6.75,1.0,18981.3203125
existential_overload_and_worthlessness_0,Existential Overload & Worthlessness,Existential rumination,landmark,15,0.06283185307179587,3.141592653589793,0.19344424626135137,3.141592653589793,29.859375,30.01254653930664,0.994896416433506,27712.138671875
existential_overload_and_worthlessness_0,Existential Overload & Worthlessness,Existential rumination,landmark,22,0.0,0.0,0.0,0.0,6.1875,6.1875,1.0,32697.48046875
existential_overload_and_worthlessness_0,Existential Overload & Worthlessness,Existential rumination,landmark,27,0.06283185307179587,3.141592653589793,0.19344424626135137,3.141592653589793,1.2499961853027344,36.51370620727539,0.03423361567864265,40837.28515625
existential_overload_and_worthlessness_0,Existential Overload & Worthlessness,Existential rumination,landmark,29,0.06283185307179587,3.141592653589793,0.19344424626135137,3.141592653589793,7.375,18.641063690185547,0.39563192973171973,47083.27734375
existential_overload_and_worthlessness_0,Existential Overload & Worthlessness,Existential rumination,landmark,1,0.06283185307179587,3.141592653589793,0.19344424626135137,3.141592653589793,10.625,13.930761337280273,0.7627005978177455,968.3699340820312
existential_overload_and_worthlessness_0,Existential Overload & Worthlessness,Existential rumination,landmark,5,0.0,0.0,0.0,0.0,47.0625,47.0625,1.0,2158.466796875
existential_overload_and_worthlessness_0,Existential Overload & Worthlessness,Existential rumination,landmark,7,0.06283185307179587,3.141592653589793,0.19344424626135137,3.141592653589793,11.75,47.19856357574463,0.24894825413793592,3497.5859375
existential_overload_and_worthlessness_0,Existential Overload & Worthlessness,Existential rumination,landmark,11,0.0,0.0,0.0,0.0,6.75,6.75,1.0,18981.3203125
existential_overload_and_worthlessness_0,Existential Overload & Worthlessness,Existential rumination,landmark,15,0.06283185307179587,3.141592653589793,0.19344424626135137,3.141592653589793,29.859375,30.01254653930664,0.994896416433506,27712.138671875
existential_overload_and_worthlessness_0,Existential Overload & Worthlessness,Existential rumination,landmark,22,0.0,0.0,0.0,0.0,6.1875,6.1875,1.0,32697.48046875
existential_overload_and_worthlessness_0,Existential Overload & Worthlessness,Existential rumination,landmark,27,0.06283185307179587,3.141592653589793,0.19344424626135137,3.141592653589793,1.2499961853027344,36.51370620727539,0.03423361567864265,40837.28515625
existential_overload_and_worthlessness_0,Existential Overload & Worthlessness,Existential rumination,landmark,29,0.06283185307179587,3.141592653589793,0.19344424626135137,3.141592653589793,7.375,18.641063690185547,0.39563192973171973,47083.27734375
existential_overload_and_worthlessness_0,Existential Overload & Worthlessness,Existential rumination,landmark,1,0.06283185307179587,3.141592653589793,0.19344424626135137,3.141592653589793,10.625,13.930761337280273,0.7627005978177455,968.3699340820312
existential_overload_and_worthlessness_0,Existential Overload & Worthlessness,Existential rumination,landmark,5,0.0,0.0,0.0,0.0,47.0625,47.0625,1.0,2158.466796875
existential_overload_and_worthlessness_0,Existential Overload & Worthlessness,Existential rumination,landmark,7,0.06283185307179587,3.141592653589793,0.19344424626135137,3.141592653589793,11.75,47.19856357574463,0.24894825413793592,3497.5859375
existential_overload_and_worthlessness_0,Existential Overload & Worthlessness,Existential rumination,landmark,11,0.0,0.0,0.0,0.0,6.75,6.75,1.0,18981.3203125
existential_overload_and_worthlessness_0,Existential Overload & Worthlessness,Existential rumination,landmark,15,0.06283185307179587,3.141592653589793,0.19344424626135137,3.141592653589793,29.859375,30.01254653930664,0.994896416433506,27712.138671875
existential_overload_and_worthlessness_0,Existential Overload & Worthlessness,Existential rumination,landmark,22,0.0,0.0,0.0,0.0,6.1875,6.1875,1.0,32697.48046875
existential_overload_and_worthlessness_0,Existential Overload & Worthlessness,Existential rumination,landmark,27,0.06283185307179587,3.141592653589793,0.19344424626135137,3.141592653589793,1.2499961853027344,36.51370620727539,0.03423361567864265,40837.28515625
existential_overload_and_worthlessness_0,Existential Overload & Worthlessness,Existential rumination,landmark,29,0.06283185307179587,3.141592653589793,0.19344424626135137,3.141592653589793,7.375,18.641063690185547,0.39563192973171973,47083.27734375
existential_overload_and_worthlessness_0,Existential Overload & Worthlessness,Existential rumination,landmark,1,0.06283185307179587,3.141592653589793,0.19344424626135137,3.141592653589793,10.625,13.930761337280273,0.7627005978177455,968.3699340820312
existential_overload_and_worthlessness_0,Existential Overload & Worthlessness,Existential rumination,landmark,5,0.0,0.0,0.0,0.0,47.0625,47.0625,1.0,2158.466796875
existential_overload_and_worthlessness_0,Existential Overload & Worthlessness,Existential rumination,landmark,7,0.06283185307179587,3.141592653589793,0.19344424626135137,3.141592653589793,11.75,47.19856357574463,0.24894825413793592,3497.5859375
existential_overload_and_worthlessness_0,Existential Overload & Worthlessness,Existential rumination,landmark,11,0.0,0.0,0.0,0.0,6.75,6.75,1.0,18981.3203125
existential_overload_and_worthlessness_0,Existential Overload & Worthlessness,Existential rumination,landmark,15,0.06283185307179587,3.141592653589793,0.19344424626135137,3.141592653589793,29.859375,30.01254653930664,0.994896416433506,27712.138671875
existential_overload_and_worthlessness_0,Existential Overload & Worthlessness,Existential rumination,landmark,22,0.0,0.0,0.0,0.0,6.1875,6.1875,1.0,32697.48046875
existential_overload_and_worthlessness_0,Existential Overload & Worthlessness,Existential rumination,landmark,27,0.06283185307179587,3.141592653589793,0.19344424626135137,3.141592653589793,1.2499961853027344,36.51370620727539,0.03423361567864265,40837.28515625
existential_overload_and_worthlessness_0,Existential Overload & Worthlessness,Existential rumination,landmark,29,0.06283185307179587,3.141592653589793,0.19344424626135137,3.141592653589793,7.375,18.641063690185547,0.39563192973171973,47083.27734375
existential_overload_and_worthlessness_0,Existential Overload & Worthlessness,Existential rumination,landmark,1,0.06283185307179587,3.141592653589793,0.19344424626135137,3.141592653589793,10.625,13.930761337280273,0.7627005978177455,968.3699340820312
existential_overload_and_worthlessness_0,Existential Overload & Worthlessness,Existential rumination,landmark,5,0.0,0.0,0.0,0.0,47.0625,47.0625,1.0,2158.466796875
existential_overload_and_worthlessness_0,Existential Overload & Worthlessness,Existential rumination,landmark,7,0.06283185307179587,3.141592653589793,0.19344424626135137,3.141592653589793,11.75,47.19856357574463,0.24894825413793592,3497.5859375
existential_overload_and_worthlessness_0,Existential Overload & Worthlessness,Existential rumination,landmark,11,0.0,0.0,0.0,0.0,6.75,6.75,1.0,18981.3203125
existential_overload_and_worthlessness_0,Existential Overload & Worthlessness,Existential rumination,landmark,15,0.06283185307179587,3.141592653589793,0.19344424626135137,3.141592653589793,29.859375,30.01254653930664,0.994896416433506,27712.138671875
existential_overload_and_worthlessness_0,Existential Overload & Worthlessness,Existential rumination,landmark,22,0.0,0.0,0.0,0.0,6.1875,6.1875,1.0,32697.48046875
existential_overload_and_worthlessness_0,Existential Overload & Worthlessness,Existential rumination,landmark,27,0.06283185307179587,3.141592653589793,0.19344424626135137,3.141592653589793,1.2499961853027344,36.51370620727539,0.03423361567864265,40837.28515625
existential_overload_and_worthlessness_0,Existential Overload & Worthlessness,Existential rumination,landmark,29,0.06283185307179587,3.141592653589793,0.19344424626135137,3.141592653589793,7.375,18.641063690185547,0.39563192973171973,47083.27734375
existential_overload_and_worthlessness_0,Existential Overload & Worthlessness,Existential rumination,landmark,1,0.06283185307179587,3.141592653589793,0.19344424626135137,3.141592653589793,10.625,13.930761337280273,0.7627005978177455,968.3699340820312
existential_overload_and_worthlessness_0,Existential Overload & Worthlessness,Existential rumination,landmark,5,0.0,0.0,0.0,0.0,47.0625,47.0625,1.0,2158.466796875
existential_overload_and_worthlessness_0,Existential Overload & Worthlessness,Existential rumination,landmark,7,0.06283185307179587,3.141592653589793,0.19344424626135137,3.141592653589793,11.75,47.19856357574463,0.24894825413793592,3497.5859375
existential_overload_and_worthlessness_0,Existential Overload & Worthlessness,Existential rumination,landmark,11,0.0,0.0,0.0,0.0,6.75,6.75,1.0,18981.3203125
existential_overload_and_worthlessness_0,Existential Overload & Worthlessness,Existential rumination,landmark,15,0.06283185307179587,3.141592653589793,0.19344424626135137,3.141592653589793,29.859375,30.01254653930664,0.994896416433506,27712.138671875
existential_overload_and_worthlessness_0,Existential Overload & Worthlessness,Existential rumination,landmark,22,0.0,0.0,0.0,0.0,6.1875,6.1875,1.0,32697.48046875
existential_overload_and_worthlessness_0,Existential Overload & Worthlessness,Existential rumination,landmark,27,0.06283185307179587,3.141592653589793,0.19344424626135137,3.141592653589793,1.2499961853027344,36.51370620727539,0.03423361567864265,40837.28515625
existential_overload_and_worthlessness_0,Existential Overload & Worthlessness,Existential rumination,landmark,29,0.06283185307179587,3.141592653589793,0.19344424626135137,3.141592653589793,7.375,18.641063690185547,0.39563192973171973,47083.27734375
existential_overload_and_worthlessness_0,Existential Overload & Worthlessness,Existential rumination,landmark,1,0.06283185307179587,3.141592653589793,0.19344424626135137,3.141592653589793,10.625,13.930761337280273,0.7627005978177455,968.3699340820312
existential_overload_and_worthlessness_0,Existential Overload & Worthlessness,Existential rumination,landmark,5,0.0,0.0,0.0,0.0,47.0625,47.0625,1.0,2158.466796875
existential_overload_and_worthlessness_0,Existential Overload & Worthlessness,Existential rumination,landmark,7,0.06283185307179587,3.141592653589793,0.19344424626135137,3.141592653589793,11.75,47.19856357574463,0.24894825413793592,3497.5859375
existential_overload_and_worthlessness_0,Existential Overload & Worthlessness,Existential rumination,landmark,11,0.0,0.0,0.0,0.0,6.75,6.75,1.0,18981.3203125
existential_overload_and_worthlessness_0,Existential Overload & Worthlessness,Existential rumination,landmark,15,0.06283185307179587,3.141592653589793,0.19344424626135137,3.141592653589793,29.859375,30.01254653930664,0.994896416433506,27712.138671875
existential_overload_and_worthlessness_0,Existential Overload & Worthlessness,Existential rumination,landmark,22,0.0,0.0,0.0,0.0,6.1875,6.1875,1.0,32697.48046875
existential_overload_and_worthlessness_0,Existential Overload & Worthlessness,Existential rumination,landmark,27,0.06283185307179587,3.141592653589793,0.19344424626135137,3.141592653589793,1.2499961853027344,36.51370620727539,0.03423361567864265,40837.28515625
existential_overload_and_worthlessness_0,Existential Overload & Worthlessness,Existential rumination,landmark,29,0.06283185307179587,3.141592653589793,0.19344424626135137,3.141592653589793,7.375,18.641063690185547,0.39563192973171973,47083.27734375
existential_overload_and_worthlessness_0,Existential Overload & Worthlessness,Existential rumination,landmark,1,0.06283185307179587,3.141592653589793,0.19344424626135137,3.141592653589793,10.625,13.930761337280273,0.7627005978177455,968.3699340820312
existential_overload_and_worthlessness_0,Existential Overload & Worthlessness,Existential rumination,landmark,5,0.0,0.0,0.0,0.0,47.0625,47.0625,1.0,2158.466796875
existential_overload_and_worthlessness_0,Existential Overload & Worthlessness,Existential rumination,landmark,7,0.06283185307179587,3.141592653589793,0.19344424626135137,3.141592653589793,11.75,47.19856357574463,0.24894825413793592,3497.5859375
existential_overload_and_worthlessness_0,Existential Overload & Worthlessness,Existential rumination,landmark,11,0.0,0.0,0.0,0.0,6.75,6.75,1.0,18981.3203125
existential_overload_and_worthlessness_0,Existential Overload & Worthlessness,Existential rumination,landmark,15,0.06283185307179587,3.141592653589793,0.19344424626135137,3.141592653589793,29.859375,30.01254653930664,0.994896416433506,27712.138671875
existential_overload_and_worthlessness_0,Existential Overload & Worthlessness,Existential rumination,landmark,22,0.0,0.0,0.0,0.0,6.1875,6.1875,1.0,32697.48046875
existential_overload_and_worthlessness_0,Existential Overload & Worthlessness,Existential rumination,landmark,27,0.06283185307179587,3.141592653589793,0.19344424626135137,3.141592653589793,1.2499961853027344,36.51370620727539,0.03423361567864265,40837.28515625
existential_overload_and_worthlessness_0,Existential Overload & Worthlessness,Existential rumination,landmark,29,0.06283185307179587,3.141592653589793,0.19344424626135137,3.141592653589793,7.375,18.641063690185547,0.39563192973171973,47083.27734375
existential_overload_and_worthlessness_0,Existential Overload & Worthlessness,Existential rumination,landmark,1,0.06283185307179587,3.141592653589793,0.19344424626135137,3.141592653589793,10.625,13.930761337280273,0.7627005978177455,968.3699340820312
existential_overload_and_worthlessness_0,Existential Overload & Worthlessness,Existential rumination,landmark,5,0.0,0.0,0.0,0.0,47.0625,47.0625,1.0,2158.466796875
existential_overload_and_worthlessness_0,Existential Overload & Worthlessness,Existential rumination,landmark,7,0.06283185307179587,3.141592653589793,0.19344424626135137,3.141592653589793,11.75,47.19856357574463,0.24894825413793592,3497.5859375
existential_overload_and_worthlessness_0,Existential Overload & Worthlessness,Existential rumination,landmark,11,0.0,0.0,0.0,0.0,6.75,6.75,1.0,18981.3203125
existential_overload_and_worthlessness_0,Existential Overload & Worthlessness,Existential rumination,landmark,15,0.06283185307179587,3.141592653589793,0.19344424626135137,3.141592653589793,29.859375,30.01254653930664,0.994896416433506,27712.138671875
existential_overload_and_worthlessness_0,Existential Overload & Worthlessness,Existential rumination,landmark,22,0.0,0.0,0.0,0.0,6.1875,6.1875,1.0,32697.48046875
existential_overload_and_worthlessness_0,Existential Overload & Worthlessness,Existential rumination,landmark,27,0.06283185307179587,3.141592653589793,0.19344424626135137,3.141592653589793,1.2499961853027344,36.51370620727539,0.03423361567864265,40837.28515625
existential_overload_and_worthlessness_0,Existential Overload & Worthlessness,Existential rumination,landmark,29,0.06283185307179587,3.141592653589793,0.19344424626135137,3.141592653589793,7.375,18.641063690185547,0.39563192973171973,47083.27734375
existential_overload_and_worthlessness_0,Existential Overload & Worthlessness,Existential rumination,landmark,1,0.06283185307179587,3.141592653589793,0.19344424626135137,3.141592653589793,10.625,13.930761337280273,0.7627005978177455,968.3699340820312
existential_overload_and_worthlessness_0,Existential Overload & Worthlessness,Existential rumination,landmark,5,0.0,0.0,0.0,0.0,47.0625,47.0625,1.0,2158.466796875
existential_overload_and_worthlessness_0,Existential Overload & Worthlessness,Existential rumination,landmark,7,0.06283185307179587,3.141592653589793,0.19344424626135137,3.141592653589793,11.75,47.19856357574463,0.24894825413793592,3497.5859375
existential_overload_and_worthlessness_0,Existential Overload & Worthlessness,Existential rumination,landmark,11,0.0,0.0,0.0,0.0,6.75,6.75,1.0,18981.3203125
existential_overload_and_worthlessness_0,Existential Overload & Worthlessness,Existential rumination,landmark,15,0.06283185307179587,3.141592653589793,0.19344424626135137,3.141592653589793,29.859375,30.01254653930664,0.994896416433506,27712.138671875
existential_overload_and_worthlessness_0,Existential Overload & Worthlessness,Existential rumination,landmark,22,0.0,0.0,0.0,0.0,6.1875,6.1875,1.0,32697.48046875
existential_overload_and_worthlessness_0,Existential Overload & Worthlessness,Existential rumination,landmark,27,0.06283185307179587,3.141592653589793,0.19344424626135137,3.141592653589793,1.2499961853027344,36.51370620727539,0.03423361567864265,40837.28515625
existential_overload_and_worthlessness_0,Existential Overload & Worthlessness,Existential rumination,landmark,29,0.06283185307179587,3.141592653589793,0.19344424626135137,3.141592653589793,7.375,18.641063690185547,0.39563192973171973,47083.27734375
existential_overload_and_worthlessness_0,Existential Overload & Worthlessness,Existential rumination,landmark,1,0.06283185307179587,3.141592653589793,0.19344424626135137,3.141592653589793,10.625,13.930761337280273,0.7627005978177455,968.3699340820312
existential_overload_and_worthlessness_0,Existential Overload & Worthlessness,Existential rumination,landmark,5,0.0,0.0,0.0,0.0,47.0625,47.0625,1.0,2158.466796875
existential_overload_and_worthlessness_0,Existential Overload & Worthlessness,Existential rumination,landmark,7,0.06283185307179587,3.141592653589793,0.19344424626135137,3.141592653589793,11.75,47.19856357574463,0.24894825413793592,3497.5859375
existential_overload_and_worthlessness_0,Existential Overload & Worthlessness,Existential rumination,landmark,11,0.0,0.0,0.0,0.0,6.75,6.75,1.0,18981.3203125
existential_overload_and_worthlessness_0,Existential Overload & Worthlessness,Existential rumination,landmark,15,0.06283185307179587,3.141592653589793,0.19344424626135137,3.141592653589793,29.859375,30.01254653930664,0.994896416433506,27712.138671875
existential_overload_and_worthlessness_0,Existential Overload & Worthlessness,Existential rumination,landmark,22,0.0,0.0,0.0,0.0,6.1875,6.1875,1.0,32697.48046875
existential_overload_and_worthlessness_0,Existential Overload & Worthlessness,Existential rumination,landmark,27,0.06283185307179587,3.141592653589793,0.19344424626135137,3.141592653589793,1.2499961853027344,36.51370620727539,0.03423361567864265,40837.28515625
existential_overload_and_worthlessness_0,Existential Overload & Worthlessness,Existential rumination,landmark,29,0.06283185307179587,3.141592653589793,0.19344424626135137,3.141592653589793,7.375,18.641063690185547,0.39563192973171973,47083.27734375
existential_overload_and_worthlessness_0,Existential Overload & Worthlessness,Existential rumination,landmark,1,0.06283185307179587,3.141592653589793,0.19344424626135137,3.141592653589793,10.625,13.930761337280273,0.7627005978177455,968.3699340820312
existential_overload_and_worthlessness_0,Existential Overload & Worthlessness,Existential rumination,landmark,5,0.0,0.0,0.0,0.0,47.0625,47.0625,1.0,2158.466796875
existential_overload_and_worthlessness_0,Existential Overload & Worthlessness,Existential rumination,landmark,7,0.06283185307179587,3.141592653589793,0.19344424626135137,3.141592653589793,11.75,47.19856357574463,0.24894825413793592,3497.5859375
existential_overload_and_worthlessness_0,Existential Overload & Worthlessness,Existential rumination,landmark,11,0.0,0.0,0.0,0.0,6.75,6.75,1.0,18981.3203125
existential_overload_and_worthlessness_0,Existential Overload & Worthlessness,Existential rumination,landmark,15,0.06283185307179587,3.141592653589793,0.19344424626135137,3.141592653589793,29.859375,30.01254653930664,0.994896416433506,27712.138671875
existential_overload_and_worthlessness_0,Existential Overload & Worthlessness,Existential rumination,landmark,22,0.0,0.0,0.0,0.0,6.1875,6.1875,1.0,32697.48046875
existential_overload_and_worthlessness_0,Existential Overload & Worthlessness,Existential rumination,landmark,27,0.06283185307179587,3.141592653589793,0.19344424626135137,3.141592653589793,1.2499961853027344,36.51370620727539,0.03423361567864265,40837.28515625
existential_overload_and_worthlessness_0,Existential Overload & Worthlessness,Existential rumination,landmark,29,0.06283185307179587,3.141592653589793,0.19344424626135137,3.141592653589793,7.375,18.641063690185547,0.39563192973171973,47083.27734375
existential_overload_and_worthlessness_0,Existential Overload & Worthlessness,Existential rumination,landmark,1,0.06283185307179587,3.141592653589793,0.19344424626135137,3.141592653589793,10.625,13.930761337280273,0.7627005978177455,968.3699340820312
existential_overload_and_worthlessness_0,Existential Overload & Worthlessness,Existential rumination,landmark,5,0.0,0.0,0.0,0.0,47.0625,47.0625,1.0,2158.466796875
existential_overload_and_worthlessness_0,Existential Overload & Worthlessness,Existential rumination,landmark,7,0.06283185307179587,3.141592653589793,0.19344424626135137,3.141592653589793,11.75,47.19856357574463,0.24894825413793592,3497.5859375
existential_overload_and_worthlessness_0,Existential Overload & Worthlessness,Existential rumination,landmark,11,0.0,0.0,0.0,0.0,6.75,6.75,1.0,18981.3203125
existential_overload_and_worthlessness_0,Existential Overload & Worthlessness,Existential rumination,landmark,15,0.06283185307179587,3.141592653589793,0.19344424626135137,3.141592653589793,29.859375,30.01254653930664,0.994896416433506,27712.138671875
existential_overload_and_worthlessness_0,Existential Overload & Worthlessness,Existential rumination,landmark,22,0.0,0.0,0.0,0.0,6.1875,6.1875,1.0,32697.48046875
existential_overload_and_worthlessness_0,Existential Overload & Worthlessness,Existential rumination,landmark,27,0.06283185307179587,3.141592653589793,0.19344424626135137,3.141592653589793,1.2499961853027344,36.51370620727539,0.03423361567864265,40837.28515625
existential_overload_and_worthlessness_0,Existential Overload & Worthlessness,Existential rumination,landmark,29,0.06283185307179587,3.141592653589793,0.19344424626135137,3.141592653589793,7.375,18.641063690185547,0.39563192973171973,47083.27734375
existential_overload_and_worthlessness_0,Existential Overload & Worthlessness,Existential rumination,landmark,1,0.06283185307179587,3.141592653589793,0.19344424626135137,3.141592653589793,10.625,13.930761337280273,0.7627005978177455,968.3699340820312
existential_overload_and_worthlessness_0,Existential Overload & Worthlessness,Existential rumination,landmark,5,0.0,0.0,0.0,0.0,47.0625,47.0625,1.0,2158.466796875
existential_overload_and_worthlessness_0,Existential Overload & Worthlessness,Existential rumination,landmark,7,0.06283185307179587,3.141592653589793,0.19344424626135137,3.141592653589793,11.75,47.19856357574463,0.24894825413793592,3497.5859375
existential_overload_and_worthlessness_0,Existential Overload & Worthlessness,Existential rumination,landmark,11,0.0,0.0,0.0,0.0,6.75,6.75,1.0,18981.3203125
existential_overload_and_worthlessness_0,Existential Overload & Worthlessness,Existential rumination,landmark,15,0.06283185307179587,3.141592653589793,0.19344424626135137,3.141592653589793,29.859375,30.01254653930664,0.994896416433506,27712.138671875
existential_overload_and_worthlessness_0,Existential Overload & Worthlessness,Existential rumination,landmark,22,0.0,0.0,0.0,0.0,6.1875,6.1875,1.0,32697.48046875
existential_overload_and_worthlessness_0,Existential Overload & Worthlessness,Existential rumination,landmark,27,0.06283185307179587,3.141592653589793,0.19344424626135137,3.141592653589793,1.2499961853027344,36.51370620727539,0.03423361567864265,40837.28515625
existential_overload_and_worthlessness_0,Existential Overload & Worthlessness,Existential rumination,landmark,29,0.06283185307179587,3.141592653589793,0.19344424626135137,3.141592653589793,7.375,18.641063690185547,0.39563192973171973,47083.27734375
existential_overload_and_worthlessness_0,Existential Overload & Worthlessness,Existential rumination,landmark,1,0.06283185307179587,3.141592653589793,0.19344424626135137,3.141592653589793,10.625,13.930761337280273,0.7627005978177455,968.3699340820312
existential_overload_and_worthlessness_0,Existential Overload & Worthlessness,Existential rumination,landmark,5,0.0,0.0,0.0,0.0,47.0625,47.0625,1.0,2158.466796875
existential_overload_and_worthlessness_0,Existential Overload & Worthlessness,Existential rumination,landmark,7,0.06283185307179587,3.141592653589793,0.19344424626135137,3.141592653589793,11.75,47.19856357574463,0.24894825413793592,3497.5859375
existential_overload_and_worthlessness_0,Existential Overload & Worthlessness,Existential rumination,landmark,11,0.0,0.0,0.0,0.0,6.75,6.75,1.0,18981.3203125
existential_overload_and_worthlessness_0,Existential Overload & Worthlessness,Existential rumination,landmark,15,0.06283185307179587,3.141592653589793,0.19344424626135137,3.141592653589793,29.859375,30.01254653930664,0.994896416433506,27712.138671875
existential_overload_and_worthlessness_0,Existential Overload & Worthlessness,Existential rumination,landmark,22,0.0,0.0,0.0,0.0,6.1875,6.1875,1.0,32697.48046875
existential_overload_and_worthlessness_0,Existential Overload & Worthlessness,Existential rumination,landmark,27,0.06283185307179587,3.141592653589793,0.19344424626135137,3.141592653589793,1.2499961853027344,36.51370620727539,0.03423361567864265,40837.28515625
existential_overload_and_worthlessness_0,Existential Overload & Worthlessness,Existential rumination,landmark,29,0.06283185307179587,3.141592653589793,0.19344424626135137,3.141592653589793,7.375,18.641063690185547,0.39563192973171973,47083.27734375
existential_overload_and_worthlessness_0,Existential Overload & Worthlessness,Existential rumination,landmark,1,0.06283185307179587,3.141592653589793,0.19344424626135137,3.141592653589793,10.625,13.930761337280273,0.7627005978177455,968.3699340820312
existential_overload_and_worthlessness_0,Existential Overload & Worthlessness,Existential rumination,landmark,5,0.0,0.0,0.0,0.0,47.0625,47.0625,1.0,2158.466796875
existential_overload_and_worthlessness_0,Existential Overload & Worthlessness,Existential rumination,landmark,7,0.06283185307179587,3.141592653589793,0.19344424626135137,3.141592653589793,11.75,47.19856357574463,0.24894825413793592,3497.5859375
existential_overload_and_worthlessness_0,Existential Overload & Worthlessness,Existential rumination,landmark,11,0.0,0.0,0.0,0.0,6.75,6.75,1.0,18981.3203125
existential_overload_and_worthlessness_0,Existential Overload & Worthlessness,Existential rumination,landmark,15,0.06283185307179587,3.141592653589793,0.19344424626135137,3.141592653589793,29.859375,30.01254653930664,0.994896416433506,27712.138671875
existential_overload_and_worthlessness_0,Existential Overload & Worthlessness,Existential rumination,landmark,22,0.0,0.0,0.0,0.0,6.1875,6.1875,1.0,32697.48046875
existential_overload_and_worthlessness_0,Existential Overload & Worthlessness,Existential rumination,landmark,27,0.06283185307179587,3.141592653589793,0.19344424626135137,3.141592653589793,1.2499961853027344,36.51370620727539,0.03423361567864265,40837.28515625
existential_overload_and_worthlessness_0,Existential Overload & Worthlessness,Existential rumination,landmark,29,0.06283185307179587,3.141592653589793,0.19344424626135137,3.141592653589793,7.375,18.641063690185547,0.39563192973171973,47083.27734375
existential_overload_and_worthlessness_0,Existential Overload & Worthlessness,Existential rumination,landmark,1,0.06283185307179587,3.141592653589793,0.19344424626135137,3.141592653589793,10.625,13.930761337280273,0.7627005978177455,968.3699340820312
existential_overload_and_worthlessness_0,Existential Overload & Worthlessness,Existential rumination,landmark,5,0.0,0.0,0.0,0.0,47.0625,47.0625,1.0,2158.466796875
existential_overload_and_worthlessness_0,Existential Overload & Worthlessness,Existential rumination,landmark,7,0.06283185307179587,3.141592653589793,0.19344424626135137,3.141592653589793,11.75,47.19856357574463,0.24894825413793592,3497.5859375
existential_overload_and_worthlessness_0,Existential Overload & Worthlessness,Existential rumination,landmark,11,0.0,0.0,0.0,0.0,6.75,6.75,1.0,18981.3203125
existential_overload_and_worthlessness_0,Existential Overload & Worthlessness,Existential rumination,landmark,15,0.06283185307179587,3.141592653589793,0.19344424626135137,3.141592653589793,29.859375,30.01254653930664,0.994896416433506,27712.138671875
existential_overload_and_worthlessness_0,Existential Overload & Worthlessness,Existential rumination,landmark,22,0.0,0.0,0.0,0.0,6.1875,6.1875,1.0,32697.48046875
existential_overload_and_worthlessness_0,Existential Overload & Worthlessness,Existential rumination,landmark,27,0.06283185307179587,3.141592653589793,0.19344424626135137,3.141592653589793,1.2499961853027344,36.51370620727539,0.03423361567864265,40837.28515625
existential_overload_and_worthlessness_0,Existential Overload & Worthlessness,Existential rumination,landmark,29,0.06283185307179587,3.141592653589793,0.19344424626135137,3.141592653589793,7.375,18.641063690185547,0.39563192973171973,47083.27734375
existential_overload_and_worthlessness_0,Existential Overload & Worthlessness,Existential rumination,landmark,1,0.06283185307179587,3.141592653589793,0.19344424626135137,3.141592653589793,10.625,13.930761337280273,0.7627005978177455,968.3699340820312
existential_overload_and_worthlessness_0,Existential Overload & Worthlessness,Existential rumination,landmark,5,0.0,0.0,0.0,0.0,47.0625,47.0625,1.0,2158.466796875
existential_overload_and_worthlessness_0,Existential Overload & Worthlessness,Existential rumination,landmark,7,0.06283185307179587,3.141592653589793,0.19344424626135137,3.141592653589793,11.75,47.19856357574463,0.24894825413793592,3497.5859375
existential_overload_and_worthlessness_0,Existential Overload & Worthlessness,Existential rumination,landmark,11,0.0,0.0,0.0,0.0,6.75,6.75,1.0,18981.3203125
existential_overload_and_worthlessness_0,Existential Overload & Worthlessness,Existential rumination,landmark,15,0.06283185307179587,3.141592653589793,0.19344424626135137,3.141592653589793,29.859375,30.01254653930664,0.994896416433506,27712.138671875
existential_overload_and_worthlessness_0,Existential Overload & Worthlessness,Existential rumination,landmark,22,0.0,0.0,0.0,0.0,6.1875,6.1875,1.0,32697.48046875
existential_overload_and_worthlessness_0,Existential Overload & Worthlessness,Existential rumination,landmark,27,0.06283185307179587,3.141592653589793,0.19344424626135137,3.141592653589793,1.2499961853027344,36.51370620727539,0.03423361567864265,40837.28515625
existential_overload_and_worthlessness_0,Existential Overload & Worthlessness,Existential rumination,landmark,29,0.06283185307179587,3.141592653589793,0.19344424626135137,3.141592653589793,7.375,18.641063690185547,0.39563192973171973,47083.27734375
existential_overload_and_worthlessness_0,Existential Overload & Worthlessness,Existential rumination,landmark,1,0.06283185307179587,3.141592653589793,0.19344424626135137,3.141592653589793,10.625,13.930761337280273,0.7627005978177455,968.3699340820312
existential_overload_and_worthlessness_0,Existential Overload & Worthlessness,Existential rumination,landmark,5,0.0,0.0,0.0,0.0,47.0625,47.0625,1.0,2158.466796875
existential_overload_and_worthlessness_0,Existential Overload & Worthlessness,Existential rumination,landmark,7,0.06283185307179587,3.141592653589793,0.19344424626135137,3.141592653589793,11.75,47.19856357574463,0.24894825413793592,3497.5859375
existential_overload_and_worthlessness_0,Existential Overload & Worthlessness,Existential rumination,landmark,11,0.0,0.0,0.0,0.0,6.75,6.75,1.0,18981.3203125
existential_overload_and_worthlessness_0,Existential Overload & Worthlessness,Existential rumination,landmark,15,0.06283185307179587,3.141592653589793,0.19344424626135137,3.141592653589793,29.859375,30.01254653930664,0.994896416433506,27712.138671875
existential_overload_and_worthlessness_0,Existential Overload & Worthlessness,Existential rumination,landmark,22,0.0,0.0,0.0,0.0,6.1875,6.1875,1.0,32697.48046875
existential_overload_and_worthlessness_0,Existential Overload & Worthlessness,Existential rumination,landmark,27,0.06283185307179587,3.141592653589793,0.19344424626135137,3.141592653589793,1.2499961853027344,36.51370620727539,0.03423361567864265,40837.28515625
existential_overload_and_worthlessness_0,Existential Overload & Worthlessness,Existential rumination,landmark,29,0.06283185307179587,3.141592653589793,0.19344424626135137,3.141592653589793,7.375,18.641063690185547,0.39563192973171973,47083.27734375
existential_overload_and_worthlessness_0,Existential Overload & Worthlessness,Existential rumination,landmark,1,0.06283185307179587,3.141592653589793,0.19344424626135137,3.141592653589793,10.625,13.930761337280273,0.7627005978177455,968.3699340820312
existential_overload_and_worthlessness_0,Existential Overload & Worthlessness,Existential rumination,landmark,5,0.0,0.0,0.0,0.0,47.0625,47.0625,1.0,2158.466796875
existential_overload_and_worthlessness_0,Existential Overload & Worthlessness,Existential rumination,landmark,7,0.06283185307179587,3.141592653589793,0.19344424626135137,3.141592653589793,11.75,47.19856357574463,0.24894825413793592,3497.5859375
existential_overload_and_worthlessness_0,Existential Overload & Worthlessness,Existential rumination,landmark,11,0.0,0.0,0.0,0.0,6.75,6.75,1.0,18981.3203125
existential_overload_and_worthlessness_0,Existential Overload & Worthlessness,Existential rumination,landmark,15,0.06283185307179587,3.141592653589793,0.19344424626135137,3.141592653589793,29.859375,30.01254653930664,0.994896416433506,27712.138671875
existential_overload_and_worthlessness_0,Existential Overload & Worthlessness,Existential rumination,landmark,22,0.0,0.0,0.0,0.0,6.1875,6.1875,1.0,32697.48046875
existential_overload_and_worthlessness_0,Existential Overload & Worthlessness,Existential rumination,landmark,27,0.06283185307179587,3.141592653589793,0.19344424626135137,3.141592653589793,1.2499961853027344,36.51370620727539,0.03423361567864265,40837.28515625
existential_overload_and_worthlessness_0,Existential Overload & Worthlessness,Existential rumination,landmark,29,0.06283185307179587,3.141592653589793,0.19344424626135137,3.141592653589793,7.375,18.641063690185547,0.39563192973171973,47083.27734375
existential_overload_and_worthlessness_0,Existential Overload & Worthlessness,Existential rumination,landmark,1,0.06283185307179587,3.141592653589793,0.19344424626135137,3.141592653589793,10.625,13.930761337280273,0.7627005978177455,968.3699340820312
existential_overload_and_worthlessness_0,Existential Overload & Worthlessness,Existential rumination,landmark,5,0.0,0.0,0.0,0.0,47.0625,47.0625,1.0,2158.466796875
existential_overload_and_worthlessness_0,Existential Overload & Worthlessness,Existential rumination,landmark,7,0.06283185307179587,3.141592653589793,0.19344424626135137,3.141592653589793,11.75,47.19856357574463,0.24894825413793592,3497.5859375
existential_overload_and_worthlessness_0,Existential Overload & Worthlessness,Existential rumination,landmark,11,0.0,0.0,0.0,0.0,6.75,6.75,1.0,18981.3203125
existential_overload_and_worthlessness_0,Existential Overload & Worthlessness,Existential rumination,landmark,15,0.06283185307179587,3.141592653589793,0.19344424626135137,3.141592653589793,29.859375,30.01254653930664,0.994896416433506,27712.138671875
existential_overload_and_worthlessness_0,Existential Overload & Worthlessness,Existential rumination,landmark,22,0.0,0.0,0.0,0.0,6.1875,6.1875,1.0,32697.48046875
existential_overload_and_worthlessness_0,Existential Overload & Worthlessness,Existential rumination,landmark,27,0.06283185307179587,3.141592653589793,0.19344424626135137,3.141592653589793,1.2499961853027344,36.51370620727539,0.03423361567864265,40837.28515625
existential_overload_and_worthlessness_0,Existential Overload & Worthlessness,Existential rumination,landmark,29,0.06283185307179587,3.141592653589793,0.19344424626135137,3.141592653589793,7.375,18.641063690185547,0.39563192973171973,47083.27734375
existential_overload_and_worthlessness_0,Existential Overload & Worthlessness,Existential rumination,landmark,1,0.06283185307179587,3.141592653589793,0.19344424626135137,3.141592653589793,10.625,13.930761337280273,0.7627005978177455,968.3699340820312
existential_overload_and_worthlessness_0,Existential Overload & Worthlessness,Existential rumination,landmark,5,0.0,0.0,0.0,0.0,47.0625,47.0625,1.0,2158.466796875
existential_overload_and_worthlessness_0,Existential Overload & Worthlessness,Existential rumination,landmark,7,0.06283185307179587,3.141592653589793,0.19344424626135137,3.141592653589793,11.75,47.19856357574463,0.24894825413793592,3497.5859375
existential_overload_and_worthlessness_0,Existential Overload & Worthlessness,Existential rumination,landmark,11,0.0,0.0,0.0,0.0,6.75,6.75,1.0,18981.3203125
existential_overload_and_worthlessness_0,Existential Overload & Worthlessness,Existential rumination,landmark,15,0.06283185307179587,3.141592653589793,0.19344424626135137,3.141592653589793,29.859375,30.01254653930664,0.994896416433506,27712.138671875
existential_overload_and_worthlessness_0,Existential Overload & Worthlessness,Existential rumination,landmark,22,0.0,0.0,0.0,0.0,6.1875,6.1875,1.0,32697.48046875
existential_overload_and_worthlessness_0,Existential Overload & Worthlessness,Existential rumination,landmark,27,0.06283185307179587,3.141592653589793,0.19344424626135137,3.141592653589793,1.2499961853027344,36.51370620727539,0.03423361567864265,40837.28515625
existential_overload_and_worthlessness_0,Existential Overload & Worthlessness,Existential rumination,landmark,29,0.06283185307179587,3.141592653589793,0.19344424626135137,3.141592653589793,7.375,18.641063690185547,0.39563192973171973,47083.27734375
existential_overload_and_worthlessness_0,Existential Overload & Worthlessness,Existential rumination,landmark,1,0.06283185307179587,3.141592653589793,0.19344424626135137,3.141592653589793,10.625,13.930761337280273,0.7627005978177455,968.3699340820312
existential_overload_and_worthlessness_0,Existential Overload & Worthlessness,Existential rumination,landmark,5,0.0,0.0,0.0,0.0,47.0625,47.0625,1.0,2158.466796875
existential_overload_and_worthlessness_0,Existential Overload & Worthlessness,Existential rumination,landmark,7,0.06283185307179587,3.141592653589793,0.19344424626135137,3.141592653589793,11.75,47.19856357574463,0.24894825413793592,3497.5859375
existential_overload_and_worthlessness_0,Existential Overload & Worthlessness,Existential rumination,landmark,11,0.0,0.0,0.0,0.0,6.75,6.75,1.0,18981.3203125
existential_overload_and_worthlessness_0,Existential Overload & Worthlessness,Existential rumination,landmark,15,0.06283185307179587,3.141592653589793,0.19344424626135137,3.141592653589793,29.859375,30.01254653930664,0.994896416433506,27712.138671875
existential_overload_and_worthlessness_0,Existential Overload & Worthlessness,Existential rumination,landmark,22,0.0,0.0,0.0,0.0,6.1875,6.1875,1.0,32697.48046875
existential_overload_and_worthlessness_0,Existential Overload & Worthlessness,Existential rumination,landmark,27,0.06283185307179587,3.141592653589793,0.19344424626135137,3.141592653589793,1.2499961853027344,36.51370620727539,0.03423361567864265,40837.28515625
existential_overload_and_worthlessness_0,Existential Overload & Worthlessness,Existential rumination,landmark,29,0.06283185307179587,3.141592653589793,0.19344424626135137,3.141592653589793,7.375,18.641063690185547,0.39563192973171973,47083.27734375
existential_overload_and_worthlessness_0,Existential Overload & Worthlessness,Existential rumination,landmark,1,0.06283185307179587,3.141592653589793,0.19344424626135137,3.141592653589793,10.625,13.930761337280273,0.7627005978177455,968.3699340820312
existential_overload_and_worthlessness_0,Existential Overload & Worthlessness,Existential rumination,landmark,5,0.0,0.0,0.0,0.0,47.0625,47.0625,1.0,2158.466796875
existential_overload_and_worthlessness_0,Existential Overload & Worthlessness,Existential rumination,landmark,7,0.06283185307179587,3.141592653589793,0.19344424626135137,3.141592653589793,11.75,47.19856357574463,0.24894825413793592,3497.5859375
existential_overload_and_worthlessness_0,Existential Overload & Worthlessness,Existential rumination,landmark,11,0.0,0.0,0.0,0.0,6.75,6.75,1.0,18981.3203125
existential_overload_and_worthlessness_0,Existential Overload & Worthlessness,Existential rumination,landmark,15,0.06283185307179587,3.141592653589793,0.19344424626135137,3.141592653589793,29.859375,30.01254653930664,0.994896416433506,27712.138671875
existential_overload_and_worthlessness_0,Existential Overload & Worthlessness,Existential rumination,landmark,22,0.0,0.0,0.0,0.0,6.1875,6.1875,1.0,32697.48046875
existential_overload_and_worthlessness_0,Existential Overload & Worthlessness,Existential rumination,landmark,27,0.06283185307179587,3.141592653589793,0.19344424626135137,3.141592653589793,1.2499961853027344,36.51370620727539,0.03423361567864265,40837.28515625
existential_overload_and_worthlessness_0,Existential Overload & Worthlessness,Existential rumination,landmark,29,0.06283185307179587,3.141592653589793,0.19344424626135137,3.141592653589793,7.375,18.641063690185547,0.39563192973171973,47083.27734375
existential_overload_and_worthlessness_0,Existential Overload & Worthlessness,Existential rumination,landmark,1,0.06283185307179587,3.141592653589793,0.19344424626135137,3.141592653589793,10.625,13.930761337280273,0.7627005978177455,968.3699340820312
existential_overload_and_worthlessness_0,Existential Overload & Worthlessness,Existential rumination,landmark,5,0.0,0.0,0.0,0.0,47.0625,47.0625,1.0,2158.466796875
existential_overload_and_worthlessness_0,Existential Overload & Worthlessness,Existential rumination,landmark,7,0.06283185307179587,3.141592653589793,0.19344424626135137,3.141592653589793,11.75,47.19856357574463,0.24894825413793592,3497.5859375
existential_overload_and_worthlessness_0,Existential Overload & Worthlessness,Existential rumination,landmark,11,0.0,0.0,0.0,0.0,6.75,6.75,1.0,18981.3203125
existential_overload_and_worthlessness_0,Existential Overload & Worthlessness,Existential rumination,landmark,15,0.06283185307179587,3.141592653589793,0.19344424626135137,3.141592653589793,29.859375,30.01254653930664,0.994896416433506,27712.138671875
existential_overload_and_worthlessness_0,Existential Overload & Worthlessness,Existential rumination,landmark,22,0.0,0.0,0.0,0.0,6.1875,6.1875,1.0,32697.48046875
existential_overload_and_worthlessness_0,Existential Overload & Worthlessness,Existential rumination,landmark,27,0.06283185307179587,3.141592653589793,0.19344424626135137,3.141592653589793,1.2499961853027344,36.51370620727539,0.03423361567864265,40837.28515625
existential_overload_and_worthlessness_0,Existential Overload & Worthlessness,Existential rumination,landmark,29,0.06283185307179587,3.141592653589793,0.19344424626135137,3.141592653589793,7.375,18.641063690185547,0.39563192973171973,47083.27734375
fragmented_overwhelm_and_exhaustion_0,Fragmented Overwhelm & Exhaustion,Cognitive disorganization,landmark,1,0.06283185307179587,3.141592653589793,0.19344424626135137,3.141592653589793,12.9140625,22.08250904083252,0.5848095647157101,876.7689819335938
fragmented_overwhelm_and_exhaustion_0,Fragmented Overwhelm & Exhaustion,Cognitive disorganization,landmark,5,0.06283185307179587,3.141592653589793,0.19344424626135137,3.141592653589793,7.46875,20.204116821289062,0.36966476021016587,2273.30078125
fragmented_overwhelm_and_exhaustion_0,Fragmented Overwhelm & Exhaustion,Cognitive disorganization,landmark,7,0.0,0.0,0.0,0.0,11.0625,11.0625,1.0,3431.346435546875
fragmented_overwhelm_and_exhaustion_0,Fragmented Overwhelm & Exhaustion,Cognitive disorganization,landmark,11,0.06283185307179587,3.141592653589793,0.19344424626135137,3.141592653589793,0.75,6.244862347841263,0.12009872407504091,19105.10546875
fragmented_overwhelm_and_exhaustion_0,Fragmented Overwhelm & Exhaustion,Cognitive disorganization,landmark,15,0.0,0.0,0.0,0.0,52.625,52.62499976158142,1.0000000045305193,27859.068359375
fragmented_overwhelm_and_exhaustion_0,Fragmented Overwhelm & Exhaustion,Cognitive disorganization,landmark,22,0.06283185307179587,3.141592653589793,0.19344424626135137,3.141592653589793,17.125,62.30963897705078,0.27483709232061665,33272.22265625
fragmented_overwhelm_and_exhaustion_0,Fragmented Overwhelm & Exhaustion,Cognitive disorganization,landmark,27,0.06283185307179587,3.141592653589793,0.19344424626135137,3.141592653589793,15.0,44.87578582763672,0.3342559851233237,42310.9140625
fragmented_overwhelm_and_exhaustion_0,Fragmented Overwhelm & Exhaustion,Cognitive disorganization,landmark,29,0.06283185307179587,3.141592653589793,0.19344424626135137,3.141592653589793,7.5625,9.766029357910156,0.7743679363276365,48242.28515625
fragmented_overwhelm_and_exhaustion_0,Fragmented Overwhelm & Exhaustion,Cognitive disorganization,landmark,1,0.06283185307179587,3.141592653589793,0.19344424626135137,3.141592653589793,12.9140625,22.08250904083252,0.5848095647157101,876.7689819335938
fragmented_overwhelm_and_exhaustion_0,Fragmented Overwhelm & Exhaustion,Cognitive disorganization,landmark,5,0.06283185307179587,3.141592653589793,0.19344424626135137,3.141592653589793,7.46875,20.204116821289062,0.36966476021016587,2273.30078125
fragmented_overwhelm_and_exhaustion_0,Fragmented Overwhelm & Exhaustion,Cognitive disorganization,landmark,7,0.0,0.0,0.0,0.0,11.0625,11.0625,1.0,3431.346435546875
fragmented_overwhelm_and_exhaustion_0,Fragmented Overwhelm & Exhaustion,Cognitive disorganization,landmark,11,0.06283185307179587,3.141592653589793,0.19344424626135137,3.141592653589793,0.75,6.244862347841263,0.12009872407504091,19105.10546875
fragmented_overwhelm_and_exhaustion_0,Fragmented Overwhelm & Exhaustion,Cognitive disorganization,landmark,15,0.0,0.0,0.0,0.0,52.625,52.62499976158142,1.0000000045305193,27859.068359375
fragmented_overwhelm_and_exhaustion_0,Fragmented Overwhelm & Exhaustion,Cognitive disorganization,landmark,22,0.06283185307179587,3.141592653589793,0.19344424626135137,3.141592653589793,17.125,62.30963897705078,0.27483709232061665,33272.22265625
fragmented_overwhelm_and_exhaustion_0,Fragmented Overwhelm & Exhaustion,Cognitive disorganization,landmark,27,0.06283185307179587,3.141592653589793,0.19344424626135137,3.141592653589793,15.0,44.87578582763672,0.3342559851233237,42310.9140625
fragmented_overwhelm_and_exhaustion_0,Fragmented Overwhelm & Exhaustion,Cognitive disorganization,landmark,29,0.06283185307179587,3.141592653589793,0.19344424626135137,3.141592653589793,7.5625,9.766029357910156,0.7743679363276365,48242.28515625
fragmented_overwhelm_and_exhaustion_0,Fragmented Overwhelm & Exhaustion,Cognitive disorganization,landmark,1,0.06283185307179587,3.141592653589793,0.19344424626135137,3.141592653589793,12.9140625,22.08250904083252,0.5848095647157101,876.7689819335938
fragmented_overwhelm_and_exhaustion_0,Fragmented Overwhelm & Exhaustion,Cognitive disorganization,landmark,5,0.06283185307179587,3.141592653589793,0.19344424626135137,3.141592653589793,7.46875,20.204116821289062,0.36966476021016587,2273.30078125
fragmented_overwhelm_and_exhaustion_0,Fragmented Overwhelm & Exhaustion,Cognitive disorganization,landmark,7,0.0,0.0,0.0,0.0,11.0625,11.0625,1.0,3431.346435546875
fragmented_overwhelm_and_exhaustion_0,Fragmented Overwhelm & Exhaustion,Cognitive disorganization,landmark,11,0.06283185307179587,3.141592653589793,0.19344424626135137,3.141592653589793,0.75,6.244862347841263,0.12009872407504091,19105.10546875
fragmented_overwhelm_and_exhaustion_0,Fragmented Overwhelm & Exhaustion,Cognitive disorganization,landmark,15,0.0,0.0,0.0,0.0,52.625,52.62499976158142,1.0000000045305193,27859.068359375
fragmented_overwhelm_and_exhaustion_0,Fragmented Overwhelm & Exhaustion,Cognitive disorganization,landmark,22,0.06283185307179587,3.141592653589793,0.19344424626135137,3.141592653589793,17.125,62.30963897705078,0.27483709232061665,33272.22265625
fragmented_overwhelm_and_exhaustion_0,Fragmented Overwhelm & Exhaustion,Cognitive disorganization,landmark,27,0.06283185307179587,3.141592653589793,0.19344424626135137,3.141592653589793,15.0,44.87578582763672,0.3342559851233237,42310.9140625
fragmented_overwhelm_and_exhaustion_0,Fragmented Overwhelm & Exhaustion,Cognitive disorganization,landmark,29,0.06283185307179587,3.141592653589793,0.19344424626135137,3.141592653589793,7.5625,9.766029357910156,0.7743679363276365,48242.28515625
fragmented_overwhelm_and_exhaustion_0,Fragmented Overwhelm & Exhaustion,Cognitive disorganization,landmark,1,0.06283185307179587,3.141592653589793,0.19344424626135137,3.141592653589793,12.9140625,22.08250904083252,0.5848095647157101,876.7689819335938
fragmented_overwhelm_and_exhaustion_0,Fragmented Overwhelm & Exhaustion,Cognitive disorganization,landmark,5,0.06283185307179587,3.141592653589793,0.19344424626135137,3.141592653589793,7.46875,20.204116821289062,0.36966476021016587,2273.30078125
fragmented_overwhelm_and_exhaustion_0,Fragmented Overwhelm & Exhaustion,Cognitive disorganization,landmark,7,0.0,0.0,0.0,0.0,11.0625,11.0625,1.0,3431.346435546875
fragmented_overwhelm_and_exhaustion_0,Fragmented Overwhelm & Exhaustion,Cognitive disorganization,landmark,11,0.06283185307179587,3.141592653589793,0.19344424626135137,3.141592653589793,0.75,6.244862347841263,0.12009872407504091,19105.10546875
fragmented_overwhelm_and_exhaustion_0,Fragmented Overwhelm & Exhaustion,Cognitive disorganization,landmark,15,0.0,0.0,0.0,0.0,52.625,52.62499976158142,1.0000000045305193,27859.068359375
fragmented_overwhelm_and_exhaustion_0,Fragmented Overwhelm & Exhaustion,Cognitive disorganization,landmark,22,0.06283185307179587,3.141592653589793,0.19344424626135137,3.141592653589793,17.125,62.30963897705078,0.27483709232061665,33272.22265625
fragmented_overwhelm_and_exhaustion_0,Fragmented Overwhelm & Exhaustion,Cognitive disorganization,landmark,27,0.06283185307179587,3.141592653589793,0.19344424626135137,3.141592653589793,15.0,44.87578582763672,0.3342559851233237,42310.9140625
fragmented_overwhelm_and_exhaustion_0,Fragmented Overwhelm & Exhaustion,Cognitive disorganization,landmark,29,0.06283185307179587,3.141592653589793,0.19344424626135137,3.141592653589793,7.5625,9.766029357910156,0.7743679363276365,48242.28515625
fragmented_overwhelm_and_exhaustion_0,Fragmented Overwhelm & Exhaustion,Cognitive disorganization,landmark,1,0.06283185307179587,3.141592653589793,0.19344424626135137,3.141592653589793,12.9140625,22.08250904083252,0.5848095647157101,876.7689819335938
fragmented_overwhelm_and_exhaustion_0,Fragmented Overwhelm & Exhaustion,Cognitive disorganization,landmark,5,0.06283185307179587,3.141592653589793,0.19344424626135137,3.141592653589793,7.46875,20.204116821289062,0.36966476021016587,2273.30078125
fragmented_overwhelm_and_exhaustion_0,Fragmented Overwhelm & Exhaustion,Cognitive disorganization,landmark,7,0.0,0.0,0.0,0.0,11.0625,11.0625,1.0,3431.346435546875
fragmented_overwhelm_and_exhaustion_0,Fragmented Overwhelm & Exhaustion,Cognitive disorganization,landmark,11,0.06283185307179587,3.141592653589793,0.19344424626135137,3.141592653589793,0.75,6.244862347841263,0.12009872407504091,19105.10546875
fragmented_overwhelm_and_exhaustion_0,Fragmented Overwhelm & Exhaustion,Cognitive disorganization,landmark,15,0.0,0.0,0.0,0.0,52.625,52.62499976158142,1.0000000045305193,27859.068359375
fragmented_overwhelm_and_exhaustion_0,Fragmented Overwhelm & Exhaustion,Cognitive disorganization,landmark,22,0.06283185307179587,3.141592653589793,0.19344424626135137,3.141592653589793,17.125,62.30963897705078,0.27483709232061665,33272.22265625
fragmented_overwhelm_and_exhaustion_0,Fragmented Overwhelm & Exhaustion,Cognitive disorganization,landmark,27,0.06283185307179587,3.141592653589793,0.19344424626135137,3.141592653589793,15.0,44.87578582763672,0.3342559851233237,42310.9140625
fragmented_overwhelm_and_exhaustion_0,Fragmented Overwhelm & Exhaustion,Cognitive disorganization,landmark,29,0.06283185307179587,3.141592653589793,0.19344424626135137,3.141592653589793,7.5625,9.766029357910156,0.7743679363276365,48242.28515625
fragmented_overwhelm_and_exhaustion_0,Fragmented Overwhelm & Exhaustion,Cognitive disorganization,landmark,1,0.06283185307179587,3.141592653589793,0.19344424626135137,3.141592653589793,12.9140625,22.08250904083252,0.5848095647157101,876.7689819335938
fragmented_overwhelm_and_exhaustion_0,Fragmented Overwhelm & Exhaustion,Cognitive disorganization,landmark,5,0.06283185307179587,3.141592653589793,0.19344424626135137,3.141592653589793,7.46875,20.204116821289062,0.36966476021016587,2273.30078125
fragmented_overwhelm_and_exhaustion_0,Fragmented Overwhelm & Exhaustion,Cognitive disorganization,landmark,7,0.0,0.0,0.0,0.0,11.0625,11.0625,1.0,3431.346435546875
fragmented_overwhelm_and_exhaustion_0,Fragmented Overwhelm & Exhaustion,Cognitive disorganization,landmark,11,0.06283185307179587,3.141592653589793,0.19344424626135137,3.141592653589793,0.75,6.244862347841263,0.12009872407504091,19105.10546875
fragmented_overwhelm_and_exhaustion_0,Fragmented Overwhelm & Exhaustion,Cognitive disorganization,landmark,15,0.0,0.0,0.0,0.0,52.625,52.62499976158142,1.0000000045305193,27859.068359375
fragmented_overwhelm_and_exhaustion_0,Fragmented Overwhelm & Exhaustion,Cognitive disorganization,landmark,22,0.06283185307179587,3.141592653589793,0.19344424626135137,3.141592653589793,17.125,62.30963897705078,0.27483709232061665,33272.22265625
fragmented_overwhelm_and_exhaustion_0,Fragmented Overwhelm & Exhaustion,Cognitive disorganization,landmark,27,0.06283185307179587,3.141592653589793,0.19344424626135137,3.141592653589793,15.0,44.87578582763672,0.3342559851233237,42310.9140625
fragmented_overwhelm_and_exhaustion_0,Fragmented Overwhelm & Exhaustion,Cognitive disorganization,landmark,29,0.06283185307179587,3.141592653589793,0.19344424626135137,3.141592653589793,7.5625,9.766029357910156,0.7743679363276365,48242.28515625
fragmented_overwhelm_and_exhaustion_0,Fragmented Overwhelm & Exhaustion,Cognitive disorganization,landmark,1,0.06283185307179587,3.141592653589793,0.19344424626135137,3.141592653589793,12.9140625,22.08250904083252,0.5848095647157101,876.7689819335938
fragmented_overwhelm_and_exhaustion_0,Fragmented Overwhelm & Exhaustion,Cognitive disorganization,landmark,5,0.06283185307179587,3.141592653589793,0.19344424626135137,3.141592653589793,7.46875,20.204116821289062,0.36966476021016587,2273.30078125
fragmented_overwhelm_and_exhaustion_0,Fragmented Overwhelm & Exhaustion,Cognitive disorganization,landmark,7,0.0,0.0,0.0,0.0,11.0625,11.0625,1.0,3431.346435546875
fragmented_overwhelm_and_exhaustion_0,Fragmented Overwhelm & Exhaustion,Cognitive disorganization,landmark,11,0.06283185307179587,3.141592653589793,0.19344424626135137,3.141592653589793,0.75,6.244862347841263,0.12009872407504091,19105.10546875
fragmented_overwhelm_and_exhaustion_0,Fragmented Overwhelm & Exhaustion,Cognitive disorganization,landmark,15,0.0,0.0,0.0,0.0,52.625,52.62499976158142,1.0000000045305193,27859.068359375
fragmented_overwhelm_and_exhaustion_0,Fragmented Overwhelm & Exhaustion,Cognitive disorganization,landmark,22,0.06283185307179587,3.141592653589793,0.19344424626135137,3.141592653589793,17.125,62.30963897705078,0.27483709232061665,33272.22265625
fragmented_overwhelm_and_exhaustion_0,Fragmented Overwhelm & Exhaustion,Cognitive disorganization,landmark,27,0.06283185307179587,3.141592653589793,0.19344424626135137,3.141592653589793,15.0,44.87578582763672,0.3342559851233237,42310.9140625
fragmented_overwhelm_and_exhaustion_0,Fragmented Overwhelm & Exhaustion,Cognitive disorganization,landmark,29,0.06283185307179587,3.141592653589793,0.19344424626135137,3.141592653589793,7.5625,9.766029357910156,0.7743679363276365,48242.28515625
fragmented_overwhelm_and_exhaustion_0,Fragmented Overwhelm & Exhaustion,Cognitive disorganization,landmark,1,0.06283185307179587,3.141592653589793,0.19344424626135137,3.141592653589793,12.9140625,22.08250904083252,0.5848095647157101,876.7689819335938
fragmented_overwhelm_and_exhaustion_0,Fragmented Overwhelm & Exhaustion,Cognitive disorganization,landmark,5,0.06283185307179587,3.141592653589793,0.19344424626135137,3.141592653589793,7.46875,20.204116821289062,0.36966476021016587,2273.30078125
fragmented_overwhelm_and_exhaustion_0,Fragmented Overwhelm & Exhaustion,Cognitive disorganization,landmark,7,0.0,0.0,0.0,0.0,11.0625,11.0625,1.0,3431.346435546875
fragmented_overwhelm_and_exhaustion_0,Fragmented Overwhelm & Exhaustion,Cognitive disorganization,landmark,11,0.06283185307179587,3.141592653589793,0.19344424626135137,3.141592653589793,0.75,6.244862347841263,0.12009872407504091,19105.10546875
fragmented_overwhelm_and_exhaustion_0,Fragmented Overwhelm & Exhaustion,Cognitive disorganization,landmark,15,0.0,0.0,0.0,0.0,52.625,52.62499976158142,1.0000000045305193,27859.068359375
fragmented_overwhelm_and_exhaustion_0,Fragmented Overwhelm & Exhaustion,Cognitive disorganization,landmark,22,0.06283185307179587,3.141592653589793,0.19344424626135137,3.141592653589793,17.125,62.30963897705078,0.27483709232061665,33272.22265625
fragmented_overwhelm_and_exhaustion_0,Fragmented Overwhelm & Exhaustion,Cognitive disorganization,landmark,27,0.06283185307179587,3.141592653589793,0.19344424626135137,3.141592653589793,15.0,44.87578582763672,0.3342559851233237,42310.9140625
fragmented_overwhelm_and_exhaustion_0,Fragmented Overwhelm & Exhaustion,Cognitive disorganization,landmark,29,0.06283185307179587,3.141592653589793,0.19344424626135137,3.141592653589793,7.5625,9.766029357910156,0.7743679363276365,48242.28515625
fragmented_overwhelm_and_exhaustion_0,Fragmented Overwhelm & Exhaustion,Cognitive disorganization,landmark,1,0.06283185307179587,3.141592653589793,0.19344424626135137,3.141592653589793,12.9140625,22.08250904083252,0.5848095647157101,876.7689819335938
fragmented_overwhelm_and_exhaustion_0,Fragmented Overwhelm & Exhaustion,Cognitive disorganization,landmark,5,0.06283185307179587,3.141592653589793,0.19344424626135137,3.141592653589793,7.46875,20.204116821289062,0.36966476021016587,2273.30078125
fragmented_overwhelm_and_exhaustion_0,Fragmented Overwhelm & Exhaustion,Cognitive disorganization,landmark,7,0.0,0.0,0.0,0.0,11.0625,11.0625,1.0,3431.346435546875
fragmented_overwhelm_and_exhaustion_0,Fragmented Overwhelm & Exhaustion,Cognitive disorganization,landmark,11,0.06283185307179587,3.141592653589793,0.19344424626135137,3.141592653589793,0.75,6.244862347841263,0.12009872407504091,19105.10546875
fragmented_overwhelm_and_exhaustion_0,Fragmented Overwhelm & Exhaustion,Cognitive disorganization,landmark,15,0.0,0.0,0.0,0.0,52.625,52.62499976158142,1.0000000045305193,27859.068359375
fragmented_overwhelm_and_exhaustion_0,Fragmented Overwhelm & Exhaustion,Cognitive disorganization,landmark,22,0.06283185307179587,3.141592653589793,0.19344424626135137,3.141592653589793,17.125,62.30963897705078,0.27483709232061665,33272.22265625
fragmented_overwhelm_and_exhaustion_0,Fragmented Overwhelm & Exhaustion,Cognitive disorganization,landmark,27,0.06283185307179587,3.141592653589793,0.19344424626135137,3.141592653589793,15.0,44.87578582763672,0.3342559851233237,42310.9140625
fragmented_overwhelm_and_exhaustion_0,Fragmented Overwhelm & Exhaustion,Cognitive disorganization,landmark,29,0.06283185307179587,3.141592653589793,0.19344424626135137,3.141592653589793,7.5625,9.766029357910156,0.7743679363276365,48242.28515625
fragmented_overwhelm_and_exhaustion_0,Fragmented Overwhelm & Exhaustion,Cognitive disorganization,landmark,1,0.06283185307179587,3.141592653589793,0.19344424626135137,3.141592653589793,12.9140625,22.08250904083252,0.5848095647157101,876.7689819335938
fragmented_overwhelm_and_exhaustion_0,Fragmented Overwhelm & Exhaustion,Cognitive disorganization,landmark,5,0.06283185307179587,3.141592653589793,0.19344424626135137,3.141592653589793,7.46875,20.204116821289062,0.36966476021016587,2273.30078125
fragmented_overwhelm_and_exhaustion_0,Fragmented Overwhelm & Exhaustion,Cognitive disorganization,landmark,7,0.0,0.0,0.0,0.0,11.0625,11.0625,1.0,3431.346435546875
fragmented_overwhelm_and_exhaustion_0,Fragmented Overwhelm & Exhaustion,Cognitive disorganization,landmark,11,0.06283185307179587,3.141592653589793,0.19344424626135137,3.141592653589793,0.75,6.244862347841263,0.12009872407504091,19105.10546875
fragmented_overwhelm_and_exhaustion_0,Fragmented Overwhelm & Exhaustion,Cognitive disorganization,landmark,15,0.0,0.0,0.0,0.0,52.625,52.62499976158142,1.0000000045305193,27859.068359375
fragmented_overwhelm_and_exhaustion_0,Fragmented Overwhelm & Exhaustion,Cognitive disorganization,landmark,22,0.06283185307179587,3.141592653589793,0.19344424626135137,3.141592653589793,17.125,62.30963897705078,0.27483709232061665,33272.22265625
fragmented_overwhelm_and_exhaustion_0,Fragmented Overwhelm & Exhaustion,Cognitive disorganization,landmark,27,0.06283185307179587,3.141592653589793,0.19344424626135137,3.141592653589793,15.0,44.87578582763672,0.3342559851233237,42310.9140625
fragmented_overwhelm_and_exhaustion_0,Fragmented Overwhelm & Exhaustion,Cognitive disorganization,landmark,29,0.06283185307179587,3.141592653589793,0.19344424626135137,3.141592653589793,7.5625,9.766029357910156,0.7743679363276365,48242.28515625
fragmented_overwhelm_and_exhaustion_0,Fragmented Overwhelm & Exhaustion,Cognitive disorganization,landmark,1,0.06283185307179587,3.141592653589793,0.19344424626135137,3.141592653589793,12.9140625,22.08250904083252,0.5848095647157101,876.7689819335938
fragmented_overwhelm_and_exhaustion_0,Fragmented Overwhelm & Exhaustion,Cognitive disorganization,landmark,5,0.06283185307179587,3.141592653589793,0.19344424626135137,3.141592653589793,7.46875,20.204116821289062,0.36966476021016587,2273.30078125
fragmented_overwhelm_and_exhaustion_0,Fragmented Overwhelm & Exhaustion,Cognitive disorganization,landmark,7,0.0,0.0,0.0,0.0,11.0625,11.0625,1.0,3431.346435546875
fragmented_overwhelm_and_exhaustion_0,Fragmented Overwhelm & Exhaustion,Cognitive disorganization,landmark,11,0.06283185307179587,3.141592653589793,0.19344424626135137,3.141592653589793,0.75,6.244862347841263,0.12009872407504091,19105.10546875
fragmented_overwhelm_and_exhaustion_0,Fragmented Overwhelm & Exhaustion,Cognitive disorganization,landmark,15,0.0,0.0,0.0,0.0,52.625,52.62499976158142,1.0000000045305193,27859.068359375
fragmented_overwhelm_and_exhaustion_0,Fragmented Overwhelm & Exhaustion,Cognitive disorganization,landmark,22,0.06283185307179587,3.141592653589793,0.19344424626135137,3.141592653589793,17.125,62.30963897705078,0.27483709232061665,33272.22265625
fragmented_overwhelm_and_exhaustion_0,Fragmented Overwhelm & Exhaustion,Cognitive disorganization,landmark,27,0.06283185307179587,3.141592653589793,0.19344424626135137,3.141592653589793,15.0,44.87578582763672,0.3342559851233237,42310.9140625
fragmented_overwhelm_and_exhaustion_0,Fragmented Overwhelm & Exhaustion,Cognitive disorganization,landmark,29,0.06283185307179587,3.141592653589793,0.19344424626135137,3.141592653589793,7.5625,9.766029357910156,0.7743679363276365,48242.28515625
fragmented_overwhelm_and_exhaustion_0,Fragmented Overwhelm & Exhaustion,Cognitive disorganization,landmark,1,0.06283185307179587,3.141592653589793,0.19344424626135137,3.141592653589793,12.9140625,22.08250904083252,0.5848095647157101,876.7689819335938
fragmented_overwhelm_and_exhaustion_0,Fragmented Overwhelm & Exhaustion,Cognitive disorganization,landmark,5,0.06283185307179587,3.141592653589793,0.19344424626135137,3.141592653589793,7.46875,20.204116821289062,0.36966476021016587,2273.30078125
fragmented_overwhelm_and_exhaustion_0,Fragmented Overwhelm & Exhaustion,Cognitive disorganization,landmark,7,0.0,0.0,0.0,0.0,11.0625,11.0625,1.0,3431.346435546875
fragmented_overwhelm_and_exhaustion_0,Fragmented Overwhelm & Exhaustion,Cognitive disorganization,landmark,11,0.06283185307179587,3.141592653589793,0.19344424626135137,3.141592653589793,0.75,6.244862347841263,0.12009872407504091,19105.10546875
fragmented_overwhelm_and_exhaustion_0,Fragmented Overwhelm & Exhaustion,Cognitive disorganization,landmark,15,0.0,0.0,0.0,0.0,52.625,52.62499976158142,1.0000000045305193,27859.068359375
fragmented_overwhelm_and_exhaustion_0,Fragmented Overwhelm & Exhaustion,Cognitive disorganization,landmark,22,0.06283185307179587,3.141592653589793,0.19344424626135137,3.141592653589793,17.125,62.30963897705078,0.27483709232061665,33272.22265625
fragmented_overwhelm_and_exhaustion_0,Fragmented Overwhelm & Exhaustion,Cognitive disorganization,landmark,27,0.06283185307179587,3.141592653589793,0.19344424626135137,3.141592653589793,15.0,44.87578582763672,0.3342559851233237,42310.9140625
fragmented_overwhelm_and_exhaustion_0,Fragmented Overwhelm & Exhaustion,Cognitive disorganization,landmark,29,0.06283185307179587,3.141592653589793,0.19344424626135137,3.141592653589793,7.5625,9.766029357910156,0.7743679363276365,48242.28515625
fragmented_overwhelm_and_exhaustion_0,Fragmented Overwhelm & Exhaustion,Cognitive disorganization,landmark,1,0.06283185307179587,3.141592653589793,0.19344424626135137,3.141592653589793,12.9140625,22.08250904083252,0.5848095647157101,876.7689819335938
fragmented_overwhelm_and_exhaustion_0,Fragmented Overwhelm & Exhaustion,Cognitive disorganization,landmark,5,0.06283185307179587,3.141592653589793,0.19344424626135137,3.141592653589793,7.46875,20.204116821289062,0.36966476021016587,2273.30078125
fragmented_overwhelm_and_exhaustion_0,Fragmented Overwhelm & Exhaustion,Cognitive disorganization,landmark,7,0.0,0.0,0.0,0.0,11.0625,11.0625,1.0,3431.346435546875
fragmented_overwhelm_and_exhaustion_0,Fragmented Overwhelm & Exhaustion,Cognitive disorganization,landmark,11,0.06283185307179587,3.141592653589793,0.19344424626135137,3.141592653589793,0.75,6.244862347841263,0.12009872407504091,19105.10546875
fragmented_overwhelm_and_exhaustion_0,Fragmented Overwhelm & Exhaustion,Cognitive disorganization,landmark,15,0.0,0.0,0.0,0.0,52.625,52.62499976158142,1.0000000045305193,27859.068359375
fragmented_overwhelm_and_exhaustion_0,Fragmented Overwhelm & Exhaustion,Cognitive disorganization,landmark,22,0.06283185307179587,3.141592653589793,0.19344424626135137,3.141592653589793,17.125,62.30963897705078,0.27483709232061665,33272.22265625
fragmented_overwhelm_and_exhaustion_0,Fragmented Overwhelm & Exhaustion,Cognitive disorganization,landmark,27,0.06283185307179587,3.141592653589793,0.19344424626135137,3.141592653589793,15.0,44.87578582763672,0.3342559851233237,42310.9140625
fragmented_overwhelm_and_exhaustion_0,Fragmented Overwhelm & Exhaustion,Cognitive disorganization,landmark,29,0.06283185307179587,3.141592653589793,0.19344424626135137,3.141592653589793,7.5625,9.766029357910156,0.7743679363276365,48242.28515625
fragmented_overwhelm_and_exhaustion_0,Fragmented Overwhelm & Exhaustion,Cognitive disorganization,landmark,1,0.06283185307179587,3.141592653589793,0.19344424626135137,3.141592653589793,12.9140625,22.08250904083252,0.5848095647157101,876.7689819335938
fragmented_overwhelm_and_exhaustion_0,Fragmented Overwhelm & Exhaustion,Cognitive disorganization,landmark,5,0.06283185307179587,3.141592653589793,0.19344424626135137,3.141592653589793,7.46875,20.204116821289062,0.36966476021016587,2273.30078125
fragmented_overwhelm_and_exhaustion_0,Fragmented Overwhelm & Exhaustion,Cognitive disorganization,landmark,7,0.0,0.0,0.0,0.0,11.0625,11.0625,1.0,3431.346435546875
fragmented_overwhelm_and_exhaustion_0,Fragmented Overwhelm & Exhaustion,Cognitive disorganization,landmark,11,0.06283185307179587,3.141592653589793,0.19344424626135137,3.141592653589793,0.75,6.244862347841263,0.12009872407504091,19105.10546875
fragmented_overwhelm_and_exhaustion_0,Fragmented Overwhelm & Exhaustion,Cognitive disorganization,landmark,15,0.0,0.0,0.0,0.0,52.625,52.62499976158142,1.0000000045305193,27859.068359375
fragmented_overwhelm_and_exhaustion_0,Fragmented Overwhelm & Exhaustion,Cognitive disorganization,landmark,22,0.06283185307179587,3.141592653589793,0.19344424626135137,3.141592653589793,17.125,62.30963897705078,0.27483709232061665,33272.22265625
fragmented_overwhelm_and_exhaustion_0,Fragmented Overwhelm & Exhaustion,Cognitive disorganization,landmark,27,0.06283185307179587,3.141592653589793,0.19344424626135137,3.141592653589793,15.0,44.87578582763672,0.3342559851233237,42310.9140625
fragmented_overwhelm_and_exhaustion_0,Fragmented Overwhelm & Exhaustion,Cognitive disorganization,landmark,29,0.06283185307179587,3.141592653589793,0.19344424626135137,3.141592653589793,7.5625,9.766029357910156,0.7743679363276365,48242.28515625
fragmented_overwhelm_and_exhaustion_0,Fragmented Overwhelm & Exhaustion,Cognitive disorganization,landmark,1,0.06283185307179587,3.141592653589793,0.19344424626135137,3.141592653589793,12.9140625,22.08250904083252,0.5848095647157101,876.7689819335938
fragmented_overwhelm_and_exhaustion_0,Fragmented Overwhelm & Exhaustion,Cognitive disorganization,landmark,5,0.06283185307179587,3.141592653589793,0.19344424626135137,3.141592653589793,7.46875,20.204116821289062,0.36966476021016587,2273.30078125
fragmented_overwhelm_and_exhaustion_0,Fragmented Overwhelm & Exhaustion,Cognitive disorganization,landmark,7,0.0,0.0,0.0,0.0,11.0625,11.0625,1.0,3431.346435546875
fragmented_overwhelm_and_exhaustion_0,Fragmented Overwhelm & Exhaustion,Cognitive disorganization,landmark,11,0.06283185307179587,3.141592653589793,0.19344424626135137,3.141592653589793,0.75,6.244862347841263,0.12009872407504091,19105.10546875
fragmented_overwhelm_and_exhaustion_0,Fragmented Overwhelm & Exhaustion,Cognitive disorganization,landmark,15,0.0,0.0,0.0,0.0,52.625,52.62499976158142,1.0000000045305193,27859.068359375
fragmented_overwhelm_and_exhaustion_0,Fragmented Overwhelm & Exhaustion,Cognitive disorganization,landmark,22,0.06283185307179587,3.141592653589793,0.19344424626135137,3.141592653589793,17.125,62.30963897705078,0.27483709232061665,33272.22265625
fragmented_overwhelm_and_exhaustion_0,Fragmented Overwhelm & Exhaustion,Cognitive disorganization,landmark,27,0.06283185307179587,3.141592653589793,0.19344424626135137,3.141592653589793,15.0,44.87578582763672,0.3342559851233237,42310.9140625
fragmented_overwhelm_and_exhaustion_0,Fragmented Overwhelm & Exhaustion,Cognitive disorganization,landmark,29,0.06283185307179587,3.141592653589793,0.19344424626135137,3.141592653589793,7.5625,9.766029357910156,0.7743679363276365,48242.28515625
fragmented_overwhelm_and_exhaustion_0,Fragmented Overwhelm & Exhaustion,Cognitive disorganization,landmark,1,0.06283185307179587,3.141592653589793,0.19344424626135137,3.141592653589793,12.9140625,22.08250904083252,0.5848095647157101,876.7689819335938
fragmented_overwhelm_and_exhaustion_0,Fragmented Overwhelm & Exhaustion,Cognitive disorganization,landmark,5,0.06283185307179587,3.141592653589793,0.19344424626135137,3.141592653589793,7.46875,20.204116821289062,0.36966476021016587,2273.30078125
fragmented_overwhelm_and_exhaustion_0,Fragmented Overwhelm & Exhaustion,Cognitive disorganization,landmark,7,0.0,0.0,0.0,0.0,11.0625,11.0625,1.0,3431.346435546875
fragmented_overwhelm_and_exhaustion_0,Fragmented Overwhelm & Exhaustion,Cognitive disorganization,landmark,11,0.06283185307179587,3.141592653589793,0.19344424626135137,3.141592653589793,0.75,6.244862347841263,0.12009872407504091,19105.10546875
fragmented_overwhelm_and_exhaustion_0,Fragmented Overwhelm & Exhaustion,Cognitive disorganization,landmark,15,0.0,0.0,0.0,0.0,52.625,52.62499976158142,1.0000000045305193,27859.068359375
fragmented_overwhelm_and_exhaustion_0,Fragmented Overwhelm & Exhaustion,Cognitive disorganization,landmark,22,0.06283185307179587,3.141592653589793,0.19344424626135137,3.141592653589793,17.125,62.30963897705078,0.27483709232061665,33272.22265625
fragmented_overwhelm_and_exhaustion_0,Fragmented Overwhelm & Exhaustion,Cognitive disorganization,landmark,27,0.06283185307179587,3.141592653589793,0.19344424626135137,3.141592653589793,15.0,44.87578582763672,0.3342559851233237,42310.9140625
fragmented_overwhelm_and_exhaustion_0,Fragmented Overwhelm & Exhaustion,Cognitive disorganization,landmark,29,0.06283185307179587,3.141592653589793,0.19344424626135137,3.141592653589793,7.5625,9.766029357910156,0.7743679363276365,48242.28515625
fragmented_overwhelm_and_exhaustion_0,Fragmented Overwhelm & Exhaustion,Cognitive disorganization,landmark,1,0.06283185307179587,3.141592653589793,0.19344424626135137,3.141592653589793,12.9140625,22.08250904083252,0.5848095647157101,876.7689819335938
fragmented_overwhelm_and_exhaustion_0,Fragmented Overwhelm & Exhaustion,Cognitive disorganization,landmark,5,0.06283185307179587,3.141592653589793,0.19344424626135137,3.141592653589793,7.46875,20.204116821289062,0.36966476021016587,2273.30078125
fragmented_overwhelm_and_exhaustion_0,Fragmented Overwhelm & Exhaustion,Cognitive disorganization,landmark,7,0.0,0.0,0.0,0.0,11.0625,11.0625,1.0,3431.346435546875
fragmented_overwhelm_and_exhaustion_0,Fragmented Overwhelm & Exhaustion,Cognitive disorganization,landmark,11,0.06283185307179587,3.141592653589793,0.19344424626135137,3.141592653589793,0.75,6.244862347841263,0.12009872407504091,19105.10546875
fragmented_overwhelm_and_exhaustion_0,Fragmented Overwhelm & Exhaustion,Cognitive disorganization,landmark,15,0.0,0.0,0.0,0.0,52.625,52.62499976158142,1.0000000045305193,27859.068359375
fragmented_overwhelm_and_exhaustion_0,Fragmented Overwhelm & Exhaustion,Cognitive disorganization,landmark,22,0.06283185307179587,3.141592653589793,0.19344424626135137,3.141592653589793,17.125,62.30963897705078,0.27483709232061665,33272.22265625
fragmented_overwhelm_and_exhaustion_0,Fragmented Overwhelm & Exhaustion,Cognitive disorganization,landmark,27,0.06283185307179587,3.141592653589793,0.19344424626135137,3.141592653589793,15.0,44.87578582763672,0.3342559851233237,42310.9140625
fragmented_overwhelm_and_exhaustion_0,Fragmented Overwhelm & Exhaustion,Cognitive disorganization,landmark,29,0.06283185307179587,3.141592653589793,0.19344424626135137,3.141592653589793,7.5625,9.766029357910156,0.7743679363276365,48242.28515625
fragmented_overwhelm_and_exhaustion_0,Fragmented Overwhelm & Exhaustion,Cognitive disorganization,landmark,1,0.06283185307179587,3.141592653589793,0.19344424626135137,3.141592653589793,12.9140625,22.08250904083252,0.5848095647157101,876.7689819335938
fragmented_overwhelm_and_exhaustion_0,Fragmented Overwhelm & Exhaustion,Cognitive disorganization,landmark,5,0.06283185307179587,3.141592653589793,0.19344424626135137,3.141592653589793,7.46875,20.204116821289062,0.36966476021016587,2273.30078125
fragmented_overwhelm_and_exhaustion_0,Fragmented Overwhelm & Exhaustion,Cognitive disorganization,landmark,7,0.0,0.0,0.0,0.0,11.0625,11.0625,1.0,3431.346435546875
fragmented_overwhelm_and_exhaustion_0,Fragmented Overwhelm & Exhaustion,Cognitive disorganization,landmark,11,0.06283185307179587,3.141592653589793,0.19344424626135137,3.141592653589793,0.75,6.244862347841263,0.12009872407504091,19105.10546875
fragmented_overwhelm_and_exhaustion_0,Fragmented Overwhelm & Exhaustion,Cognitive disorganization,landmark,15,0.0,0.0,0.0,0.0,52.625,52.62499976158142,1.0000000045305193,27859.068359375
fragmented_overwhelm_and_exhaustion_0,Fragmented Overwhelm & Exhaustion,Cognitive disorganization,landmark,22,0.06283185307179587,3.141592653589793,0.19344424626135137,3.141592653589793,17.125,62.30963897705078,0.27483709232061665,33272.22265625
fragmented_overwhelm_and_exhaustion_0,Fragmented Overwhelm & Exhaustion,Cognitive disorganization,landmark,27,0.06283185307179587,3.141592653589793,0.19344424626135137,3.141592653589793,15.0,44.87578582763672,0.3342559851233237,42310.9140625
fragmented_overwhelm_and_exhaustion_0,Fragmented Overwhelm & Exhaustion,Cognitive disorganization,landmark,29,0.06283185307179587,3.141592653589793,0.19344424626135137,3.141592653589793,7.5625,9.766029357910156,0.7743679363276365,48242.28515625
fragmented_overwhelm_and_exhaustion_0,Fragmented Overwhelm & Exhaustion,Cognitive disorganization,landmark,1,0.06283185307179587,3.141592653589793,0.19344424626135137,3.141592653589793,12.9140625,22.08250904083252,0.5848095647157101,876.7689819335938
fragmented_overwhelm_and_exhaustion_0,Fragmented Overwhelm & Exhaustion,Cognitive disorganization,landmark,5,0.06283185307179587,3.141592653589793,0.19344424626135137,3.141592653589793,7.46875,20.204116821289062,0.36966476021016587,2273.30078125
fragmented_overwhelm_and_exhaustion_0,Fragmented Overwhelm & Exhaustion,Cognitive disorganization,landmark,7,0.0,0.0,0.0,0.0,11.0625,11.0625,1.0,3431.346435546875
fragmented_overwhelm_and_exhaustion_0,Fragmented Overwhelm & Exhaustion,Cognitive disorganization,landmark,11,0.06283185307179587,3.141592653589793,0.19344424626135137,3.141592653589793,0.75,6.244862347841263,0.12009872407504091,19105.10546875
fragmented_overwhelm_and_exhaustion_0,Fragmented Overwhelm & Exhaustion,Cognitive disorganization,landmark,15,0.0,0.0,0.0,0.0,52.625,52.62499976158142,1.0000000045305193,27859.068359375
fragmented_overwhelm_and_exhaustion_0,Fragmented Overwhelm & Exhaustion,Cognitive disorganization,landmark,22,0.06283185307179587,3.141592653589793,0.19344424626135137,3.141592653589793,17.125,62.30963897705078,0.27483709232061665,33272.22265625
fragmented_overwhelm_and_exhaustion_0,Fragmented Overwhelm & Exhaustion,Cognitive disorganization,landmark,27,0.06283185307179587,3.141592653589793,0.19344424626135137,3.141592653589793,15.0,44.87578582763672,0.3342559851233237,42310.9140625
fragmented_overwhelm_and_exhaustion_0,Fragmented Overwhelm & Exhaustion,Cognitive disorganization,landmark,29,0.06283185307179587,3.141592653589793,0.19344424626135137,3.141592653589793,7.5625,9.766029357910156,0.7743679363276365,48242.28515625
fragmented_overwhelm_and_exhaustion_0,Fragmented Overwhelm & Exhaustion,Cognitive disorganization,landmark,1,0.06283185307179587,3.141592653589793,0.19344424626135137,3.141592653589793,12.9140625,22.08250904083252,0.5848095647157101,876.7689819335938
fragmented_overwhelm_and_exhaustion_0,Fragmented Overwhelm & Exhaustion,Cognitive disorganization,landmark,5,0.06283185307179587,3.141592653589793,0.19344424626135137,3.141592653589793,7.46875,20.204116821289062,0.36966476021016587,2273.30078125
fragmented_overwhelm_and_exhaustion_0,Fragmented Overwhelm & Exhaustion,Cognitive disorganization,landmark,7,0.0,0.0,0.0,0.0,11.0625,11.0625,1.0,3431.346435546875
fragmented_overwhelm_and_exhaustion_0,Fragmented Overwhelm & Exhaustion,Cognitive disorganization,landmark,11,0.06283185307179587,3.141592653589793,0.19344424626135137,3.141592653589793,0.75,6.244862347841263,0.12009872407504091,19105.10546875
fragmented_overwhelm_and_exhaustion_0,Fragmented Overwhelm & Exhaustion,Cognitive disorganization,landmark,15,0.0,0.0,0.0,0.0,52.625,52.62499976158142,1.0000000045305193,27859.068359375
fragmented_overwhelm_and_exhaustion_0,Fragmented Overwhelm & Exhaustion,Cognitive disorganization,landmark,22,0.06283185307179587,3.141592653589793,0.19344424626135137,3.141592653589793,17.125,62.30963897705078,0.27483709232061665,33272.22265625
fragmented_overwhelm_and_exhaustion_0,Fragmented Overwhelm & Exhaustion,Cognitive disorganization,landmark,27,0.06283185307179587,3.141592653589793,0.19344424626135137,3.141592653589793,15.0,44.87578582763672,0.3342559851233237,42310.9140625
fragmented_overwhelm_and_exhaustion_0,Fragmented Overwhelm & Exhaustion,Cognitive disorganization,landmark,29,0.06283185307179587,3.141592653589793,0.19344424626135137,3.141592653589793,7.5625,9.766029357910156,0.7743679363276365,48242.28515625
fragmented_overwhelm_and_exhaustion_0,Fragmented Overwhelm & Exhaustion,Cognitive disorganization,landmark,1,0.06283185307179587,3.141592653589793,0.19344424626135137,3.141592653589793,12.9140625,22.08250904083252,0.5848095647157101,876.7689819335938
fragmented_overwhelm_and_exhaustion_0,Fragmented Overwhelm & Exhaustion,Cognitive disorganization,landmark,5,0.06283185307179587,3.141592653589793,0.19344424626135137,3.141592653589793,7.46875,20.204116821289062,0.36966476021016587,2273.30078125
fragmented_overwhelm_and_exhaustion_0,Fragmented Overwhelm & Exhaustion,Cognitive disorganization,landmark,7,0.0,0.0,0.0,0.0,11.0625,11.0625,1.0,3431.346435546875
fragmented_overwhelm_and_exhaustion_0,Fragmented Overwhelm & Exhaustion,Cognitive disorganization,landmark,11,0.06283185307179587,3.141592653589793,0.19344424626135137,3.141592653589793,0.75,6.244862347841263,0.12009872407504091,19105.10546875
fragmented_overwhelm_and_exhaustion_0,Fragmented Overwhelm & Exhaustion,Cognitive disorganization,landmark,15,0.0,0.0,0.0,0.0,52.625,52.62499976158142,1.0000000045305193,27859.068359375
fragmented_overwhelm_and_exhaustion_0,Fragmented Overwhelm & Exhaustion,Cognitive disorganization,landmark,22,0.06283185307179587,3.141592653589793,0.19344424626135137,3.141592653589793,17.125,62.30963897705078,0.27483709232061665,33272.22265625
fragmented_overwhelm_and_exhaustion_0,Fragmented Overwhelm & Exhaustion,Cognitive disorganization,landmark,27,0.06283185307179587,3.141592653589793,0.19344424626135137,3.141592653589793,15.0,44.87578582763672,0.3342559851233237,42310.9140625
fragmented_overwhelm_and_exhaustion_0,Fragmented Overwhelm & Exhaustion,Cognitive disorganization,landmark,29,0.06283185307179587,3.141592653589793,0.19344424626135137,3.141592653589793,7.5625,9.766029357910156,0.7743679363276365,48242.28515625
fragmented_overwhelm_and_exhaustion_0,Fragmented Overwhelm & Exhaustion,Cognitive disorganization,landmark,1,0.06283185307179587,3.141592653589793,0.19344424626135137,3.141592653589793,12.9140625,22.08250904083252,0.5848095647157101,876.7689819335938
fragmented_overwhelm_and_exhaustion_0,Fragmented Overwhelm & Exhaustion,Cognitive disorganization,landmark,5,0.06283185307179587,3.141592653589793,0.19344424626135137,3.141592653589793,7.46875,20.204116821289062,0.36966476021016587,2273.30078125
fragmented_overwhelm_and_exhaustion_0,Fragmented Overwhelm & Exhaustion,Cognitive disorganization,landmark,7,0.0,0.0,0.0,0.0,11.0625,11.0625,1.0,3431.346435546875
fragmented_overwhelm_and_exhaustion_0,Fragmented Overwhelm & Exhaustion,Cognitive disorganization,landmark,11,0.06283185307179587,3.141592653589793,0.19344424626135137,3.141592653589793,0.75,6.244862347841263,0.12009872407504091,19105.10546875
fragmented_overwhelm_and_exhaustion_0,Fragmented Overwhelm & Exhaustion,Cognitive disorganization,landmark,15,0.0,0.0,0.0,0.0,52.625,52.62499976158142,1.0000000045305193,27859.068359375
fragmented_overwhelm_and_exhaustion_0,Fragmented Overwhelm & Exhaustion,Cognitive disorganization,landmark,22,0.06283185307179587,3.141592653589793,0.19344424626135137,3.141592653589793,17.125,62.30963897705078,0.27483709232061665,33272.22265625
fragmented_overwhelm_and_exhaustion_0,Fragmented Overwhelm & Exhaustion,Cognitive disorganization,landmark,27,0.06283185307179587,3.141592653589793,0.19344424626135137,3.141592653589793,15.0,44.87578582763672,0.3342559851233237,42310.9140625
fragmented_overwhelm_and_exhaustion_0,Fragmented Overwhelm & Exhaustion,Cognitive disorganization,landmark,29,0.06283185307179587,3.141592653589793,0.19344424626135137,3.141592653589793,7.5625,9.766029357910156,0.7743679363276365,48242.28515625
fragmented_overwhelm_and_exhaustion_0,Fragmented Overwhelm & Exhaustion,Cognitive disorganization,landmark,1,0.06283185307179587,3.141592653589793,0.19344424626135137,3.141592653589793,12.9140625,22.08250904083252,0.5848095647157101,876.7689819335938
fragmented_overwhelm_and_exhaustion_0,Fragmented Overwhelm & Exhaustion,Cognitive disorganization,landmark,5,0.06283185307179587,3.141592653589793,0.19344424626135137,3.141592653589793,7.46875,20.204116821289062,0.36966476021016587,2273.30078125
fragmented_overwhelm_and_exhaustion_0,Fragmented Overwhelm & Exhaustion,Cognitive disorganization,landmark,7,0.0,0.0,0.0,0.0,11.0625,11.0625,1.0,3431.346435546875
fragmented_overwhelm_and_exhaustion_0,Fragmented Overwhelm & Exhaustion,Cognitive disorganization,landmark,11,0.06283185307179587,3.141592653589793,0.19344424626135137,3.141592653589793,0.75,6.244862347841263,0.12009872407504091,19105.10546875
fragmented_overwhelm_and_exhaustion_0,Fragmented Overwhelm & Exhaustion,Cognitive disorganization,landmark,15,0.0,0.0,0.0,0.0,52.625,52.62499976158142,1.0000000045305193,27859.068359375
fragmented_overwhelm_and_exhaustion_0,Fragmented Overwhelm & Exhaustion,Cognitive disorganization,landmark,22,0.06283185307179587,3.141592653589793,0.19344424626135137,3.141592653589793,17.125,62.30963897705078,0.27483709232061665,33272.22265625
fragmented_overwhelm_and_exhaustion_0,Fragmented Overwhelm & Exhaustion,Cognitive disorganization,landmark,27,0.06283185307179587,3.141592653589793,0.19344424626135137,3.141592653589793,15.0,44.87578582763672,0.3342559851233237,42310.9140625
fragmented_overwhelm_and_exhaustion_0,Fragmented Overwhelm & Exhaustion,Cognitive disorganization,landmark,29,0.06283185307179587,3.141592653589793,0.19344424626135137,3.141592653589793,7.5625,9.766029357910156,0.7743679363276365,48242.28515625
fragmented_overwhelm_and_exhaustion_0,Fragmented Overwhelm & Exhaustion,Cognitive disorganization,landmark,1,0.06283185307179587,3.141592653589793,0.19344424626135137,3.141592653589793,12.9140625,22.08250904083252,0.5848095647157101,876.7689819335938
fragmented_overwhelm_and_exhaustion_0,Fragmented Overwhelm & Exhaustion,Cognitive disorganization,landmark,5,0.06283185307179587,3.141592653589793,0.19344424626135137,3.141592653589793,7.46875,20.204116821289062,0.36966476021016587,2273.30078125
fragmented_overwhelm_and_exhaustion_0,Fragmented Overwhelm & Exhaustion,Cognitive disorganization,landmark,7,0.0,0.0,0.0,0.0,11.0625,11.0625,1.0,3431.346435546875
fragmented_overwhelm_and_exhaustion_0,Fragmented Overwhelm & Exhaustion,Cognitive disorganization,landmark,11,0.06283185307179587,3.141592653589793,0.19344424626135137,3.141592653589793,0.75,6.244862347841263,0.12009872407504091,19105.10546875
fragmented_overwhelm_and_exhaustion_0,Fragmented Overwhelm & Exhaustion,Cognitive disorganization,landmark,15,0.0,0.0,0.0,0.0,52.625,52.62499976158142,1.0000000045305193,27859.068359375
fragmented_overwhelm_and_exhaustion_0,Fragmented Overwhelm & Exhaustion,Cognitive disorganization,landmark,22,0.06283185307179587,3.141592653589793,0.19344424626135137,3.141592653589793,17.125,62.30963897705078,0.27483709232061665,33272.22265625
fragmented_overwhelm_and_exhaustion_0,Fragmented Overwhelm & Exhaustion,Cognitive disorganization,landmark,27,0.06283185307179587,3.141592653589793,0.19344424626135137,3.141592653589793,15.0,44.87578582763672,0.3342559851233237,42310.9140625
fragmented_overwhelm_and_exhaustion_0,Fragmented Overwhelm & Exhaustion,Cognitive disorganization,landmark,29,0.06283185307179587,3.141592653589793,0.19344424626135137,3.141592653589793,7.5625,9.766029357910156,0.7743679363276365,48242.28515625
fragmented_overwhelm_and_exhaustion_0,Fragmented Overwhelm & Exhaustion,Cognitive disorganization,landmark,1,0.06283185307179587,3.141592653589793,0.19344424626135137,3.141592653589793,12.9140625,22.08250904083252,0.5848095647157101,876.7689819335938
fragmented_overwhelm_and_exhaustion_0,Fragmented Overwhelm & Exhaustion,Cognitive disorganization,landmark,5,0.06283185307179587,3.141592653589793,0.19344424626135137,3.141592653589793,7.46875,20.204116821289062,0.36966476021016587,2273.30078125
fragmented_overwhelm_and_exhaustion_0,Fragmented Overwhelm & Exhaustion,Cognitive disorganization,landmark,7,0.0,0.0,0.0,0.0,11.0625,11.0625,1.0,3431.346435546875
fragmented_overwhelm_and_exhaustion_0,Fragmented Overwhelm & Exhaustion,Cognitive disorganization,landmark,11,0.06283185307179587,3.141592653589793,0.19344424626135137,3.141592653589793,0.75,6.244862347841263,0.12009872407504091,19105.10546875
fragmented_overwhelm_and_exhaustion_0,Fragmented Overwhelm & Exhaustion,Cognitive disorganization,landmark,15,0.0,0.0,0.0,0.0,52.625,52.62499976158142,1.0000000045305193,27859.068359375
fragmented_overwhelm_and_exhaustion_0,Fragmented Overwhelm & Exhaustion,Cognitive disorganization,landmark,22,0.06283185307179587,3.141592653589793,0.19344424626135137,3.141592653589793,17.125,62.30963897705078,0.27483709232061665,33272.22265625
fragmented_overwhelm_and_exhaustion_0,Fragmented Overwhelm & Exhaustion,Cognitive disorganization,landmark,27,0.06283185307179587,3.141592653589793,0.19344424626135137,3.141592653589793,15.0,44.87578582763672,0.3342559851233237,42310.9140625
fragmented_overwhelm_and_exhaustion_0,Fragmented Overwhelm & Exhaustion,Cognitive disorganization,landmark,29,0.06283185307179587,3.141592653589793,0.19344424626135137,3.141592653589793,7.5625,9.766029357910156,0.7743679363276365,48242.28515625
fragmented_overwhelm_and_exhaustion_0,Fragmented Overwhelm & Exhaustion,Cognitive disorganization,landmark,1,0.06283185307179587,3.141592653589793,0.19344424626135137,3.141592653589793,12.9140625,22.08250904083252,0.5848095647157101,876.7689819335938
fragmented_overwhelm_and_exhaustion_0,Fragmented Overwhelm & Exhaustion,Cognitive disorganization,landmark,5,0.06283185307179587,3.141592653589793,0.19344424626135137,3.141592653589793,7.46875,20.204116821289062,0.36966476021016587,2273.30078125
fragmented_overwhelm_and_exhaustion_0,Fragmented Overwhelm & Exhaustion,Cognitive disorganization,landmark,7,0.0,0.0,0.0,0.0,11.0625,11.0625,1.0,3431.346435546875
fragmented_overwhelm_and_exhaustion_0,Fragmented Overwhelm & Exhaustion,Cognitive disorganization,landmark,11,0.06283185307179587,3.141592653589793,0.19344424626135137,3.141592653589793,0.75,6.244862347841263,0.12009872407504091,19105.10546875
fragmented_overwhelm_and_exhaustion_0,Fragmented Overwhelm & Exhaustion,Cognitive disorganization,landmark,15,0.0,0.0,0.0,0.0,52.625,52.62499976158142,1.0000000045305193,27859.068359375
fragmented_overwhelm_and_exhaustion_0,Fragmented Overwhelm & Exhaustion,Cognitive disorganization,landmark,22,0.06283185307179587,3.141592653589793,0.19344424626135137,3.141592653589793,17.125,62.30963897705078,0.27483709232061665,33272.22265625
fragmented_overwhelm_and_exhaustion_0,Fragmented Overwhelm & Exhaustion,Cognitive disorganization,landmark,27,0.06283185307179587,3.141592653589793,0.19344424626135137,3.141592653589793,15.0,44.87578582763672,0.3342559851233237,42310.9140625
fragmented_overwhelm_and_exhaustion_0,Fragmented Overwhelm & Exhaustion,Cognitive disorganization,landmark,29,0.06283185307179587,3.141592653589793,0.19344424626135137,3.141592653589793,7.5625,9.766029357910156,0.7743679363276365,48242.28515625
fragmented_overwhelm_and_exhaustion_0,Fragmented Overwhelm & Exhaustion,Cognitive disorganization,landmark,1,0.06283185307179587,3.141592653589793,0.19344424626135137,3.141592653589793,12.9140625,22.08250904083252,0.5848095647157101,876.7689819335938
fragmented_overwhelm_and_exhaustion_0,Fragmented Overwhelm & Exhaustion,Cognitive disorganization,landmark,5,0.06283185307179587,3.141592653589793,0.19344424626135137,3.141592653589793,7.46875,20.204116821289062,0.36966476021016587,2273.30078125
fragmented_overwhelm_and_exhaustion_0,Fragmented Overwhelm & Exhaustion,Cognitive disorganization,landmark,7,0.0,0.0,0.0,0.0,11.0625,11.0625,1.0,3431.346435546875
fragmented_overwhelm_and_exhaustion_0,Fragmented Overwhelm & Exhaustion,Cognitive disorganization,landmark,11,0.06283185307179587,3.141592653589793,0.19344424626135137,3.141592653589793,0.75,6.244862347841263,0.12009872407504091,19105.10546875
fragmented_overwhelm_and_exhaustion_0,Fragmented Overwhelm & Exhaustion,Cognitive disorganization,landmark,15,0.0,0.0,0.0,0.0,52.625,52.62499976158142,1.0000000045305193,27859.068359375
fragmented_overwhelm_and_exhaustion_0,Fragmented Overwhelm & Exhaustion,Cognitive disorganization,landmark,22,0.06283185307179587,3.141592653589793,0.19344424626135137,3.141592653589793,17.125,62.30963897705078,0.27483709232061665,33272.22265625
fragmented_overwhelm_and_exhaustion_0,Fragmented Overwhelm & Exhaustion,Cognitive disorganization,landmark,27,0.06283185307179587,3.141592653589793,0.19344424626135137,3.141592653589793,15.0,44.87578582763672,0.3342559851233237,42310.9140625
fragmented_overwhelm_and_exhaustion_0,Fragmented Overwhelm & Exhaustion,Cognitive disorganization,landmark,29,0.06283185307179587,3.141592653589793,0.19344424626135137,3.141592653589793,7.5625,9.766029357910156,0.7743679363276365,48242.28515625
fragmented_overwhelm_and_exhaustion_0,Fragmented Overwhelm & Exhaustion,Cognitive disorganization,landmark,1,0.06283185307179587,3.141592653589793,0.19344424626135137,3.141592653589793,12.9140625,22.08250904083252,0.5848095647157101,876.7689819335938
fragmented_overwhelm_and_exhaustion_0,Fragmented Overwhelm & Exhaustion,Cognitive disorganization,landmark,5,0.06283185307179587,3.141592653589793,0.19344424626135137,3.141592653589793,7.46875,20.204116821289062,0.36966476021016587,2273.30078125
fragmented_overwhelm_and_exhaustion_0,Fragmented Overwhelm & Exhaustion,Cognitive disorganization,landmark,7,0.0,0.0,0.0,0.0,11.0625,11.0625,1.0,3431.346435546875
fragmented_overwhelm_and_exhaustion_0,Fragmented Overwhelm & Exhaustion,Cognitive disorganization,landmark,11,0.06283185307179587,3.141592653589793,0.19344424626135137,3.141592653589793,0.75,6.244862347841263,0.12009872407504091,19105.10546875
fragmented_overwhelm_and_exhaustion_0,Fragmented Overwhelm & Exhaustion,Cognitive disorganization,landmark,15,0.0,0.0,0.0,0.0,52.625,52.62499976158142,1.0000000045305193,27859.068359375
fragmented_overwhelm_and_exhaustion_0,Fragmented Overwhelm & Exhaustion,Cognitive disorganization,landmark,22,0.06283185307179587,3.141592653589793,0.19344424626135137,3.141592653589793,17.125,62.30963897705078,0.27483709232061665,33272.22265625
fragmented_overwhelm_and_exhaustion_0,Fragmented Overwhelm & Exhaustion,Cognitive disorganization,landmark,27,0.06283185307179587,3.141592653589793,0.19344424626135137,3.141592653589793,15.0,44.87578582763672,0.3342559851233237,42310.9140625
fragmented_overwhelm_and_exhaustion_0,Fragmented Overwhelm & Exhaustion,Cognitive disorganization,landmark,29,0.06283185307179587,3.141592653589793,0.19344424626135137,3.141592653589793,7.5625,9.766029357910156,0.7743679363276365,48242.28515625
fragmented_overwhelm_and_exhaustion_0,Fragmented Overwhelm & Exhaustion,Cognitive disorganization,landmark,1,0.06283185307179587,3.141592653589793,0.19344424626135137,3.141592653589793,12.9140625,22.08250904083252,0.5848095647157101,876.7689819335938
fragmented_overwhelm_and_exhaustion_0,Fragmented Overwhelm & Exhaustion,Cognitive disorganization,landmark,5,0.06283185307179587,3.141592653589793,0.19344424626135137,3.141592653589793,7.46875,20.204116821289062,0.36966476021016587,2273.30078125
fragmented_overwhelm_and_exhaustion_0,Fragmented Overwhelm & Exhaustion,Cognitive disorganization,landmark,7,0.0,0.0,0.0,0.0,11.0625,11.0625,1.0,3431.346435546875
fragmented_overwhelm_and_exhaustion_0,Fragmented Overwhelm & Exhaustion,Cognitive disorganization,landmark,11,0.06283185307179587,3.141592653589793,0.19344424626135137,3.141592653589793,0.75,6.244862347841263,0.12009872407504091,19105.10546875
fragmented_overwhelm_and_exhaustion_0,Fragmented Overwhelm & Exhaustion,Cognitive disorganization,landmark,15,0.0,0.0,0.0,0.0,52.625,52.62499976158142,1.0000000045305193,27859.068359375
fragmented_overwhelm_and_exhaustion_0,Fragmented Overwhelm & Exhaustion,Cognitive disorganization,landmark,22,0.06283185307179587,3.141592653589793,0.19344424626135137,3.141592653589793,17.125,62.30963897705078,0.27483709232061665,33272.22265625
fragmented_overwhelm_and_exhaustion_0,Fragmented Overwhelm & Exhaustion,Cognitive disorganization,landmark,27,0.06283185307179587,3.141592653589793,0.19344424626135137,3.141592653589793,15.0,44.87578582763672,0.3342559851233237,42310.9140625
fragmented_overwhelm_and_exhaustion_0,Fragmented Overwhelm & Exhaustion,Cognitive disorganization,landmark,29,0.06283185307179587,3.141592653589793,0.19344424626135137,3.141592653589793,7.5625,9.766029357910156,0.7743679363276365,48242.28515625
fragmented_overwhelm_and_exhaustion_0,Fragmented Overwhelm & Exhaustion,Cognitive disorganization,landmark,1,0.06283185307179587,3.141592653589793,0.19344424626135137,3.141592653589793,12.9140625,22.08250904083252,0.5848095647157101,876.7689819335938
fragmented_overwhelm_and_exhaustion_0,Fragmented Overwhelm & Exhaustion,Cognitive disorganization,landmark,5,0.06283185307179587,3.141592653589793,0.19344424626135137,3.141592653589793,7.46875,20.204116821289062,0.36966476021016587,2273.30078125
fragmented_overwhelm_and_exhaustion_0,Fragmented Overwhelm & Exhaustion,Cognitive disorganization,landmark,7,0.0,0.0,0.0,0.0,11.0625,11.0625,1.0,3431.346435546875
fragmented_overwhelm_and_exhaustion_0,Fragmented Overwhelm & Exhaustion,Cognitive disorganization,landmark,11,0.06283185307179587,3.141592653589793,0.19344424626135137,3.141592653589793,0.75,6.244862347841263,0.12009872407504091,19105.10546875
fragmented_overwhelm_and_exhaustion_0,Fragmented Overwhelm & Exhaustion,Cognitive disorganization,landmark,15,0.0,0.0,0.0,0.0,52.625,52.62499976158142,1.0000000045305193,27859.068359375
fragmented_overwhelm_and_exhaustion_0,Fragmented Overwhelm & Exhaustion,Cognitive disorganization,landmark,22,0.06283185307179587,3.141592653589793,0.19344424626135137,3.141592653589793,17.125,62.30963897705078,0.27483709232061665,33272.22265625
fragmented_overwhelm_and_exhaustion_0,Fragmented Overwhelm & Exhaustion,Cognitive disorganization,landmark,27,0.06283185307179587,3.141592653589793,0.19344424626135137,3.141592653589793,15.0,44.87578582763672,0.3342559851233237,42310.9140625
fragmented_overwhelm_and_exhaustion_0,Fragmented Overwhelm & Exhaustion,Cognitive disorganization,landmark,29,0.06283185307179587,3.141592653589793,0.19344424626135137,3.141592653589793,7.5625,9.766029357910156,0.7743679363276365,48242.28515625
fragmented_overwhelm_and_exhaustion_0,Fragmented Overwhelm & Exhaustion,Cognitive disorganization,landmark,1,0.06283185307179587,3.141592653589793,0.19344424626135137,3.141592653589793,12.9140625,22.08250904083252,0.5848095647157101,876.7689819335938
fragmented_overwhelm_and_exhaustion_0,Fragmented Overwhelm & Exhaustion,Cognitive disorganization,landmark,5,0.06283185307179587,3.141592653589793,0.19344424626135137,3.141592653589793,7.46875,20.204116821289062,0.36966476021016587,2273.30078125
fragmented_overwhelm_and_exhaustion_0,Fragmented Overwhelm & Exhaustion,Cognitive disorganization,landmark,7,0.0,0.0,0.0,0.0,11.0625,11.0625,1.0,3431.346435546875
fragmented_overwhelm_and_exhaustion_0,Fragmented Overwhelm & Exhaustion,Cognitive disorganization,landmark,11,0.06283185307179587,3.141592653589793,0.19344424626135137,3.141592653589793,0.75,6.244862347841263,0.12009872407504091,19105.10546875
fragmented_overwhelm_and_exhaustion_0,Fragmented Overwhelm & Exhaustion,Cognitive disorganization,landmark,15,0.0,0.0,0.0,0.0,52.625,52.62499976158142,1.0000000045305193,27859.068359375
fragmented_overwhelm_and_exhaustion_0,Fragmented Overwhelm & Exhaustion,Cognitive disorganization,landmark,22,0.06283185307179587,3.141592653589793,0.19344424626135137,3.141592653589793,17.125,62.30963897705078,0.27483709232061665,33272.22265625
fragmented_overwhelm_and_exhaustion_0,Fragmented Overwhelm & Exhaustion,Cognitive disorganization,landmark,27,0.06283185307179587,3.141592653589793,0.19344424626135137,3.141592653589793,15.0,44.87578582763672,0.3342559851233237,42310.9140625
fragmented_overwhelm_and_exhaustion_0,Fragmented Overwhelm & Exhaustion,Cognitive disorganization,landmark,29,0.06283185307179587,3.141592653589793,0.19344424626135137,3.141592653589793,7.5625,9.766029357910156,0.7743679363276365,48242.28515625
fragmented_overwhelm_and_exhaustion_0,Fragmented Overwhelm & Exhaustion,Cognitive disorganization,landmark,1,0.06283185307179587,3.141592653589793,0.19344424626135137,3.141592653589793,12.9140625,22.08250904083252,0.5848095647157101,876.7689819335938
fragmented_overwhelm_and_exhaustion_0,Fragmented Overwhelm & Exhaustion,Cognitive disorganization,landmark,5,0.06283185307179587,3.141592653589793,0.19344424626135137,3.141592653589793,7.46875,20.204116821289062,0.36966476021016587,2273.30078125
fragmented_overwhelm_and_exhaustion_0,Fragmented Overwhelm & Exhaustion,Cognitive disorganization,landmark,7,0.0,0.0,0.0,0.0,11.0625,11.0625,1.0,3431.346435546875
fragmented_overwhelm_and_exhaustion_0,Fragmented Overwhelm & Exhaustion,Cognitive disorganization,landmark,11,0.06283185307179587,3.141592653589793,0.19344424626135137,3.141592653589793,0.75,6.244862347841263,0.12009872407504091,19105.10546875
fragmented_overwhelm_and_exhaustion_0,Fragmented Overwhelm & Exhaustion,Cognitive disorganization,landmark,15,0.0,0.0,0.0,0.0,52.625,52.62499976158142,1.0000000045305193,27859.068359375
fragmented_overwhelm_and_exhaustion_0,Fragmented Overwhelm & Exhaustion,Cognitive disorganization,landmark,22,0.06283185307179587,3.141592653589793,0.19344424626135137,3.141592653589793,17.125,62.30963897705078,0.27483709232061665,33272.22265625
fragmented_overwhelm_and_exhaustion_0,Fragmented Overwhelm & Exhaustion,Cognitive disorganization,landmark,27,0.06283185307179587,3.141592653589793,0.19344424626135137,3.141592653589793,15.0,44.87578582763672,0.3342559851233237,42310.9140625
fragmented_overwhelm_and_exhaustion_0,Fragmented Overwhelm & Exhaustion,Cognitive disorganization,landmark,29,0.06283185307179587,3.141592653589793,0.19344424626135137,3.141592653589793,7.5625,9.766029357910156,0.7743679363276365,48242.28515625
fragmented_overwhelm_and_exhaustion_0,Fragmented Overwhelm & Exhaustion,Cognitive disorganization,landmark,1,0.06283185307179587,3.141592653589793,0.19344424626135137,3.141592653589793,12.9140625,22.08250904083252,0.5848095647157101,876.7689819335938
fragmented_overwhelm_and_exhaustion_0,Fragmented Overwhelm & Exhaustion,Cognitive disorganization,landmark,5,0.06283185307179587,3.141592653589793,0.19344424626135137,3.141592653589793,7.46875,20.204116821289062,0.36966476021016587,2273.30078125
fragmented_overwhelm_and_exhaustion_0,Fragmented Overwhelm & Exhaustion,Cognitive disorganization,landmark,7,0.0,0.0,0.0,0.0,11.0625,11.0625,1.0,3431.346435546875
fragmented_overwhelm_and_exhaustion_0,Fragmented Overwhelm & Exhaustion,Cognitive disorganization,landmark,11,0.06283185307179587,3.141592653589793,0.19344424626135137,3.141592653589793,0.75,6.244862347841263,0.12009872407504091,19105.10546875
fragmented_overwhelm_and_exhaustion_0,Fragmented Overwhelm & Exhaustion,Cognitive disorganization,landmark,15,0.0,0.0,0.0,0.0,52.625,52.62499976158142,1.0000000045305193,27859.068359375
fragmented_overwhelm_and_exhaustion_0,Fragmented Overwhelm & Exhaustion,Cognitive disorganization,landmark,22,0.06283185307179587,3.141592653589793,0.19344424626135137,3.141592653589793,17.125,62.30963897705078,0.27483709232061665,33272.22265625
fragmented_overwhelm_and_exhaustion_0,Fragmented Overwhelm & Exhaustion,Cognitive disorganization,landmark,27,0.06283185307179587,3.141592653589793,0.19344424626135137,3.141592653589793,15.0,44.87578582763672,0.3342559851233237,42310.9140625
fragmented_overwhelm_and_exhaustion_0,Fragmented Overwhelm & Exhaustion,Cognitive disorganization,landmark,29,0.06283185307179587,3.141592653589793,0.19344424626135137,3.141592653589793,7.5625,9.766029357910156,0.7743679363276365,48242.28515625
fragmented_overwhelm_and_exhaustion_0,Fragmented Overwhelm & Exhaustion,Cognitive disorganization,landmark,1,0.06283185307179587,3.141592653589793,0.19344424626135137,3.141592653589793,12.9140625,22.08250904083252,0.5848095647157101,876.7689819335938
fragmented_overwhelm_and_exhaustion_0,Fragmented Overwhelm & Exhaustion,Cognitive disorganization,landmark,5,0.06283185307179587,3.141592653589793,0.19344424626135137,3.141592653589793,7.46875,20.204116821289062,0.36966476021016587,2273.30078125
fragmented_overwhelm_and_exhaustion_0,Fragmented Overwhelm & Exhaustion,Cognitive disorganization,landmark,7,0.0,0.0,0.0,0.0,11.0625,11.0625,1.0,3431.346435546875
fragmented_overwhelm_and_exhaustion_0,Fragmented Overwhelm & Exhaustion,Cognitive disorganization,landmark,11,0.06283185307179587,3.141592653589793,0.19344424626135137,3.141592653589793,0.75,6.244862347841263,0.12009872407504091,19105.10546875
fragmented_overwhelm_and_exhaustion_0,Fragmented Overwhelm & Exhaustion,Cognitive disorganization,landmark,15,0.0,0.0,0.0,0.0,52.625,52.62499976158142,1.0000000045305193,27859.068359375
fragmented_overwhelm_and_exhaustion_0,Fragmented Overwhelm & Exhaustion,Cognitive disorganization,landmark,22,0.06283185307179587,3.141592653589793,0.19344424626135137,3.141592653589793,17.125,62.30963897705078,0.27483709232061665,33272.22265625
fragmented_overwhelm_and_exhaustion_0,Fragmented Overwhelm & Exhaustion,Cognitive disorganization,landmark,27,0.06283185307179587,3.141592653589793,0.19344424626135137,3.141592653589793,15.0,44.87578582763672,0.3342559851233237,42310.9140625
fragmented_overwhelm_and_exhaustion_0,Fragmented Overwhelm & Exhaustion,Cognitive disorganization,landmark,29,0.06283185307179587,3.141592653589793,0.19344424626135137,3.141592653589793,7.5625,9.766029357910156,0.7743679363276365,48242.28515625
fragmented_overwhelm_and_exhaustion_0,Fragmented Overwhelm & Exhaustion,Cognitive disorganization,landmark,1,0.06283185307179587,3.141592653589793,0.19344424626135137,3.141592653589793,12.9140625,22.08250904083252,0.5848095647157101,876.7689819335938
fragmented_overwhelm_and_exhaustion_0,Fragmented Overwhelm & Exhaustion,Cognitive disorganization,landmark,5,0.06283185307179587,3.141592653589793,0.19344424626135137,3.141592653589793,7.46875,20.204116821289062,0.36966476021016587,2273.30078125
fragmented_overwhelm_and_exhaustion_0,Fragmented Overwhelm & Exhaustion,Cognitive disorganization,landmark,7,0.0,0.0,0.0,0.0,11.0625,11.0625,1.0,3431.346435546875
fragmented_overwhelm_and_exhaustion_0,Fragmented Overwhelm & Exhaustion,Cognitive disorganization,landmark,11,0.06283185307179587,3.141592653589793,0.19344424626135137,3.141592653589793,0.75,6.244862347841263,0.12009872407504091,19105.10546875
fragmented_overwhelm_and_exhaustion_0,Fragmented Overwhelm & Exhaustion,Cognitive disorganization,landmark,15,0.0,0.0,0.0,0.0,52.625,52.62499976158142,1.0000000045305193,27859.068359375
fragmented_overwhelm_and_exhaustion_0,Fragmented Overwhelm & Exhaustion,Cognitive disorganization,landmark,22,0.06283185307179587,3.141592653589793,0.19344424626135137,3.141592653589793,17.125,62.30963897705078,0.27483709232061665,33272.22265625
fragmented_overwhelm_and_exhaustion_0,Fragmented Overwhelm & Exhaustion,Cognitive disorganization,landmark,27,0.06283185307179587,3.141592653589793,0.19344424626135137,3.141592653589793,15.0,44.87578582763672,0.3342559851233237,42310.9140625
fragmented_overwhelm_and_exhaustion_0,Fragmented Overwhelm & Exhaustion,Cognitive disorganization,landmark,29,0.06283185307179587,3.141592653589793,0.19344424626135137,3.141592653589793,7.5625,9.766029357910156,0.7743679363276365,48242.28515625
fragmented_overwhelm_and_exhaustion_0,Fragmented Overwhelm & Exhaustion,Cognitive disorganization,landmark,1,0.06283185307179587,3.141592653589793,0.19344424626135137,3.141592653589793,12.9140625,22.08250904083252,0.5848095647157101,876.7689819335938
fragmented_overwhelm_and_exhaustion_0,Fragmented Overwhelm & Exhaustion,Cognitive disorganization,landmark,5,0.06283185307179587,3.141592653589793,0.19344424626135137,3.141592653589793,7.46875,20.204116821289062,0.36966476021016587,2273.30078125
fragmented_overwhelm_and_exhaustion_0,Fragmented Overwhelm & Exhaustion,Cognitive disorganization,landmark,7,0.0,0.0,0.0,0.0,11.0625,11.0625,1.0,3431.346435546875
fragmented_overwhelm_and_exhaustion_0,Fragmented Overwhelm & Exhaustion,Cognitive disorganization,landmark,11,0.06283185307179587,3.141592653589793,0.19344424626135137,3.141592653589793,0.75,6.244862347841263,0.12009872407504091,19105.10546875
fragmented_overwhelm_and_exhaustion_0,Fragmented Overwhelm & Exhaustion,Cognitive disorganization,landmark,15,0.0,0.0,0.0,0.0,52.625,52.62499976158142,1.0000000045305193,27859.068359375
fragmented_overwhelm_and_exhaustion_0,Fragmented Overwhelm & Exhaustion,Cognitive disorganization,landmark,22,0.06283185307179587,3.141592653589793,0.19344424626135137,3.141592653589793,17.125,62.30963897705078,0.27483709232061665,33272.22265625
fragmented_overwhelm_and_exhaustion_0,Fragmented Overwhelm & Exhaustion,Cognitive disorganization,landmark,27,0.06283185307179587,3.141592653589793,0.19344424626135137,3.141592653589793,15.0,44.87578582763672,0.3342559851233237,42310.9140625
fragmented_overwhelm_and_exhaustion_0,Fragmented Overwhelm & Exhaustion,Cognitive disorganization,landmark,29,0.06283185307179587,3.141592653589793,0.19344424626135137,3.141592653589793,7.5625,9.766029357910156,0.7743679363276365,48242.28515625
fragmented_overwhelm_and_exhaustion_0,Fragmented Overwhelm & Exhaustion,Cognitive disorganization,landmark,1,0.06283185307179587,3.141592653589793,0.19344424626135137,3.141592653589793,12.9140625,22.08250904083252,0.5848095647157101,876.7689819335938
fragmented_overwhelm_and_exhaustion_0,Fragmented Overwhelm & Exhaustion,Cognitive disorganization,landmark,5,0.06283185307179587,3.141592653589793,0.19344424626135137,3.141592653589793,7.46875,20.204116821289062,0.36966476021016587,2273.30078125
fragmented_overwhelm_and_exhaustion_0,Fragmented Overwhelm & Exhaustion,Cognitive disorganization,landmark,7,0.0,0.0,0.0,0.0,11.0625,11.0625,1.0,3431.346435546875
fragmented_overwhelm_and_exhaustion_0,Fragmented Overwhelm & Exhaustion,Cognitive disorganization,landmark,11,0.06283185307179587,3.141592653589793,0.19344424626135137,3.141592653589793,0.75,6.244862347841263,0.12009872407504091,19105.10546875
fragmented_overwhelm_and_exhaustion_0,Fragmented Overwhelm & Exhaustion,Cognitive disorganization,landmark,15,0.0,0.0,0.0,0.0,52.625,52.62499976158142,1.0000000045305193,27859.068359375
fragmented_overwhelm_and_exhaustion_0,Fragmented Overwhelm & Exhaustion,Cognitive disorganization,landmark,22,0.06283185307179587,3.141592653589793,0.19344424626135137,3.141592653589793,17.125,62.30963897705078,0.27483709232061665,33272.22265625
fragmented_overwhelm_and_exhaustion_0,Fragmented Overwhelm & Exhaustion,Cognitive disorganization,landmark,27,0.06283185307179587,3.141592653589793,0.19344424626135137,3.141592653589793,15.0,44.87578582763672,0.3342559851233237,42310.9140625
fragmented_overwhelm_and_exhaustion_0,Fragmented Overwhelm & Exhaustion,Cognitive disorganization,landmark,29,0.06283185307179587,3.141592653589793,0.19344424626135137,3.141592653589793,7.5625,9.766029357910156,0.7743679363276365,48242.28515625
fragmented_overwhelm_and_exhaustion_0,Fragmented Overwhelm & Exhaustion,Cognitive disorganization,landmark,1,0.06283185307179587,3.141592653589793,0.19344424626135137,3.141592653589793,12.9140625,22.08250904083252,0.5848095647157101,876.7689819335938
fragmented_overwhelm_and_exhaustion_0,Fragmented Overwhelm & Exhaustion,Cognitive disorganization,landmark,5,0.06283185307179587,3.141592653589793,0.19344424626135137,3.141592653589793,7.46875,20.204116821289062,0.36966476021016587,2273.30078125
fragmented_overwhelm_and_exhaustion_0,Fragmented Overwhelm & Exhaustion,Cognitive disorganization,landmark,7,0.0,0.0,0.0,0.0,11.0625,11.0625,1.0,3431.346435546875
fragmented_overwhelm_and_exhaustion_0,Fragmented Overwhelm & Exhaustion,Cognitive disorganization,landmark,11,0.06283185307179587,3.141592653589793,0.19344424626135137,3.141592653589793,0.75,6.244862347841263,0.12009872407504091,19105.10546875
fragmented_overwhelm_and_exhaustion_0,Fragmented Overwhelm & Exhaustion,Cognitive disorganization,landmark,15,0.0,0.0,0.0,0.0,52.625,52.62499976158142,1.0000000045305193,27859.068359375
fragmented_overwhelm_and_exhaustion_0,Fragmented Overwhelm & Exhaustion,Cognitive disorganization,landmark,22,0.06283185307179587,3.141592653589793,0.19344424626135137,3.141592653589793,17.125,62.30963897705078,0.27483709232061665,33272.22265625
fragmented_overwhelm_and_exhaustion_0,Fragmented Overwhelm & Exhaustion,Cognitive disorganization,landmark,27,0.06283185307179587,3.141592653589793,0.19344424626135137,3.141592653589793,15.0,44.87578582763672,0.3342559851233237,42310.9140625
fragmented_overwhelm_and_exhaustion_0,Fragmented Overwhelm & Exhaustion,Cognitive disorganization,landmark,29,0.06283185307179587,3.141592653589793,0.19344424626135137,3.141592653589793,7.5625,9.766029357910156,0.7743679363276365,48242.28515625
fragmented_overwhelm_and_exhaustion_0,Fragmented Overwhelm & Exhaustion,Cognitive disorganization,landmark,1,0.06283185307179587,3.141592653589793,0.19344424626135137,3.141592653589793,12.9140625,22.08250904083252,0.5848095647157101,876.7689819335938
fragmented_overwhelm_and_exhaustion_0,Fragmented Overwhelm & Exhaustion,Cognitive disorganization,landmark,5,0.06283185307179587,3.141592653589793,0.19344424626135137,3.141592653589793,7.46875,20.204116821289062,0.36966476021016587,2273.30078125
fragmented_overwhelm_and_exhaustion_0,Fragmented Overwhelm & Exhaustion,Cognitive disorganization,landmark,7,0.0,0.0,0.0,0.0,11.0625,11.0625,1.0,3431.346435546875
fragmented_overwhelm_and_exhaustion_0,Fragmented Overwhelm & Exhaustion,Cognitive disorganization,landmark,11,0.06283185307179587,3.141592653589793,0.19344424626135137,3.141592653589793,0.75,6.244862347841263,0.12009872407504091,19105.10546875
fragmented_overwhelm_and_exhaustion_0,Fragmented Overwhelm & Exhaustion,Cognitive disorganization,landmark,15,0.0,0.0,0.0,0.0,52.625,52.62499976158142,1.0000000045305193,27859.068359375
fragmented_overwhelm_and_exhaustion_0,Fragmented Overwhelm & Exhaustion,Cognitive disorganization,landmark,22,0.06283185307179587,3.141592653589793,0.19344424626135137,3.141592653589793,17.125,62.30963897705078,0.27483709232061665,33272.22265625
fragmented_overwhelm_and_exhaustion_0,Fragmented Overwhelm & Exhaustion,Cognitive disorganization,landmark,27,0.06283185307179587,3.141592653589793,0.19344424626135137,3.141592653589793,15.0,44.87578582763672,0.3342559851233237,42310.9140625
fragmented_overwhelm_and_exhaustion_0,Fragmented Overwhelm & Exhaustion,Cognitive disorganization,landmark,29,0.06283185307179587,3.141592653589793,0.19344424626135137,3.141592653589793,7.5625,9.766029357910156,0.7743679363276365,48242.28515625
fragmented_overwhelm_and_exhaustion_0,Fragmented Overwhelm & Exhaustion,Cognitive disorganization,landmark,1,0.06283185307179587,3.141592653589793,0.19344424626135137,3.141592653589793,12.9140625,22.08250904083252,0.5848095647157101,876.7689819335938
fragmented_overwhelm_and_exhaustion_0,Fragmented Overwhelm & Exhaustion,Cognitive disorganization,landmark,5,0.06283185307179587,3.141592653589793,0.19344424626135137,3.141592653589793,7.46875,20.204116821289062,0.36966476021016587,2273.30078125
fragmented_overwhelm_and_exhaustion_0,Fragmented Overwhelm & Exhaustion,Cognitive disorganization,landmark,7,0.0,0.0,0.0,0.0,11.0625,11.0625,1.0,3431.346435546875
fragmented_overwhelm_and_exhaustion_0,Fragmented Overwhelm & Exhaustion,Cognitive disorganization,landmark,11,0.06283185307179587,3.141592653589793,0.19344424626135137,3.141592653589793,0.75,6.244862347841263,0.12009872407504091,19105.10546875
fragmented_overwhelm_and_exhaustion_0,Fragmented Overwhelm & Exhaustion,Cognitive disorganization,landmark,15,0.0,0.0,0.0,0.0,52.625,52.62499976158142,1.0000000045305193,27859.068359375
fragmented_overwhelm_and_exhaustion_0,Fragmented Overwhelm & Exhaustion,Cognitive disorganization,landmark,22,0.06283185307179587,3.141592653589793,0.19344424626135137,3.141592653589793,17.125,62.30963897705078,0.27483709232061665,33272.22265625
fragmented_overwhelm_and_exhaustion_0,Fragmented Overwhelm & Exhaustion,Cognitive disorganization,landmark,27,0.06283185307179587,3.141592653589793,0.19344424626135137,3.141592653589793,15.0,44.87578582763672,0.3342559851233237,42310.9140625
fragmented_overwhelm_and_exhaustion_0,Fragmented Overwhelm & Exhaustion,Cognitive disorganization,landmark,29,0.06283185307179587,3.141592653589793,0.19344424626135137,3.141592653589793,7.5625,9.766029357910156,0.7743679363276365,48242.28515625
hopelessness-driven_cognitive_exhaustion_0,Hopelessness-Driven Cognitive Exhaustion,Learned helplessness loop,landmark,1,0.0,0.0,0.0,0.0,20.875,20.875,1.0,1158.1693115234375
hopelessness-driven_cognitive_exhaustion_0,Hopelessness-Driven Cognitive Exhaustion,Learned helplessness loop,landmark,5,0.06283185307179587,3.141592653589793,0.19344424626135137,3.141592653589793,6.249999046325684,6.3719892501831055,0.9808552401663395,2185.261474609375
hopelessness-driven_cognitive_exhaustion_0,Hopelessness-Driven Cognitive Exhaustion,Learned helplessness loop,landmark,7,0.06283185307179587,3.141592653589793,0.19344424626135137,3.141592653589793,1.5625,6.949995994567871,0.22482027345357503,3662.263671875
hopelessness-driven_cognitive_exhaustion_0,Hopelessness-Driven Cognitive Exhaustion,Learned helplessness loop,landmark,11,0.06283185307179587,3.141592653589793,0.19344424626135137,3.141592653589793,14.28125,17.34270668029785,0.823472959744178,17057.5234375
hopelessness-driven_cognitive_exhaustion_0,Hopelessness-Driven Cognitive Exhaustion,Learned helplessness loop,landmark,15,0.06283185307179587,3.141592653589793,0.19344424626135137,3.141592653589793,3.125,24.430675506591797,0.12791295922852497,27224.4609375
hopelessness-driven_cognitive_exhaustion_0,Hopelessness-Driven Cognitive Exhaustion,Learned helplessness loop,landmark,22,0.0,0.0,0.0,0.0,26.812498092651367,26.812498092651367,1.0,35545.22265625
hopelessness-driven_cognitive_exhaustion_0,Hopelessness-Driven Cognitive Exhaustion,Learned helplessness loop,landmark,27,0.06283185307179587,3.141592653589793,0.19344424626135137,3.141592653589793,4.5,14.724100112915039,0.3056213938706439,44786.39453125
hopelessness-driven_cognitive_exhaustion_0,Hopelessness-Driven Cognitive Exhaustion,Learned helplessness loop,landmark,29,0.06283185307179587,3.141592653589793,0.19344424626135137,3.141592653589793,6.75,14.342317581176758,0.4706352346331308,50493.64453125
hopelessness-driven_cognitive_exhaustion_0,Hopelessness-Driven Cognitive Exhaustion,Learned helplessness loop,landmark,1,0.0,0.0,0.0,0.0,20.875,20.875,1.0,1158.1693115234375
hopelessness-driven_cognitive_exhaustion_0,Hopelessness-Driven Cognitive Exhaustion,Learned helplessness loop,landmark,5,0.06283185307179587,3.141592653589793,0.19344424626135137,3.141592653589793,6.249999046325684,6.3719892501831055,0.9808552401663395,2185.261474609375
hopelessness-driven_cognitive_exhaustion_0,Hopelessness-Driven Cognitive Exhaustion,Learned helplessness loop,landmark,7,0.06283185307179587,3.141592653589793,0.19344424626135137,3.141592653589793,1.5625,6.949995994567871,0.22482027345357503,3662.263671875
hopelessness-driven_cognitive_exhaustion_0,Hopelessness-Driven Cognitive Exhaustion,Learned helplessness loop,landmark,11,0.06283185307179587,3.141592653589793,0.19344424626135137,3.141592653589793,14.28125,17.34270668029785,0.823472959744178,17057.5234375
hopelessness-driven_cognitive_exhaustion_0,Hopelessness-Driven Cognitive Exhaustion,Learned helplessness loop,landmark,15,0.06283185307179587,3.141592653589793,0.19344424626135137,3.141592653589793,3.125,24.430675506591797,0.12791295922852497,27224.4609375
hopelessness-driven_cognitive_exhaustion_0,Hopelessness-Driven Cognitive Exhaustion,Learned helplessness loop,landmark,22,0.0,0.0,0.0,0.0,26.812498092651367,26.812498092651367,1.0,35545.22265625
hopelessness-driven_cognitive_exhaustion_0,Hopelessness-Driven Cognitive Exhaustion,Learned helplessness loop,landmark,27,0.06283185307179587,3.141592653589793,0.19344424626135137,3.141592653589793,4.5,14.724100112915039,0.3056213938706439,44786.39453125
hopelessness-driven_cognitive_exhaustion_0,Hopelessness-Driven Cognitive Exhaustion,Learned helplessness loop,landmark,29,0.06283185307179587,3.141592653589793,0.19344424626135137,3.141592653589793,6.75,14.342317581176758,0.4706352346331308,50493.64453125
hopelessness-driven_cognitive_exhaustion_0,Hopelessness-Driven Cognitive Exhaustion,Learned helplessness loop,landmark,1,0.0,0.0,0.0,0.0,20.875,20.875,1.0,1158.1693115234375
hopelessness-driven_cognitive_exhaustion_0,Hopelessness-Driven Cognitive Exhaustion,Learned helplessness loop,landmark,5,0.06283185307179587,3.141592653589793,0.19344424626135137,3.141592653589793,6.249999046325684,6.3719892501831055,0.9808552401663395,2185.261474609375
hopelessness-driven_cognitive_exhaustion_0,Hopelessness-Driven Cognitive Exhaustion,Learned helplessness loop,landmark,7,0.06283185307179587,3.141592653589793,0.19344424626135137,3.141592653589793,1.5625,6.949995994567871,0.22482027345357503,3662.263671875
hopelessness-driven_cognitive_exhaustion_0,Hopelessness-Driven Cognitive Exhaustion,Learned helplessness loop,landmark,11,0.06283185307179587,3.141592653589793,0.19344424626135137,3.141592653589793,14.28125,17.34270668029785,0.823472959744178,17057.5234375
hopelessness-driven_cognitive_exhaustion_0,Hopelessness-Driven Cognitive Exhaustion,Learned helplessness loop,landmark,15,0.06283185307179587,3.141592653589793,0.19344424626135137,3.141592653589793,3.125,24.430675506591797,0.12791295922852497,27224.4609375
hopelessness-driven_cognitive_exhaustion_0,Hopelessness-Driven Cognitive Exhaustion,Learned helplessness loop,landmark,22,0.0,0.0,0.0,0.0,26.812498092651367,26.812498092651367,1.0,35545.22265625
hopelessness-driven_cognitive_exhaustion_0,Hopelessness-Driven Cognitive Exhaustion,Learned helplessness loop,landmark,27,0.06283185307179587,3.141592653589793,0.19344424626135137,3.141592653589793,4.5,14.724100112915039,0.3056213938706439,44786.39453125
hopelessness-driven_cognitive_exhaustion_0,Hopelessness-Driven Cognitive Exhaustion,Learned helplessness loop,landmark,29,0.06283185307179587,3.141592653589793,0.19344424626135137,3.141592653589793,6.75,14.342317581176758,0.4706352346331308,50493.64453125
hopelessness-driven_cognitive_exhaustion_0,Hopelessness-Driven Cognitive Exhaustion,Learned helplessness loop,landmark,1,0.0,0.0,0.0,0.0,20.875,20.875,1.0,1158.1693115234375
hopelessness-driven_cognitive_exhaustion_0,Hopelessness-Driven Cognitive Exhaustion,Learned helplessness loop,landmark,5,0.06283185307179587,3.141592653589793,0.19344424626135137,3.141592653589793,6.249999046325684,6.3719892501831055,0.9808552401663395,2185.261474609375
hopelessness-driven_cognitive_exhaustion_0,Hopelessness-Driven Cognitive Exhaustion,Learned helplessness loop,landmark,7,0.06283185307179587,3.141592653589793,0.19344424626135137,3.141592653589793,1.5625,6.949995994567871,0.22482027345357503,3662.263671875
hopelessness-driven_cognitive_exhaustion_0,Hopelessness-Driven Cognitive Exhaustion,Learned helplessness loop,landmark,11,0.06283185307179587,3.141592653589793,0.19344424626135137,3.141592653589793,14.28125,17.34270668029785,0.823472959744178,17057.5234375
hopelessness-driven_cognitive_exhaustion_0,Hopelessness-Driven Cognitive Exhaustion,Learned helplessness loop,landmark,15,0.06283185307179587,3.141592653589793,0.19344424626135137,3.141592653589793,3.125,24.430675506591797,0.12791295922852497,27224.4609375
hopelessness-driven_cognitive_exhaustion_0,Hopelessness-Driven Cognitive Exhaustion,Learned helplessness loop,landmark,22,0.0,0.0,0.0,0.0,26.812498092651367,26.812498092651367,1.0,35545.22265625
hopelessness-driven_cognitive_exhaustion_0,Hopelessness-Driven Cognitive Exhaustion,Learned helplessness loop,landmark,27,0.06283185307179587,3.141592653589793,0.19344424626135137,3.141592653589793,4.5,14.724100112915039,0.3056213938706439,44786.39453125
hopelessness-driven_cognitive_exhaustion_0,Hopelessness-Driven Cognitive Exhaustion,Learned helplessness loop,landmark,29,0.06283185307179587,3.141592653589793,0.19344424626135137,3.141592653589793,6.75,14.342317581176758,0.4706352346331308,50493.64453125
hopelessness-driven_cognitive_exhaustion_0,Hopelessness-Driven Cognitive Exhaustion,Learned helplessness loop,landmark,1,0.0,0.0,0.0,0.0,20.875,20.875,1.0,1158.1693115234375
hopelessness-driven_cognitive_exhaustion_0,Hopelessness-Driven Cognitive Exhaustion,Learned helplessness loop,landmark,5,0.06283185307179587,3.141592653589793,0.19344424626135137,3.141592653589793,6.249999046325684,6.3719892501831055,0.9808552401663395,2185.261474609375
hopelessness-driven_cognitive_exhaustion_0,Hopelessness-Driven Cognitive Exhaustion,Learned helplessness loop,landmark,7,0.06283185307179587,3.141592653589793,0.19344424626135137,3.141592653589793,1.5625,6.949995994567871,0.22482027345357503,3662.263671875
hopelessness-driven_cognitive_exhaustion_0,Hopelessness-Driven Cognitive Exhaustion,Learned helplessness loop,landmark,11,0.06283185307179587,3.141592653589793,0.19344424626135137,3.141592653589793,14.28125,17.34270668029785,0.823472959744178,17057.5234375
hopelessness-driven_cognitive_exhaustion_0,Hopelessness-Driven Cognitive Exhaustion,Learned helplessness loop,landmark,15,0.06283185307179587,3.141592653589793,0.19344424626135137,3.141592653589793,3.125,24.430675506591797,0.12791295922852497,27224.4609375
hopelessness-driven_cognitive_exhaustion_0,Hopelessness-Driven Cognitive Exhaustion,Learned helplessness loop,landmark,22,0.0,0.0,0.0,0.0,26.812498092651367,26.812498092651367,1.0,35545.22265625
hopelessness-driven_cognitive_exhaustion_0,Hopelessness-Driven Cognitive Exhaustion,Learned helplessness loop,landmark,27,0.06283185307179587,3.141592653589793,0.19344424626135137,3.141592653589793,4.5,14.724100112915039,0.3056213938706439,44786.39453125
hopelessness-driven_cognitive_exhaustion_0,Hopelessness-Driven Cognitive Exhaustion,Learned helplessness loop,landmark,29,0.06283185307179587,3.141592653589793,0.19344424626135137,3.141592653589793,6.75,14.342317581176758,0.4706352346331308,50493.64453125
hopelessness-driven_cognitive_exhaustion_0,Hopelessness-Driven Cognitive Exhaustion,Learned helplessness loop,landmark,1,0.0,0.0,0.0,0.0,20.875,20.875,1.0,1158.1693115234375
hopelessness-driven_cognitive_exhaustion_0,Hopelessness-Driven Cognitive Exhaustion,Learned helplessness loop,landmark,5,0.06283185307179587,3.141592653589793,0.19344424626135137,3.141592653589793,6.249999046325684,6.3719892501831055,0.9808552401663395,2185.261474609375
hopelessness-driven_cognitive_exhaustion_0,Hopelessness-Driven Cognitive Exhaustion,Learned helplessness loop,landmark,7,0.06283185307179587,3.141592653589793,0.19344424626135137,3.141592653589793,1.5625,6.949995994567871,0.22482027345357503,3662.263671875
hopelessness-driven_cognitive_exhaustion_0,Hopelessness-Driven Cognitive Exhaustion,Learned helplessness loop,landmark,11,0.06283185307179587,3.141592653589793,0.19344424626135137,3.141592653589793,14.28125,17.34270668029785,0.823472959744178,17057.5234375
hopelessness-driven_cognitive_exhaustion_0,Hopelessness-Driven Cognitive Exhaustion,Learned helplessness loop,landmark,15,0.06283185307179587,3.141592653589793,0.19344424626135137,3.141592653589793,3.125,24.430675506591797,0.12791295922852497,27224.4609375
hopelessness-driven_cognitive_exhaustion_0,Hopelessness-Driven Cognitive Exhaustion,Learned helplessness loop,landmark,22,0.0,0.0,0.0,0.0,26.812498092651367,26.812498092651367,1.0,35545.22265625
hopelessness-driven_cognitive_exhaustion_0,Hopelessness-Driven Cognitive Exhaustion,Learned helplessness loop,landmark,27,0.06283185307179587,3.141592653589793,0.19344424626135137,3.141592653589793,4.5,14.724100112915039,0.3056213938706439,44786.39453125
hopelessness-driven_cognitive_exhaustion_0,Hopelessness-Driven Cognitive Exhaustion,Learned helplessness loop,landmark,29,0.06283185307179587,3.141592653589793,0.19344424626135137,3.141592653589793,6.75,14.342317581176758,0.4706352346331308,50493.64453125
hopelessness-driven_cognitive_exhaustion_0,Hopelessness-Driven Cognitive Exhaustion,Learned helplessness loop,landmark,1,0.0,0.0,0.0,0.0,20.875,20.875,1.0,1158.1693115234375
hopelessness-driven_cognitive_exhaustion_0,Hopelessness-Driven Cognitive Exhaustion,Learned helplessness loop,landmark,5,0.06283185307179587,3.141592653589793,0.19344424626135137,3.141592653589793,6.249999046325684,6.3719892501831055,0.9808552401663395,2185.261474609375
hopelessness-driven_cognitive_exhaustion_0,Hopelessness-Driven Cognitive Exhaustion,Learned helplessness loop,landmark,7,0.06283185307179587,3.141592653589793,0.19344424626135137,3.141592653589793,1.5625,6.949995994567871,0.22482027345357503,3662.263671875
hopelessness-driven_cognitive_exhaustion_0,Hopelessness-Driven Cognitive Exhaustion,Learned helplessness loop,landmark,11,0.06283185307179587,3.141592653589793,0.19344424626135137,3.141592653589793,14.28125,17.34270668029785,0.823472959744178,17057.5234375
hopelessness-driven_cognitive_exhaustion_0,Hopelessness-Driven Cognitive Exhaustion,Learned helplessness loop,landmark,15,0.06283185307179587,3.141592653589793,0.19344424626135137,3.141592653589793,3.125,24.430675506591797,0.12791295922852497,27224.4609375
hopelessness-driven_cognitive_exhaustion_0,Hopelessness-Driven Cognitive Exhaustion,Learned helplessness loop,landmark,22,0.0,0.0,0.0,0.0,26.812498092651367,26.812498092651367,1.0,35545.22265625
hopelessness-driven_cognitive_exhaustion_0,Hopelessness-Driven Cognitive Exhaustion,Learned helplessness loop,landmark,27,0.06283185307179587,3.141592653589793,0.19344424626135137,3.141592653589793,4.5,14.724100112915039,0.3056213938706439,44786.39453125
hopelessness-driven_cognitive_exhaustion_0,Hopelessness-Driven Cognitive Exhaustion,Learned helplessness loop,landmark,29,0.06283185307179587,3.141592653589793,0.19344424626135137,3.141592653589793,6.75,14.342317581176758,0.4706352346331308,50493.64453125
hopelessness-driven_cognitive_exhaustion_0,Hopelessness-Driven Cognitive Exhaustion,Learned helplessness loop,landmark,1,0.0,0.0,0.0,0.0,20.875,20.875,1.0,1158.1693115234375
hopelessness-driven_cognitive_exhaustion_0,Hopelessness-Driven Cognitive Exhaustion,Learned helplessness loop,landmark,5,0.06283185307179587,3.141592653589793,0.19344424626135137,3.141592653589793,6.249999046325684,6.3719892501831055,0.9808552401663395,2185.261474609375
hopelessness-driven_cognitive_exhaustion_0,Hopelessness-Driven Cognitive Exhaustion,Learned helplessness loop,landmark,7,0.06283185307179587,3.141592653589793,0.19344424626135137,3.141592653589793,1.5625,6.949995994567871,0.22482027345357503,3662.263671875
hopelessness-driven_cognitive_exhaustion_0,Hopelessness-Driven Cognitive Exhaustion,Learned helplessness loop,landmark,11,0.06283185307179587,3.141592653589793,0.19344424626135137,3.141592653589793,14.28125,17.34270668029785,0.823472959744178,17057.5234375
hopelessness-driven_cognitive_exhaustion_0,Hopelessness-Driven Cognitive Exhaustion,Learned helplessness loop,landmark,15,0.06283185307179587,3.141592653589793,0.19344424626135137,3.141592653589793,3.125,24.430675506591797,0.12791295922852497,27224.4609375
hopelessness-driven_cognitive_exhaustion_0,Hopelessness-Driven Cognitive Exhaustion,Learned helplessness loop,landmark,22,0.0,0.0,0.0,0.0,26.812498092651367,26.812498092651367,1.0,35545.22265625
hopelessness-driven_cognitive_exhaustion_0,Hopelessness-Driven Cognitive Exhaustion,Learned helplessness loop,landmark,27,0.06283185307179587,3.141592653589793,0.19344424626135137,3.141592653589793,4.5,14.724100112915039,0.3056213938706439,44786.39453125
hopelessness-driven_cognitive_exhaustion_0,Hopelessness-Driven Cognitive Exhaustion,Learned helplessness loop,landmark,29,0.06283185307179587,3.141592653589793,0.19344424626135137,3.141592653589793,6.75,14.342317581176758,0.4706352346331308,50493.64453125
hopelessness-driven_cognitive_exhaustion_0,Hopelessness-Driven Cognitive Exhaustion,Learned helplessness loop,landmark,1,0.0,0.0,0.0,0.0,20.875,20.875,1.0,1158.1693115234375
hopelessness-driven_cognitive_exhaustion_0,Hopelessness-Driven Cognitive Exhaustion,Learned helplessness loop,landmark,5,0.06283185307179587,3.141592653589793,0.19344424626135137,3.141592653589793,6.249999046325684,6.3719892501831055,0.9808552401663395,2185.261474609375
hopelessness-driven_cognitive_exhaustion_0,Hopelessness-Driven Cognitive Exhaustion,Learned helplessness loop,landmark,7,0.06283185307179587,3.141592653589793,0.19344424626135137,3.141592653589793,1.5625,6.949995994567871,0.22482027345357503,3662.263671875
hopelessness-driven_cognitive_exhaustion_0,Hopelessness-Driven Cognitive Exhaustion,Learned helplessness loop,landmark,11,0.06283185307179587,3.141592653589793,0.19344424626135137,3.141592653589793,14.28125,17.34270668029785,0.823472959744178,17057.5234375
hopelessness-driven_cognitive_exhaustion_0,Hopelessness-Driven Cognitive Exhaustion,Learned helplessness loop,landmark,15,0.06283185307179587,3.141592653589793,0.19344424626135137,3.141592653589793,3.125,24.430675506591797,0.12791295922852497,27224.4609375
hopelessness-driven_cognitive_exhaustion_0,Hopelessness-Driven Cognitive Exhaustion,Learned helplessness loop,landmark,22,0.0,0.0,0.0,0.0,26.812498092651367,26.812498092651367,1.0,35545.22265625
hopelessness-driven_cognitive_exhaustion_0,Hopelessness-Driven Cognitive Exhaustion,Learned helplessness loop,landmark,27,0.06283185307179587,3.141592653589793,0.19344424626135137,3.141592653589793,4.5,14.724100112915039,0.3056213938706439,44786.39453125
hopelessness-driven_cognitive_exhaustion_0,Hopelessness-Driven Cognitive Exhaustion,Learned helplessness loop,landmark,29,0.06283185307179587,3.141592653589793,0.19344424626135137,3.141592653589793,6.75,14.342317581176758,0.4706352346331308,50493.64453125
hopelessness-driven_cognitive_exhaustion_0,Hopelessness-Driven Cognitive Exhaustion,Learned helplessness loop,landmark,1,0.0,0.0,0.0,0.0,20.875,20.875,1.0,1158.1693115234375
hopelessness-driven_cognitive_exhaustion_0,Hopelessness-Driven Cognitive Exhaustion,Learned helplessness loop,landmark,5,0.06283185307179587,3.141592653589793,0.19344424626135137,3.141592653589793,6.249999046325684,6.3719892501831055,0.9808552401663395,2185.261474609375
hopelessness-driven_cognitive_exhaustion_0,Hopelessness-Driven Cognitive Exhaustion,Learned helplessness loop,landmark,7,0.06283185307179587,3.141592653589793,0.19344424626135137,3.141592653589793,1.5625,6.949995994567871,0.22482027345357503,3662.263671875
hopelessness-driven_cognitive_exhaustion_0,Hopelessness-Driven Cognitive Exhaustion,Learned helplessness loop,landmark,11,0.06283185307179587,3.141592653589793,0.19344424626135137,3.141592653589793,14.28125,17.34270668029785,0.823472959744178,17057.5234375
hopelessness-driven_cognitive_exhaustion_0,Hopelessness-Driven Cognitive Exhaustion,Learned helplessness loop,landmark,15,0.06283185307179587,3.141592653589793,0.19344424626135137,3.141592653589793,3.125,24.430675506591797,0.12791295922852497,27224.4609375
hopelessness-driven_cognitive_exhaustion_0,Hopelessness-Driven Cognitive Exhaustion,Learned helplessness loop,landmark,22,0.0,0.0,0.0,0.0,26.812498092651367,26.812498092651367,1.0,35545.22265625
hopelessness-driven_cognitive_exhaustion_0,Hopelessness-Driven Cognitive Exhaustion,Learned helplessness loop,landmark,27,0.06283185307179587,3.141592653589793,0.19344424626135137,3.141592653589793,4.5,14.724100112915039,0.3056213938706439,44786.39453125
hopelessness-driven_cognitive_exhaustion_0,Hopelessness-Driven Cognitive Exhaustion,Learned helplessness loop,landmark,29,0.06283185307179587,3.141592653589793,0.19344424626135137,3.141592653589793,6.75,14.342317581176758,0.4706352346331308,50493.64453125
hopelessness-driven_cognitive_exhaustion_0,Hopelessness-Driven Cognitive Exhaustion,Learned helplessness loop,landmark,1,0.0,0.0,0.0,0.0,20.875,20.875,1.0,1158.1693115234375
hopelessness-driven_cognitive_exhaustion_0,Hopelessness-Driven Cognitive Exhaustion,Learned helplessness loop,landmark,5,0.06283185307179587,3.141592653589793,0.19344424626135137,3.141592653589793,6.249999046325684,6.3719892501831055,0.9808552401663395,2185.261474609375
hopelessness-driven_cognitive_exhaustion_0,Hopelessness-Driven Cognitive Exhaustion,Learned helplessness loop,landmark,7,0.06283185307179587,3.141592653589793,0.19344424626135137,3.141592653589793,1.5625,6.949995994567871,0.22482027345357503,3662.263671875
hopelessness-driven_cognitive_exhaustion_0,Hopelessness-Driven Cognitive Exhaustion,Learned helplessness loop,landmark,11,0.06283185307179587,3.141592653589793,0.19344424626135137,3.141592653589793,14.28125,17.34270668029785,0.823472959744178,17057.5234375
hopelessness-driven_cognitive_exhaustion_0,Hopelessness-Driven Cognitive Exhaustion,Learned helplessness loop,landmark,15,0.06283185307179587,3.141592653589793,0.19344424626135137,3.141592653589793,3.125,24.430675506591797,0.12791295922852497,27224.4609375
hopelessness-driven_cognitive_exhaustion_0,Hopelessness-Driven Cognitive Exhaustion,Learned helplessness loop,landmark,22,0.0,0.0,0.0,0.0,26.812498092651367,26.812498092651367,1.0,35545.22265625
hopelessness-driven_cognitive_exhaustion_0,Hopelessness-Driven Cognitive Exhaustion,Learned helplessness loop,landmark,27,0.06283185307179587,3.141592653589793,0.19344424626135137,3.141592653589793,4.5,14.724100112915039,0.3056213938706439,44786.39453125
hopelessness-driven_cognitive_exhaustion_0,Hopelessness-Driven Cognitive Exhaustion,Learned helplessness loop,landmark,29,0.06283185307179587,3.141592653589793,0.19344424626135137,3.141592653589793,6.75,14.342317581176758,0.4706352346331308,50493.64453125
hopelessness-driven_cognitive_exhaustion_0,Hopelessness-Driven Cognitive Exhaustion,Learned helplessness loop,landmark,1,0.0,0.0,0.0,0.0,20.875,20.875,1.0,1158.1693115234375
hopelessness-driven_cognitive_exhaustion_0,Hopelessness-Driven Cognitive Exhaustion,Learned helplessness loop,landmark,5,0.06283185307179587,3.141592653589793,0.19344424626135137,3.141592653589793,6.249999046325684,6.3719892501831055,0.9808552401663395,2185.261474609375
hopelessness-driven_cognitive_exhaustion_0,Hopelessness-Driven Cognitive Exhaustion,Learned helplessness loop,landmark,7,0.06283185307179587,3.141592653589793,0.19344424626135137,3.141592653589793,1.5625,6.949995994567871,0.22482027345357503,3662.263671875
hopelessness-driven_cognitive_exhaustion_0,Hopelessness-Driven Cognitive Exhaustion,Learned helplessness loop,landmark,11,0.06283185307179587,3.141592653589793,0.19344424626135137,3.141592653589793,14.28125,17.34270668029785,0.823472959744178,17057.5234375
hopelessness-driven_cognitive_exhaustion_0,Hopelessness-Driven Cognitive Exhaustion,Learned helplessness loop,landmark,15,0.06283185307179587,3.141592653589793,0.19344424626135137,3.141592653589793,3.125,24.430675506591797,0.12791295922852497,27224.4609375
hopelessness-driven_cognitive_exhaustion_0,Hopelessness-Driven Cognitive Exhaustion,Learned helplessness loop,landmark,22,0.0,0.0,0.0,0.0,26.812498092651367,26.812498092651367,1.0,35545.22265625
hopelessness-driven_cognitive_exhaustion_0,Hopelessness-Driven Cognitive Exhaustion,Learned helplessness loop,landmark,27,0.06283185307179587,3.141592653589793,0.19344424626135137,3.141592653589793,4.5,14.724100112915039,0.3056213938706439,44786.39453125
hopelessness-driven_cognitive_exhaustion_0,Hopelessness-Driven Cognitive Exhaustion,Learned helplessness loop,landmark,29,0.06283185307179587,3.141592653589793,0.19344424626135137,3.141592653589793,6.75,14.342317581176758,0.4706352346331308,50493.64453125
hopelessness-driven_cognitive_exhaustion_0,Hopelessness-Driven Cognitive Exhaustion,Learned helplessness loop,landmark,1,0.0,0.0,0.0,0.0,20.875,20.875,1.0,1158.1693115234375
hopelessness-driven_cognitive_exhaustion_0,Hopelessness-Driven Cognitive Exhaustion,Learned helplessness loop,landmark,5,0.06283185307179587,3.141592653589793,0.19344424626135137,3.141592653589793,6.249999046325684,6.3719892501831055,0.9808552401663395,2185.261474609375
hopelessness-driven_cognitive_exhaustion_0,Hopelessness-Driven Cognitive Exhaustion,Learned helplessness loop,landmark,7,0.06283185307179587,3.141592653589793,0.19344424626135137,3.141592653589793,1.5625,6.949995994567871,0.22482027345357503,3662.263671875
hopelessness-driven_cognitive_exhaustion_0,Hopelessness-Driven Cognitive Exhaustion,Learned helplessness loop,landmark,11,0.06283185307179587,3.141592653589793,0.19344424626135137,3.141592653589793,14.28125,17.34270668029785,0.823472959744178,17057.5234375
hopelessness-driven_cognitive_exhaustion_0,Hopelessness-Driven Cognitive Exhaustion,Learned helplessness loop,landmark,15,0.06283185307179587,3.141592653589793,0.19344424626135137,3.141592653589793,3.125,24.430675506591797,0.12791295922852497,27224.4609375
hopelessness-driven_cognitive_exhaustion_0,Hopelessness-Driven Cognitive Exhaustion,Learned helplessness loop,landmark,22,0.0,0.0,0.0,0.0,26.812498092651367,26.812498092651367,1.0,35545.22265625
hopelessness-driven_cognitive_exhaustion_0,Hopelessness-Driven Cognitive Exhaustion,Learned helplessness loop,landmark,27,0.06283185307179587,3.141592653589793,0.19344424626135137,3.141592653589793,4.5,14.724100112915039,0.3056213938706439,44786.39453125
hopelessness-driven_cognitive_exhaustion_0,Hopelessness-Driven Cognitive Exhaustion,Learned helplessness loop,landmark,29,0.06283185307179587,3.141592653589793,0.19344424626135137,3.141592653589793,6.75,14.342317581176758,0.4706352346331308,50493.64453125
hopelessness-driven_cognitive_exhaustion_0,Hopelessness-Driven Cognitive Exhaustion,Learned helplessness loop,landmark,1,0.0,0.0,0.0,0.0,20.875,20.875,1.0,1158.1693115234375
hopelessness-driven_cognitive_exhaustion_0,Hopelessness-Driven Cognitive Exhaustion,Learned helplessness loop,landmark,5,0.06283185307179587,3.141592653589793,0.19344424626135137,3.141592653589793,6.249999046325684,6.3719892501831055,0.9808552401663395,2185.261474609375
hopelessness-driven_cognitive_exhaustion_0,Hopelessness-Driven Cognitive Exhaustion,Learned helplessness loop,landmark,7,0.06283185307179587,3.141592653589793,0.19344424626135137,3.141592653589793,1.5625,6.949995994567871,0.22482027345357503,3662.263671875
hopelessness-driven_cognitive_exhaustion_0,Hopelessness-Driven Cognitive Exhaustion,Learned helplessness loop,landmark,11,0.06283185307179587,3.141592653589793,0.19344424626135137,3.141592653589793,14.28125,17.34270668029785,0.823472959744178,17057.5234375
hopelessness-driven_cognitive_exhaustion_0,Hopelessness-Driven Cognitive Exhaustion,Learned helplessness loop,landmark,15,0.06283185307179587,3.141592653589793,0.19344424626135137,3.141592653589793,3.125,24.430675506591797,0.12791295922852497,27224.4609375
hopelessness-driven_cognitive_exhaustion_0,Hopelessness-Driven Cognitive Exhaustion,Learned helplessness loop,landmark,22,0.0,0.0,0.0,0.0,26.812498092651367,26.812498092651367,1.0,35545.22265625
hopelessness-driven_cognitive_exhaustion_0,Hopelessness-Driven Cognitive Exhaustion,Learned helplessness loop,landmark,27,0.06283185307179587,3.141592653589793,0.19344424626135137,3.141592653589793,4.5,14.724100112915039,0.3056213938706439,44786.39453125
hopelessness-driven_cognitive_exhaustion_0,Hopelessness-Driven Cognitive Exhaustion,Learned helplessness loop,landmark,29,0.06283185307179587,3.141592653589793,0.19344424626135137,3.141592653589793,6.75,14.342317581176758,0.4706352346331308,50493.64453125
hopelessness-driven_cognitive_exhaustion_0,Hopelessness-Driven Cognitive Exhaustion,Learned helplessness loop,landmark,1,0.0,0.0,0.0,0.0,20.875,20.875,1.0,1158.1693115234375
hopelessness-driven_cognitive_exhaustion_0,Hopelessness-Driven Cognitive Exhaustion,Learned helplessness loop,landmark,5,0.06283185307179587,3.141592653589793,0.19344424626135137,3.141592653589793,6.249999046325684,6.3719892501831055,0.9808552401663395,2185.261474609375
hopelessness-driven_cognitive_exhaustion_0,Hopelessness-Driven Cognitive Exhaustion,Learned helplessness loop,landmark,7,0.06283185307179587,3.141592653589793,0.19344424626135137,3.141592653589793,1.5625,6.949995994567871,0.22482027345357503,3662.263671875
hopelessness-driven_cognitive_exhaustion_0,Hopelessness-Driven Cognitive Exhaustion,Learned helplessness loop,landmark,11,0.06283185307179587,3.141592653589793,0.19344424626135137,3.141592653589793,14.28125,17.34270668029785,0.823472959744178,17057.5234375
hopelessness-driven_cognitive_exhaustion_0,Hopelessness-Driven Cognitive Exhaustion,Learned helplessness loop,landmark,15,0.06283185307179587,3.141592653589793,0.19344424626135137,3.141592653589793,3.125,24.430675506591797,0.12791295922852497,27224.4609375
hopelessness-driven_cognitive_exhaustion_0,Hopelessness-Driven Cognitive Exhaustion,Learned helplessness loop,landmark,22,0.0,0.0,0.0,0.0,26.812498092651367,26.812498092651367,1.0,35545.22265625
hopelessness-driven_cognitive_exhaustion_0,Hopelessness-Driven Cognitive Exhaustion,Learned helplessness loop,landmark,27,0.06283185307179587,3.141592653589793,0.19344424626135137,3.141592653589793,4.5,14.724100112915039,0.3056213938706439,44786.39453125
hopelessness-driven_cognitive_exhaustion_0,Hopelessness-Driven Cognitive Exhaustion,Learned helplessness loop,landmark,29,0.06283185307179587,3.141592653589793,0.19344424626135137,3.141592653589793,6.75,14.342317581176758,0.4706352346331308,50493.64453125
hopelessness-driven_cognitive_exhaustion_0,Hopelessness-Driven Cognitive Exhaustion,Learned helplessness loop,landmark,1,0.0,0.0,0.0,0.0,20.875,20.875,1.0,1158.1693115234375
hopelessness-driven_cognitive_exhaustion_0,Hopelessness-Driven Cognitive Exhaustion,Learned helplessness loop,landmark,5,0.06283185307179587,3.141592653589793,0.19344424626135137,3.141592653589793,6.249999046325684,6.3719892501831055,0.9808552401663395,2185.261474609375
hopelessness-driven_cognitive_exhaustion_0,Hopelessness-Driven Cognitive Exhaustion,Learned helplessness loop,landmark,7,0.06283185307179587,3.141592653589793,0.19344424626135137,3.141592653589793,1.5625,6.949995994567871,0.22482027345357503,3662.263671875
hopelessness-driven_cognitive_exhaustion_0,Hopelessness-Driven Cognitive Exhaustion,Learned helplessness loop,landmark,11,0.06283185307179587,3.141592653589793,0.19344424626135137,3.141592653589793,14.28125,17.34270668029785,0.823472959744178,17057.5234375
hopelessness-driven_cognitive_exhaustion_0,Hopelessness-Driven Cognitive Exhaustion,Learned helplessness loop,landmark,15,0.06283185307179587,3.141592653589793,0.19344424626135137,3.141592653589793,3.125,24.430675506591797,0.12791295922852497,27224.4609375
hopelessness-driven_cognitive_exhaustion_0,Hopelessness-Driven Cognitive Exhaustion,Learned helplessness loop,landmark,22,0.0,0.0,0.0,0.0,26.812498092651367,26.812498092651367,1.0,35545.22265625
hopelessness-driven_cognitive_exhaustion_0,Hopelessness-Driven Cognitive Exhaustion,Learned helplessness loop,landmark,27,0.06283185307179587,3.141592653589793,0.19344424626135137,3.141592653589793,4.5,14.724100112915039,0.3056213938706439,44786.39453125
hopelessness-driven_cognitive_exhaustion_0,Hopelessness-Driven Cognitive Exhaustion,Learned helplessness loop,landmark,29,0.06283185307179587,3.141592653589793,0.19344424626135137,3.141592653589793,6.75,14.342317581176758,0.4706352346331308,50493.64453125
hopelessness-driven_cognitive_exhaustion_0,Hopelessness-Driven Cognitive Exhaustion,Learned helplessness loop,landmark,1,0.0,0.0,0.0,0.0,20.875,20.875,1.0,1158.1693115234375
hopelessness-driven_cognitive_exhaustion_0,Hopelessness-Driven Cognitive Exhaustion,Learned helplessness loop,landmark,5,0.06283185307179587,3.141592653589793,0.19344424626135137,3.141592653589793,6.249999046325684,6.3719892501831055,0.9808552401663395,2185.261474609375
hopelessness-driven_cognitive_exhaustion_0,Hopelessness-Driven Cognitive Exhaustion,Learned helplessness loop,landmark,7,0.06283185307179587,3.141592653589793,0.19344424626135137,3.141592653589793,1.5625,6.949995994567871,0.22482027345357503,3662.263671875
hopelessness-driven_cognitive_exhaustion_0,Hopelessness-Driven Cognitive Exhaustion,Learned helplessness loop,landmark,11,0.06283185307179587,3.141592653589793,0.19344424626135137,3.141592653589793,14.28125,17.34270668029785,0.823472959744178,17057.5234375
hopelessness-driven_cognitive_exhaustion_0,Hopelessness-Driven Cognitive Exhaustion,Learned helplessness loop,landmark,15,0.06283185307179587,3.141592653589793,0.19344424626135137,3.141592653589793,3.125,24.430675506591797,0.12791295922852497,27224.4609375
hopelessness-driven_cognitive_exhaustion_0,Hopelessness-Driven Cognitive Exhaustion,Learned helplessness loop,landmark,22,0.0,0.0,0.0,0.0,26.812498092651367,26.812498092651367,1.0,35545.22265625
hopelessness-driven_cognitive_exhaustion_0,Hopelessness-Driven Cognitive Exhaustion,Learned helplessness loop,landmark,27,0.06283185307179587,3.141592653589793,0.19344424626135137,3.141592653589793,4.5,14.724100112915039,0.3056213938706439,44786.39453125
hopelessness-driven_cognitive_exhaustion_0,Hopelessness-Driven Cognitive Exhaustion,Learned helplessness loop,landmark,29,0.06283185307179587,3.141592653589793,0.19344424626135137,3.141592653589793,6.75,14.342317581176758,0.4706352346331308,50493.64453125
hopelessness-driven_cognitive_exhaustion_0,Hopelessness-Driven Cognitive Exhaustion,Learned helplessness loop,landmark,1,0.0,0.0,0.0,0.0,20.875,20.875,1.0,1158.1693115234375
hopelessness-driven_cognitive_exhaustion_0,Hopelessness-Driven Cognitive Exhaustion,Learned helplessness loop,landmark,5,0.06283185307179587,3.141592653589793,0.19344424626135137,3.141592653589793,6.249999046325684,6.3719892501831055,0.9808552401663395,2185.261474609375
hopelessness-driven_cognitive_exhaustion_0,Hopelessness-Driven Cognitive Exhaustion,Learned helplessness loop,landmark,7,0.06283185307179587,3.141592653589793,0.19344424626135137,3.141592653589793,1.5625,6.949995994567871,0.22482027345357503,3662.263671875
hopelessness-driven_cognitive_exhaustion_0,Hopelessness-Driven Cognitive Exhaustion,Learned helplessness loop,landmark,11,0.06283185307179587,3.141592653589793,0.19344424626135137,3.141592653589793,14.28125,17.34270668029785,0.823472959744178,17057.5234375
hopelessness-driven_cognitive_exhaustion_0,Hopelessness-Driven Cognitive Exhaustion,Learned helplessness loop,landmark,15,0.06283185307179587,3.141592653589793,0.19344424626135137,3.141592653589793,3.125,24.430675506591797,0.12791295922852497,27224.4609375
hopelessness-driven_cognitive_exhaustion_0,Hopelessness-Driven Cognitive Exhaustion,Learned helplessness loop,landmark,22,0.0,0.0,0.0,0.0,26.812498092651367,26.812498092651367,1.0,35545.22265625
hopelessness-driven_cognitive_exhaustion_0,Hopelessness-Driven Cognitive Exhaustion,Learned helplessness loop,landmark,27,0.06283185307179587,3.141592653589793,0.19344424626135137,3.141592653589793,4.5,14.724100112915039,0.3056213938706439,44786.39453125
hopelessness-driven_cognitive_exhaustion_0,Hopelessness-Driven Cognitive Exhaustion,Learned helplessness loop,landmark,29,0.06283185307179587,3.141592653589793,0.19344424626135137,3.141592653589793,6.75,14.342317581176758,0.4706352346331308,50493.64453125
hopelessness-driven_cognitive_exhaustion_0,Hopelessness-Driven Cognitive Exhaustion,Learned helplessness loop,landmark,1,0.0,0.0,0.0,0.0,20.875,20.875,1.0,1158.1693115234375
hopelessness-driven_cognitive_exhaustion_0,Hopelessness-Driven Cognitive Exhaustion,Learned helplessness loop,landmark,5,0.06283185307179587,3.141592653589793,0.19344424626135137,3.141592653589793,6.249999046325684,6.3719892501831055,0.9808552401663395,2185.261474609375
hopelessness-driven_cognitive_exhaustion_0,Hopelessness-Driven Cognitive Exhaustion,Learned helplessness loop,landmark,7,0.06283185307179587,3.141592653589793,0.19344424626135137,3.141592653589793,1.5625,6.949995994567871,0.22482027345357503,3662.263671875
hopelessness-driven_cognitive_exhaustion_0,Hopelessness-Driven Cognitive Exhaustion,Learned helplessness loop,landmark,11,0.06283185307179587,3.141592653589793,0.19344424626135137,3.141592653589793,14.28125,17.34270668029785,0.823472959744178,17057.5234375
hopelessness-driven_cognitive_exhaustion_0,Hopelessness-Driven Cognitive Exhaustion,Learned helplessness loop,landmark,15,0.06283185307179587,3.141592653589793,0.19344424626135137,3.141592653589793,3.125,24.430675506591797,0.12791295922852497,27224.4609375
hopelessness-driven_cognitive_exhaustion_0,Hopelessness-Driven Cognitive Exhaustion,Learned helplessness loop,landmark,22,0.0,0.0,0.0,0.0,26.812498092651367,26.812498092651367,1.0,35545.22265625
hopelessness-driven_cognitive_exhaustion_0,Hopelessness-Driven Cognitive Exhaustion,Learned helplessness loop,landmark,27,0.06283185307179587,3.141592653589793,0.19344424626135137,3.141592653589793,4.5,14.724100112915039,0.3056213938706439,44786.39453125
hopelessness-driven_cognitive_exhaustion_0,Hopelessness-Driven Cognitive Exhaustion,Learned helplessness loop,landmark,29,0.06283185307179587,3.141592653589793,0.19344424626135137,3.141592653589793,6.75,14.342317581176758,0.4706352346331308,50493.64453125
hopelessness-driven_cognitive_exhaustion_0,Hopelessness-Driven Cognitive Exhaustion,Learned helplessness loop,landmark,1,0.0,0.0,0.0,0.0,20.875,20.875,1.0,1158.1693115234375
hopelessness-driven_cognitive_exhaustion_0,Hopelessness-Driven Cognitive Exhaustion,Learned helplessness loop,landmark,5,0.06283185307179587,3.141592653589793,0.19344424626135137,3.141592653589793,6.249999046325684,6.3719892501831055,0.9808552401663395,2185.261474609375
hopelessness-driven_cognitive_exhaustion_0,Hopelessness-Driven Cognitive Exhaustion,Learned helplessness loop,landmark,7,0.06283185307179587,3.141592653589793,0.19344424626135137,3.141592653589793,1.5625,6.949995994567871,0.22482027345357503,3662.263671875
hopelessness-driven_cognitive_exhaustion_0,Hopelessness-Driven Cognitive Exhaustion,Learned helplessness loop,landmark,11,0.06283185307179587,3.141592653589793,0.19344424626135137,3.141592653589793,14.28125,17.34270668029785,0.823472959744178,17057.5234375
hopelessness-driven_cognitive_exhaustion_0,Hopelessness-Driven Cognitive Exhaustion,Learned helplessness loop,landmark,15,0.06283185307179587,3.141592653589793,0.19344424626135137,3.141592653589793,3.125,24.430675506591797,0.12791295922852497,27224.4609375
hopelessness-driven_cognitive_exhaustion_0,Hopelessness-Driven Cognitive Exhaustion,Learned helplessness loop,landmark,22,0.0,0.0,0.0,0.0,26.812498092651367,26.812498092651367,1.0,35545.22265625
hopelessness-driven_cognitive_exhaustion_0,Hopelessness-Driven Cognitive Exhaustion,Learned helplessness loop,landmark,27,0.06283185307179587,3.141592653589793,0.19344424626135137,3.141592653589793,4.5,14.724100112915039,0.3056213938706439,44786.39453125
hopelessness-driven_cognitive_exhaustion_0,Hopelessness-Driven Cognitive Exhaustion,Learned helplessness loop,landmark,29,0.06283185307179587,3.141592653589793,0.19344424626135137,3.141592653589793,6.75,14.342317581176758,0.4706352346331308,50493.64453125
hopelessness-driven_cognitive_exhaustion_0,Hopelessness-Driven Cognitive Exhaustion,Learned helplessness loop,landmark,1,0.0,0.0,0.0,0.0,20.875,20.875,1.0,1158.1693115234375
hopelessness-driven_cognitive_exhaustion_0,Hopelessness-Driven Cognitive Exhaustion,Learned helplessness loop,landmark,5,0.06283185307179587,3.141592653589793,0.19344424626135137,3.141592653589793,6.249999046325684,6.3719892501831055,0.9808552401663395,2185.261474609375
hopelessness-driven_cognitive_exhaustion_0,Hopelessness-Driven Cognitive Exhaustion,Learned helplessness loop,landmark,7,0.06283185307179587,3.141592653589793,0.19344424626135137,3.141592653589793,1.5625,6.949995994567871,0.22482027345357503,3662.263671875
hopelessness-driven_cognitive_exhaustion_0,Hopelessness-Driven Cognitive Exhaustion,Learned helplessness loop,landmark,11,0.06283185307179587,3.141592653589793,0.19344424626135137,3.141592653589793,14.28125,17.34270668029785,0.823472959744178,17057.5234375
hopelessness-driven_cognitive_exhaustion_0,Hopelessness-Driven Cognitive Exhaustion,Learned helplessness loop,landmark,15,0.06283185307179587,3.141592653589793,0.19344424626135137,3.141592653589793,3.125,24.430675506591797,0.12791295922852497,27224.4609375
hopelessness-driven_cognitive_exhaustion_0,Hopelessness-Driven Cognitive Exhaustion,Learned helplessness loop,landmark,22,0.0,0.0,0.0,0.0,26.812498092651367,26.812498092651367,1.0,35545.22265625
hopelessness-driven_cognitive_exhaustion_0,Hopelessness-Driven Cognitive Exhaustion,Learned helplessness loop,landmark,27,0.06283185307179587,3.141592653589793,0.19344424626135137,3.141592653589793,4.5,14.724100112915039,0.3056213938706439,44786.39453125
hopelessness-driven_cognitive_exhaustion_0,Hopelessness-Driven Cognitive Exhaustion,Learned helplessness loop,landmark,29,0.06283185307179587,3.141592653589793,0.19344424626135137,3.141592653589793,6.75,14.342317581176758,0.4706352346331308,50493.64453125
hopelessness-driven_cognitive_exhaustion_0,Hopelessness-Driven Cognitive Exhaustion,Learned helplessness loop,landmark,1,0.0,0.0,0.0,0.0,20.875,20.875,1.0,1158.1693115234375
hopelessness-driven_cognitive_exhaustion_0,Hopelessness-Driven Cognitive Exhaustion,Learned helplessness loop,landmark,5,0.06283185307179587,3.141592653589793,0.19344424626135137,3.141592653589793,6.249999046325684,6.3719892501831055,0.9808552401663395,2185.261474609375
hopelessness-driven_cognitive_exhaustion_0,Hopelessness-Driven Cognitive Exhaustion,Learned helplessness loop,landmark,7,0.06283185307179587,3.141592653589793,0.19344424626135137,3.141592653589793,1.5625,6.949995994567871,0.22482027345357503,3662.263671875
hopelessness-driven_cognitive_exhaustion_0,Hopelessness-Driven Cognitive Exhaustion,Learned helplessness loop,landmark,11,0.06283185307179587,3.141592653589793,0.19344424626135137,3.141592653589793,14.28125,17.34270668029785,0.823472959744178,17057.5234375
hopelessness-driven_cognitive_exhaustion_0,Hopelessness-Driven Cognitive Exhaustion,Learned helplessness loop,landmark,15,0.06283185307179587,3.141592653589793,0.19344424626135137,3.141592653589793,3.125,24.430675506591797,0.12791295922852497,27224.4609375
hopelessness-driven_cognitive_exhaustion_0,Hopelessness-Driven Cognitive Exhaustion,Learned helplessness loop,landmark,22,0.0,0.0,0.0,0.0,26.812498092651367,26.812498092651367,1.0,35545.22265625
hopelessness-driven_cognitive_exhaustion_0,Hopelessness-Driven Cognitive Exhaustion,Learned helplessness loop,landmark,27,0.06283185307179587,3.141592653589793,0.19344424626135137,3.141592653589793,4.5,14.724100112915039,0.3056213938706439,44786.39453125
hopelessness-driven_cognitive_exhaustion_0,Hopelessness-Driven Cognitive Exhaustion,Learned helplessness loop,landmark,29,0.06283185307179587,3.141592653589793,0.19344424626135137,3.141592653589793,6.75,14.342317581176758,0.4706352346331308,50493.64453125
hopelessness-driven_cognitive_exhaustion_0,Hopelessness-Driven Cognitive Exhaustion,Learned helplessness loop,landmark,1,0.0,0.0,0.0,0.0,20.875,20.875,1.0,1158.1693115234375
hopelessness-driven_cognitive_exhaustion_0,Hopelessness-Driven Cognitive Exhaustion,Learned helplessness loop,landmark,5,0.06283185307179587,3.141592653589793,0.19344424626135137,3.141592653589793,6.249999046325684,6.3719892501831055,0.9808552401663395,2185.261474609375
hopelessness-driven_cognitive_exhaustion_0,Hopelessness-Driven Cognitive Exhaustion,Learned helplessness loop,landmark,7,0.06283185307179587,3.141592653589793,0.19344424626135137,3.141592653589793,1.5625,6.949995994567871,0.22482027345357503,3662.263671875
hopelessness-driven_cognitive_exhaustion_0,Hopelessness-Driven Cognitive Exhaustion,Learned helplessness loop,landmark,11,0.06283185307179587,3.141592653589793,0.19344424626135137,3.141592653589793,14.28125,17.34270668029785,0.823472959744178,17057.5234375
hopelessness-driven_cognitive_exhaustion_0,Hopelessness-Driven Cognitive Exhaustion,Learned helplessness loop,landmark,15,0.06283185307179587,3.141592653589793,0.19344424626135137,3.141592653589793,3.125,24.430675506591797,0.12791295922852497,27224.4609375
hopelessness-driven_cognitive_exhaustion_0,Hopelessness-Driven Cognitive Exhaustion,Learned helplessness loop,landmark,22,0.0,0.0,0.0,0.0,26.812498092651367,26.812498092651367,1.0,35545.22265625
hopelessness-driven_cognitive_exhaustion_0,Hopelessness-Driven Cognitive Exhaustion,Learned helplessness loop,landmark,27,0.06283185307179587,3.141592653589793,0.19344424626135137,3.141592653589793,4.5,14.724100112915039,0.3056213938706439,44786.39453125
hopelessness-driven_cognitive_exhaustion_0,Hopelessness-Driven Cognitive Exhaustion,Learned helplessness loop,landmark,29,0.06283185307179587,3.141592653589793,0.19344424626135137,3.141592653589793,6.75,14.342317581176758,0.4706352346331308,50493.64453125
hopelessness-driven_cognitive_exhaustion_0,Hopelessness-Driven Cognitive Exhaustion,Learned helplessness loop,landmark,1,0.0,0.0,0.0,0.0,20.875,20.875,1.0,1158.1693115234375
hopelessness-driven_cognitive_exhaustion_0,Hopelessness-Driven Cognitive Exhaustion,Learned helplessness loop,landmark,5,0.06283185307179587,3.141592653589793,0.19344424626135137,3.141592653589793,6.249999046325684,6.3719892501831055,0.9808552401663395,2185.261474609375
hopelessness-driven_cognitive_exhaustion_0,Hopelessness-Driven Cognitive Exhaustion,Learned helplessness loop,landmark,7,0.06283185307179587,3.141592653589793,0.19344424626135137,3.141592653589793,1.5625,6.949995994567871,0.22482027345357503,3662.263671875
hopelessness-driven_cognitive_exhaustion_0,Hopelessness-Driven Cognitive Exhaustion,Learned helplessness loop,landmark,11,0.06283185307179587,3.141592653589793,0.19344424626135137,3.141592653589793,14.28125,17.34270668029785,0.823472959744178,17057.5234375
hopelessness-driven_cognitive_exhaustion_0,Hopelessness-Driven Cognitive Exhaustion,Learned helplessness loop,landmark,15,0.06283185307179587,3.141592653589793,0.19344424626135137,3.141592653589793,3.125,24.430675506591797,0.12791295922852497,27224.4609375
hopelessness-driven_cognitive_exhaustion_0,Hopelessness-Driven Cognitive Exhaustion,Learned helplessness loop,landmark,22,0.0,0.0,0.0,0.0,26.812498092651367,26.812498092651367,1.0,35545.22265625
hopelessness-driven_cognitive_exhaustion_0,Hopelessness-Driven Cognitive Exhaustion,Learned helplessness loop,landmark,27,0.06283185307179587,3.141592653589793,0.19344424626135137,3.141592653589793,4.5,14.724100112915039,0.3056213938706439,44786.39453125
hopelessness-driven_cognitive_exhaustion_0,Hopelessness-Driven Cognitive Exhaustion,Learned helplessness loop,landmark,29,0.06283185307179587,3.141592653589793,0.19344424626135137,3.141592653589793,6.75,14.342317581176758,0.4706352346331308,50493.64453125
hopelessness-driven_cognitive_exhaustion_0,Hopelessness-Driven Cognitive Exhaustion,Learned helplessness loop,landmark,1,0.0,0.0,0.0,0.0,20.875,20.875,1.0,1158.1693115234375
hopelessness-driven_cognitive_exhaustion_0,Hopelessness-Driven Cognitive Exhaustion,Learned helplessness loop,landmark,5,0.06283185307179587,3.141592653589793,0.19344424626135137,3.141592653589793,6.249999046325684,6.3719892501831055,0.9808552401663395,2185.261474609375
hopelessness-driven_cognitive_exhaustion_0,Hopelessness-Driven Cognitive Exhaustion,Learned helplessness loop,landmark,7,0.06283185307179587,3.141592653589793,0.19344424626135137,3.141592653589793,1.5625,6.949995994567871,0.22482027345357503,3662.263671875
hopelessness-driven_cognitive_exhaustion_0,Hopelessness-Driven Cognitive Exhaustion,Learned helplessness loop,landmark,11,0.06283185307179587,3.141592653589793,0.19344424626135137,3.141592653589793,14.28125,17.34270668029785,0.823472959744178,17057.5234375
hopelessness-driven_cognitive_exhaustion_0,Hopelessness-Driven Cognitive Exhaustion,Learned helplessness loop,landmark,15,0.06283185307179587,3.141592653589793,0.19344424626135137,3.141592653589793,3.125,24.430675506591797,0.12791295922852497,27224.4609375
hopelessness-driven_cognitive_exhaustion_0,Hopelessness-Driven Cognitive Exhaustion,Learned helplessness loop,landmark,22,0.0,0.0,0.0,0.0,26.812498092651367,26.812498092651367,1.0,35545.22265625
hopelessness-driven_cognitive_exhaustion_0,Hopelessness-Driven Cognitive Exhaustion,Learned helplessness loop,landmark,27,0.06283185307179587,3.141592653589793,0.19344424626135137,3.141592653589793,4.5,14.724100112915039,0.3056213938706439,44786.39453125
hopelessness-driven_cognitive_exhaustion_0,Hopelessness-Driven Cognitive Exhaustion,Learned helplessness loop,landmark,29,0.06283185307179587,3.141592653589793,0.19344424626135137,3.141592653589793,6.75,14.342317581176758,0.4706352346331308,50493.64453125
hopelessness-driven_cognitive_exhaustion_0,Hopelessness-Driven Cognitive Exhaustion,Learned helplessness loop,landmark,1,0.0,0.0,0.0,0.0,20.875,20.875,1.0,1158.1693115234375
hopelessness-driven_cognitive_exhaustion_0,Hopelessness-Driven Cognitive Exhaustion,Learned helplessness loop,landmark,5,0.06283185307179587,3.141592653589793,0.19344424626135137,3.141592653589793,6.249999046325684,6.3719892501831055,0.9808552401663395,2185.261474609375
hopelessness-driven_cognitive_exhaustion_0,Hopelessness-Driven Cognitive Exhaustion,Learned helplessness loop,landmark,7,0.06283185307179587,3.141592653589793,0.19344424626135137,3.141592653589793,1.5625,6.949995994567871,0.22482027345357503,3662.263671875
hopelessness-driven_cognitive_exhaustion_0,Hopelessness-Driven Cognitive Exhaustion,Learned helplessness loop,landmark,11,0.06283185307179587,3.141592653589793,0.19344424626135137,3.141592653589793,14.28125,17.34270668029785,0.823472959744178,17057.5234375
hopelessness-driven_cognitive_exhaustion_0,Hopelessness-Driven Cognitive Exhaustion,Learned helplessness loop,landmark,15,0.06283185307179587,3.141592653589793,0.19344424626135137,3.141592653589793,3.125,24.430675506591797,0.12791295922852497,27224.4609375
hopelessness-driven_cognitive_exhaustion_0,Hopelessness-Driven Cognitive Exhaustion,Learned helplessness loop,landmark,22,0.0,0.0,0.0,0.0,26.812498092651367,26.812498092651367,1.0,35545.22265625
hopelessness-driven_cognitive_exhaustion_0,Hopelessness-Driven Cognitive Exhaustion,Learned helplessness loop,landmark,27,0.06283185307179587,3.141592653589793,0.19344424626135137,3.141592653589793,4.5,14.724100112915039,0.3056213938706439,44786.39453125
hopelessness-driven_cognitive_exhaustion_0,Hopelessness-Driven Cognitive Exhaustion,Learned helplessness loop,landmark,29,0.06283185307179587,3.141592653589793,0.19344424626135137,3.141592653589793,6.75,14.342317581176758,0.4706352346331308,50493.64453125
hopelessness-driven_cognitive_exhaustion_0,Hopelessness-Driven Cognitive Exhaustion,Learned helplessness loop,landmark,1,0.0,0.0,0.0,0.0,20.875,20.875,1.0,1158.1693115234375
hopelessness-driven_cognitive_exhaustion_0,Hopelessness-Driven Cognitive Exhaustion,Learned helplessness loop,landmark,5,0.06283185307179587,3.141592653589793,0.19344424626135137,3.141592653589793,6.249999046325684,6.3719892501831055,0.9808552401663395,2185.261474609375
hopelessness-driven_cognitive_exhaustion_0,Hopelessness-Driven Cognitive Exhaustion,Learned helplessness loop,landmark,7,0.06283185307179587,3.141592653589793,0.19344424626135137,3.141592653589793,1.5625,6.949995994567871,0.22482027345357503,3662.263671875
hopelessness-driven_cognitive_exhaustion_0,Hopelessness-Driven Cognitive Exhaustion,Learned helplessness loop,landmark,11,0.06283185307179587,3.141592653589793,0.19344424626135137,3.141592653589793,14.28125,17.34270668029785,0.823472959744178,17057.5234375
hopelessness-driven_cognitive_exhaustion_0,Hopelessness-Driven Cognitive Exhaustion,Learned helplessness loop,landmark,15,0.06283185307179587,3.141592653589793,0.19344424626135137,3.141592653589793,3.125,24.430675506591797,0.12791295922852497,27224.4609375
hopelessness-driven_cognitive_exhaustion_0,Hopelessness-Driven Cognitive Exhaustion,Learned helplessness loop,landmark,22,0.0,0.0,0.0,0.0,26.812498092651367,26.812498092651367,1.0,35545.22265625
hopelessness-driven_cognitive_exhaustion_0,Hopelessness-Driven Cognitive Exhaustion,Learned helplessness loop,landmark,27,0.06283185307179587,3.141592653589793,0.19344424626135137,3.141592653589793,4.5,14.724100112915039,0.3056213938706439,44786.39453125
hopelessness-driven_cognitive_exhaustion_0,Hopelessness-Driven Cognitive Exhaustion,Learned helplessness loop,landmark,29,0.06283185307179587,3.141592653589793,0.19344424626135137,3.141592653589793,6.75,14.342317581176758,0.4706352346331308,50493.64453125
hopelessness-driven_cognitive_exhaustion_0,Hopelessness-Driven Cognitive Exhaustion,Learned helplessness loop,landmark,1,0.0,0.0,0.0,0.0,20.875,20.875,1.0,1158.1693115234375
hopelessness-driven_cognitive_exhaustion_0,Hopelessness-Driven Cognitive Exhaustion,Learned helplessness loop,landmark,5,0.06283185307179587,3.141592653589793,0.19344424626135137,3.141592653589793,6.249999046325684,6.3719892501831055,0.9808552401663395,2185.261474609375
hopelessness-driven_cognitive_exhaustion_0,Hopelessness-Driven Cognitive Exhaustion,Learned helplessness loop,landmark,7,0.06283185307179587,3.141592653589793,0.19344424626135137,3.141592653589793,1.5625,6.949995994567871,0.22482027345357503,3662.263671875
hopelessness-driven_cognitive_exhaustion_0,Hopelessness-Driven Cognitive Exhaustion,Learned helplessness loop,landmark,11,0.06283185307179587,3.141592653589793,0.19344424626135137,3.141592653589793,14.28125,17.34270668029785,0.823472959744178,17057.5234375
hopelessness-driven_cognitive_exhaustion_0,Hopelessness-Driven Cognitive Exhaustion,Learned helplessness loop,landmark,15,0.06283185307179587,3.141592653589793,0.19344424626135137,3.141592653589793,3.125,24.430675506591797,0.12791295922852497,27224.4609375
hopelessness-driven_cognitive_exhaustion_0,Hopelessness-Driven Cognitive Exhaustion,Learned helplessness loop,landmark,22,0.0,0.0,0.0,0.0,26.812498092651367,26.812498092651367,1.0,35545.22265625
hopelessness-driven_cognitive_exhaustion_0,Hopelessness-Driven Cognitive Exhaustion,Learned helplessness loop,landmark,27,0.06283185307179587,3.141592653589793,0.19344424626135137,3.141592653589793,4.5,14.724100112915039,0.3056213938706439,44786.39453125
hopelessness-driven_cognitive_exhaustion_0,Hopelessness-Driven Cognitive Exhaustion,Learned helplessness loop,landmark,29,0.06283185307179587,3.141592653589793,0.19344424626135137,3.141592653589793,6.75,14.342317581176758,0.4706352346331308,50493.64453125
hopelessness-driven_cognitive_exhaustion_0,Hopelessness-Driven Cognitive Exhaustion,Learned helplessness loop,landmark,1,0.0,0.0,0.0,0.0,20.875,20.875,1.0,1158.1693115234375
hopelessness-driven_cognitive_exhaustion_0,Hopelessness-Driven Cognitive Exhaustion,Learned helplessness loop,landmark,5,0.06283185307179587,3.141592653589793,0.19344424626135137,3.141592653589793,6.249999046325684,6.3719892501831055,0.9808552401663395,2185.261474609375
hopelessness-driven_cognitive_exhaustion_0,Hopelessness-Driven Cognitive Exhaustion,Learned helplessness loop,landmark,7,0.06283185307179587,3.141592653589793,0.19344424626135137,3.141592653589793,1.5625,6.949995994567871,0.22482027345357503,3662.263671875
hopelessness-driven_cognitive_exhaustion_0,Hopelessness-Driven Cognitive Exhaustion,Learned helplessness loop,landmark,11,0.06283185307179587,3.141592653589793,0.19344424626135137,3.141592653589793,14.28125,17.34270668029785,0.823472959744178,17057.5234375
hopelessness-driven_cognitive_exhaustion_0,Hopelessness-Driven Cognitive Exhaustion,Learned helplessness loop,landmark,15,0.06283185307179587,3.141592653589793,0.19344424626135137,3.141592653589793,3.125,24.430675506591797,0.12791295922852497,27224.4609375
hopelessness-driven_cognitive_exhaustion_0,Hopelessness-Driven Cognitive Exhaustion,Learned helplessness loop,landmark,22,0.0,0.0,0.0,0.0,26.812498092651367,26.812498092651367,1.0,35545.22265625
hopelessness-driven_cognitive_exhaustion_0,Hopelessness-Driven Cognitive Exhaustion,Learned helplessness loop,landmark,27,0.06283185307179587,3.141592653589793,0.19344424626135137,3.141592653589793,4.5,14.724100112915039,0.3056213938706439,44786.39453125
hopelessness-driven_cognitive_exhaustion_0,Hopelessness-Driven Cognitive Exhaustion,Learned helplessness loop,landmark,29,0.06283185307179587,3.141592653589793,0.19344424626135137,3.141592653589793,6.75,14.342317581176758,0.4706352346331308,50493.64453125
hopelessness-driven_cognitive_exhaustion_0,Hopelessness-Driven Cognitive Exhaustion,Learned helplessness loop,landmark,1,0.0,0.0,0.0,0.0,20.875,20.875,1.0,1158.1693115234375
hopelessness-driven_cognitive_exhaustion_0,Hopelessness-Driven Cognitive Exhaustion,Learned helplessness loop,landmark,5,0.06283185307179587,3.141592653589793,0.19344424626135137,3.141592653589793,6.249999046325684,6.3719892501831055,0.9808552401663395,2185.261474609375
hopelessness-driven_cognitive_exhaustion_0,Hopelessness-Driven Cognitive Exhaustion,Learned helplessness loop,landmark,7,0.06283185307179587,3.141592653589793,0.19344424626135137,3.141592653589793,1.5625,6.949995994567871,0.22482027345357503,3662.263671875
hopelessness-driven_cognitive_exhaustion_0,Hopelessness-Driven Cognitive Exhaustion,Learned helplessness loop,landmark,11,0.06283185307179587,3.141592653589793,0.19344424626135137,3.141592653589793,14.28125,17.34270668029785,0.823472959744178,17057.5234375
hopelessness-driven_cognitive_exhaustion_0,Hopelessness-Driven Cognitive Exhaustion,Learned helplessness loop,landmark,15,0.06283185307179587,3.141592653589793,0.19344424626135137,3.141592653589793,3.125,24.430675506591797,0.12791295922852497,27224.4609375
hopelessness-driven_cognitive_exhaustion_0,Hopelessness-Driven Cognitive Exhaustion,Learned helplessness loop,landmark,22,0.0,0.0,0.0,0.0,26.812498092651367,26.812498092651367,1.0,35545.22265625
hopelessness-driven_cognitive_exhaustion_0,Hopelessness-Driven Cognitive Exhaustion,Learned helplessness loop,landmark,27,0.06283185307179587,3.141592653589793,0.19344424626135137,3.141592653589793,4.5,14.724100112915039,0.3056213938706439,44786.39453125
hopelessness-driven_cognitive_exhaustion_0,Hopelessness-Driven Cognitive Exhaustion,Learned helplessness loop,landmark,29,0.06283185307179587,3.141592653589793,0.19344424626135137,3.141592653589793,6.75,14.342317581176758,0.4706352346331308,50493.64453125
hopelessness-driven_cognitive_exhaustion_0,Hopelessness-Driven Cognitive Exhaustion,Learned helplessness loop,landmark,1,0.0,0.0,0.0,0.0,20.875,20.875,1.0,1158.1693115234375
hopelessness-driven_cognitive_exhaustion_0,Hopelessness-Driven Cognitive Exhaustion,Learned helplessness loop,landmark,5,0.06283185307179587,3.141592653589793,0.19344424626135137,3.141592653589793,6.249999046325684,6.3719892501831055,0.9808552401663395,2185.261474609375
hopelessness-driven_cognitive_exhaustion_0,Hopelessness-Driven Cognitive Exhaustion,Learned helplessness loop,landmark,7,0.06283185307179587,3.141592653589793,0.19344424626135137,3.141592653589793,1.5625,6.949995994567871,0.22482027345357503,3662.263671875
hopelessness-driven_cognitive_exhaustion_0,Hopelessness-Driven Cognitive Exhaustion,Learned helplessness loop,landmark,11,0.06283185307179587,3.141592653589793,0.19344424626135137,3.141592653589793,14.28125,17.34270668029785,0.823472959744178,17057.5234375
hopelessness-driven_cognitive_exhaustion_0,Hopelessness-Driven Cognitive Exhaustion,Learned helplessness loop,landmark,15,0.06283185307179587,3.141592653589793,0.19344424626135137,3.141592653589793,3.125,24.430675506591797,0.12791295922852497,27224.4609375
hopelessness-driven_cognitive_exhaustion_0,Hopelessness-Driven Cognitive Exhaustion,Learned helplessness loop,landmark,22,0.0,0.0,0.0,0.0,26.812498092651367,26.812498092651367,1.0,35545.22265625
hopelessness-driven_cognitive_exhaustion_0,Hopelessness-Driven Cognitive Exhaustion,Learned helplessness loop,landmark,27,0.06283185307179587,3.141592653589793,0.19344424626135137,3.141592653589793,4.5,14.724100112915039,0.3056213938706439,44786.39453125
hopelessness-driven_cognitive_exhaustion_0,Hopelessness-Driven Cognitive Exhaustion,Learned helplessness loop,landmark,29,0.06283185307179587,3.141592653589793,0.19344424626135137,3.141592653589793,6.75,14.342317581176758,0.4706352346331308,50493.64453125
hopelessness-driven_cognitive_exhaustion_0,Hopelessness-Driven Cognitive Exhaustion,Learned helplessness loop,landmark,1,0.0,0.0,0.0,0.0,20.875,20.875,1.0,1158.1693115234375
hopelessness-driven_cognitive_exhaustion_0,Hopelessness-Driven Cognitive Exhaustion,Learned helplessness loop,landmark,5,0.06283185307179587,3.141592653589793,0.19344424626135137,3.141592653589793,6.249999046325684,6.3719892501831055,0.9808552401663395,2185.261474609375
hopelessness-driven_cognitive_exhaustion_0,Hopelessness-Driven Cognitive Exhaustion,Learned helplessness loop,landmark,7,0.06283185307179587,3.141592653589793,0.19344424626135137,3.141592653589793,1.5625,6.949995994567871,0.22482027345357503,3662.263671875
hopelessness-driven_cognitive_exhaustion_0,Hopelessness-Driven Cognitive Exhaustion,Learned helplessness loop,landmark,11,0.06283185307179587,3.141592653589793,0.19344424626135137,3.141592653589793,14.28125,17.34270668029785,0.823472959744178,17057.5234375
hopelessness-driven_cognitive_exhaustion_0,Hopelessness-Driven Cognitive Exhaustion,Learned helplessness loop,landmark,15,0.06283185307179587,3.141592653589793,0.19344424626135137,3.141592653589793,3.125,24.430675506591797,0.12791295922852497,27224.4609375
hopelessness-driven_cognitive_exhaustion_0,Hopelessness-Driven Cognitive Exhaustion,Learned helplessness loop,landmark,22,0.0,0.0,0.0,0.0,26.812498092651367,26.812498092651367,1.0,35545.22265625
hopelessness-driven_cognitive_exhaustion_0,Hopelessness-Driven Cognitive Exhaustion,Learned helplessness loop,landmark,27,0.06283185307179587,3.141592653589793,0.19344424626135137,3.141592653589793,4.5,14.724100112915039,0.3056213938706439,44786.39453125
hopelessness-driven_cognitive_exhaustion_0,Hopelessness-Driven Cognitive Exhaustion,Learned helplessness loop,landmark,29,0.06283185307179587,3.141592653589793,0.19344424626135137,3.141592653589793,6.75,14.342317581176758,0.4706352346331308,50493.64453125
hopelessness-driven_cognitive_exhaustion_0,Hopelessness-Driven Cognitive Exhaustion,Learned helplessness loop,landmark,1,0.0,0.0,0.0,0.0,20.875,20.875,1.0,1158.1693115234375
hopelessness-driven_cognitive_exhaustion_0,Hopelessness-Driven Cognitive Exhaustion,Learned helplessness loop,landmark,5,0.06283185307179587,3.141592653589793,0.19344424626135137,3.141592653589793,6.249999046325684,6.3719892501831055,0.9808552401663395,2185.261474609375
hopelessness-driven_cognitive_exhaustion_0,Hopelessness-Driven Cognitive Exhaustion,Learned helplessness loop,landmark,7,0.06283185307179587,3.141592653589793,0.19344424626135137,3.141592653589793,1.5625,6.949995994567871,0.22482027345357503,3662.263671875
hopelessness-driven_cognitive_exhaustion_0,Hopelessness-Driven Cognitive Exhaustion,Learned helplessness loop,landmark,11,0.06283185307179587,3.141592653589793,0.19344424626135137,3.141592653589793,14.28125,17.34270668029785,0.823472959744178,17057.5234375
hopelessness-driven_cognitive_exhaustion_0,Hopelessness-Driven Cognitive Exhaustion,Learned helplessness loop,landmark,15,0.06283185307179587,3.141592653589793,0.19344424626135137,3.141592653589793,3.125,24.430675506591797,0.12791295922852497,27224.4609375
hopelessness-driven_cognitive_exhaustion_0,Hopelessness-Driven Cognitive Exhaustion,Learned helplessness loop,landmark,22,0.0,0.0,0.0,0.0,26.812498092651367,26.812498092651367,1.0,35545.22265625
hopelessness-driven_cognitive_exhaustion_0,Hopelessness-Driven Cognitive Exhaustion,Learned helplessness loop,landmark,27,0.06283185307179587,3.141592653589793,0.19344424626135137,3.141592653589793,4.5,14.724100112915039,0.3056213938706439,44786.39453125
hopelessness-driven_cognitive_exhaustion_0,Hopelessness-Driven Cognitive Exhaustion,Learned helplessness loop,landmark,29,0.06283185307179587,3.141592653589793,0.19344424626135137,3.141592653589793,6.75,14.342317581176758,0.4706352346331308,50493.64453125
hopelessness-driven_cognitive_exhaustion_0,Hopelessness-Driven Cognitive Exhaustion,Learned helplessness loop,landmark,1,0.0,0.0,0.0,0.0,20.875,20.875,1.0,1158.1693115234375
hopelessness-driven_cognitive_exhaustion_0,Hopelessness-Driven Cognitive Exhaustion,Learned helplessness loop,landmark,5,0.06283185307179587,3.141592653589793,0.19344424626135137,3.141592653589793,6.249999046325684,6.3719892501831055,0.9808552401663395,2185.261474609375
hopelessness-driven_cognitive_exhaustion_0,Hopelessness-Driven Cognitive Exhaustion,Learned helplessness loop,landmark,7,0.06283185307179587,3.141592653589793,0.19344424626135137,3.141592653589793,1.5625,6.949995994567871,0.22482027345357503,3662.263671875
hopelessness-driven_cognitive_exhaustion_0,Hopelessness-Driven Cognitive Exhaustion,Learned helplessness loop,landmark,11,0.06283185307179587,3.141592653589793,0.19344424626135137,3.141592653589793,14.28125,17.34270668029785,0.823472959744178,17057.5234375
hopelessness-driven_cognitive_exhaustion_0,Hopelessness-Driven Cognitive Exhaustion,Learned helplessness loop,landmark,15,0.06283185307179587,3.141592653589793,0.19344424626135137,3.141592653589793,3.125,24.430675506591797,0.12791295922852497,27224.4609375
hopelessness-driven_cognitive_exhaustion_0,Hopelessness-Driven Cognitive Exhaustion,Learned helplessness loop,landmark,22,0.0,0.0,0.0,0.0,26.812498092651367,26.812498092651367,1.0,35545.22265625
hopelessness-driven_cognitive_exhaustion_0,Hopelessness-Driven Cognitive Exhaustion,Learned helplessness loop,landmark,27,0.06283185307179587,3.141592653589793,0.19344424626135137,3.141592653589793,4.5,14.724100112915039,0.3056213938706439,44786.39453125
hopelessness-driven_cognitive_exhaustion_0,Hopelessness-Driven Cognitive Exhaustion,Learned helplessness loop,landmark,29,0.06283185307179587,3.141592653589793,0.19344424626135137,3.141592653589793,6.75,14.342317581176758,0.4706352346331308,50493.64453125
hopelessness-driven_cognitive_exhaustion_0,Hopelessness-Driven Cognitive Exhaustion,Learned helplessness loop,landmark,1,0.0,0.0,0.0,0.0,20.875,20.875,1.0,1158.1693115234375
hopelessness-driven_cognitive_exhaustion_0,Hopelessness-Driven Cognitive Exhaustion,Learned helplessness loop,landmark,5,0.06283185307179587,3.141592653589793,0.19344424626135137,3.141592653589793,6.249999046325684,6.3719892501831055,0.9808552401663395,2185.261474609375
hopelessness-driven_cognitive_exhaustion_0,Hopelessness-Driven Cognitive Exhaustion,Learned helplessness loop,landmark,7,0.06283185307179587,3.141592653589793,0.19344424626135137,3.141592653589793,1.5625,6.949995994567871,0.22482027345357503,3662.263671875
hopelessness-driven_cognitive_exhaustion_0,Hopelessness-Driven Cognitive Exhaustion,Learned helplessness loop,landmark,11,0.06283185307179587,3.141592653589793,0.19344424626135137,3.141592653589793,14.28125,17.34270668029785,0.823472959744178,17057.5234375
hopelessness-driven_cognitive_exhaustion_0,Hopelessness-Driven Cognitive Exhaustion,Learned helplessness loop,landmark,15,0.06283185307179587,3.141592653589793,0.19344424626135137,3.141592653589793,3.125,24.430675506591797,0.12791295922852497,27224.4609375
hopelessness-driven_cognitive_exhaustion_0,Hopelessness-Driven Cognitive Exhaustion,Learned helplessness loop,landmark,22,0.0,0.0,0.0,0.0,26.812498092651367,26.812498092651367,1.0,35545.22265625
hopelessness-driven_cognitive_exhaustion_0,Hopelessness-Driven Cognitive Exhaustion,Learned helplessness loop,landmark,27,0.06283185307179587,3.141592653589793,0.19344424626135137,3.141592653589793,4.5,14.724100112915039,0.3056213938706439,44786.39453125
hopelessness-driven_cognitive_exhaustion_0,Hopelessness-Driven Cognitive Exhaustion,Learned helplessness loop,landmark,29,0.06283185307179587,3.141592653589793,0.19344424626135137,3.141592653589793,6.75,14.342317581176758,0.4706352346331308,50493.64453125
hopelessness-driven_cognitive_exhaustion_0,Hopelessness-Driven Cognitive Exhaustion,Learned helplessness loop,landmark,1,0.0,0.0,0.0,0.0,20.875,20.875,1.0,1158.1693115234375
hopelessness-driven_cognitive_exhaustion_0,Hopelessness-Driven Cognitive Exhaustion,Learned helplessness loop,landmark,5,0.06283185307179587,3.141592653589793,0.19344424626135137,3.141592653589793,6.249999046325684,6.3719892501831055,0.9808552401663395,2185.261474609375
hopelessness-driven_cognitive_exhaustion_0,Hopelessness-Driven Cognitive Exhaustion,Learned helplessness loop,landmark,7,0.06283185307179587,3.141592653589793,0.19344424626135137,3.141592653589793,1.5625,6.949995994567871,0.22482027345357503,3662.263671875
hopelessness-driven_cognitive_exhaustion_0,Hopelessness-Driven Cognitive Exhaustion,Learned helplessness loop,landmark,11,0.06283185307179587,3.141592653589793,0.19344424626135137,3.141592653589793,14.28125,17.34270668029785,0.823472959744178,17057.5234375
hopelessness-driven_cognitive_exhaustion_0,Hopelessness-Driven Cognitive Exhaustion,Learned helplessness loop,landmark,15,0.06283185307179587,3.141592653589793,0.19344424626135137,3.141592653589793,3.125,24.430675506591797,0.12791295922852497,27224.4609375
hopelessness-driven_cognitive_exhaustion_0,Hopelessness-Driven Cognitive Exhaustion,Learned helplessness loop,landmark,22,0.0,0.0,0.0,0.0,26.812498092651367,26.812498092651367,1.0,35545.22265625
hopelessness-driven_cognitive_exhaustion_0,Hopelessness-Driven Cognitive Exhaustion,Learned helplessness loop,landmark,27,0.06283185307179587,3.141592653589793,0.19344424626135137,3.141592653589793,4.5,14.724100112915039,0.3056213938706439,44786.39453125
hopelessness-driven_cognitive_exhaustion_0,Hopelessness-Driven Cognitive Exhaustion,Learned helplessness loop,landmark,29,0.06283185307179587,3.141592653589793,0.19344424626135137,3.141592653589793,6.75,14.342317581176758,0.4706352346331308,50493.64453125
hopelessness-driven_cognitive_exhaustion_0,Hopelessness-Driven Cognitive Exhaustion,Learned helplessness loop,landmark,1,0.0,0.0,0.0,0.0,20.875,20.875,1.0,1158.1693115234375
hopelessness-driven_cognitive_exhaustion_0,Hopelessness-Driven Cognitive Exhaustion,Learned helplessness loop,landmark,5,0.06283185307179587,3.141592653589793,0.19344424626135137,3.141592653589793,6.249999046325684,6.3719892501831055,0.9808552401663395,2185.261474609375
hopelessness-driven_cognitive_exhaustion_0,Hopelessness-Driven Cognitive Exhaustion,Learned helplessness loop,landmark,7,0.06283185307179587,3.141592653589793,0.19344424626135137,3.141592653589793,1.5625,6.949995994567871,0.22482027345357503,3662.263671875
hopelessness-driven_cognitive_exhaustion_0,Hopelessness-Driven Cognitive Exhaustion,Learned helplessness loop,landmark,11,0.06283185307179587,3.141592653589793,0.19344424626135137,3.141592653589793,14.28125,17.34270668029785,0.823472959744178,17057.5234375
hopelessness-driven_cognitive_exhaustion_0,Hopelessness-Driven Cognitive Exhaustion,Learned helplessness loop,landmark,15,0.06283185307179587,3.141592653589793,0.19344424626135137,3.141592653589793,3.125,24.430675506591797,0.12791295922852497,27224.4609375
hopelessness-driven_cognitive_exhaustion_0,Hopelessness-Driven Cognitive Exhaustion,Learned helplessness loop,landmark,22,0.0,0.0,0.0,0.0,26.812498092651367,26.812498092651367,1.0,35545.22265625
hopelessness-driven_cognitive_exhaustion_0,Hopelessness-Driven Cognitive Exhaustion,Learned helplessness loop,landmark,27,0.06283185307179587,3.141592653589793,0.19344424626135137,3.141592653589793,4.5,14.724100112915039,0.3056213938706439,44786.39453125
hopelessness-driven_cognitive_exhaustion_0,Hopelessness-Driven Cognitive Exhaustion,Learned helplessness loop,landmark,29,0.06283185307179587,3.141592653589793,0.19344424626135137,3.141592653589793,6.75,14.342317581176758,0.4706352346331308,50493.64453125
hopelessness-driven_cognitive_exhaustion_0,Hopelessness-Driven Cognitive Exhaustion,Learned helplessness loop,landmark,1,0.0,0.0,0.0,0.0,20.875,20.875,1.0,1158.1693115234375
hopelessness-driven_cognitive_exhaustion_0,Hopelessness-Driven Cognitive Exhaustion,Learned helplessness loop,landmark,5,0.06283185307179587,3.141592653589793,0.19344424626135137,3.141592653589793,6.249999046325684,6.3719892501831055,0.9808552401663395,2185.261474609375
hopelessness-driven_cognitive_exhaustion_0,Hopelessness-Driven Cognitive Exhaustion,Learned helplessness loop,landmark,7,0.06283185307179587,3.141592653589793,0.19344424626135137,3.141592653589793,1.5625,6.949995994567871,0.22482027345357503,3662.263671875
hopelessness-driven_cognitive_exhaustion_0,Hopelessness-Driven Cognitive Exhaustion,Learned helplessness loop,landmark,11,0.06283185307179587,3.141592653589793,0.19344424626135137,3.141592653589793,14.28125,17.34270668029785,0.823472959744178,17057.5234375
hopelessness-driven_cognitive_exhaustion_0,Hopelessness-Driven Cognitive Exhaustion,Learned helplessness loop,landmark,15,0.06283185307179587,3.141592653589793,0.19344424626135137,3.141592653589793,3.125,24.430675506591797,0.12791295922852497,27224.4609375
hopelessness-driven_cognitive_exhaustion_0,Hopelessness-Driven Cognitive Exhaustion,Learned helplessness loop,landmark,22,0.0,0.0,0.0,0.0,26.812498092651367,26.812498092651367,1.0,35545.22265625
hopelessness-driven_cognitive_exhaustion_0,Hopelessness-Driven Cognitive Exhaustion,Learned helplessness loop,landmark,27,0.06283185307179587,3.141592653589793,0.19344424626135137,3.141592653589793,4.5,14.724100112915039,0.3056213938706439,44786.39453125
hopelessness-driven_cognitive_exhaustion_0,Hopelessness-Driven Cognitive Exhaustion,Learned helplessness loop,landmark,29,0.06283185307179587,3.141592653589793,0.19344424626135137,3.141592653589793,6.75,14.342317581176758,0.4706352346331308,50493.64453125
hopelessness-driven_cognitive_exhaustion_0,Hopelessness-Driven Cognitive Exhaustion,Learned helplessness loop,landmark,1,0.0,0.0,0.0,0.0,20.875,20.875,1.0,1158.1693115234375
hopelessness-driven_cognitive_exhaustion_0,Hopelessness-Driven Cognitive Exhaustion,Learned helplessness loop,landmark,5,0.06283185307179587,3.141592653589793,0.19344424626135137,3.141592653589793,6.249999046325684,6.3719892501831055,0.9808552401663395,2185.261474609375
hopelessness-driven_cognitive_exhaustion_0,Hopelessness-Driven Cognitive Exhaustion,Learned helplessness loop,landmark,7,0.06283185307179587,3.141592653589793,0.19344424626135137,3.141592653589793,1.5625,6.949995994567871,0.22482027345357503,3662.263671875
hopelessness-driven_cognitive_exhaustion_0,Hopelessness-Driven Cognitive Exhaustion,Learned helplessness loop,landmark,11,0.06283185307179587,3.141592653589793,0.19344424626135137,3.141592653589793,14.28125,17.34270668029785,0.823472959744178,17057.5234375
hopelessness-driven_cognitive_exhaustion_0,Hopelessness-Driven Cognitive Exhaustion,Learned helplessness loop,landmark,15,0.06283185307179587,3.141592653589793,0.19344424626135137,3.141592653589793,3.125,24.430675506591797,0.12791295922852497,27224.4609375
hopelessness-driven_cognitive_exhaustion_0,Hopelessness-Driven Cognitive Exhaustion,Learned helplessness loop,landmark,22,0.0,0.0,0.0,0.0,26.812498092651367,26.812498092651367,1.0,35545.22265625
hopelessness-driven_cognitive_exhaustion_0,Hopelessness-Driven Cognitive Exhaustion,Learned helplessness loop,landmark,27,0.06283185307179587,3.141592653589793,0.19344424626135137,3.141592653589793,4.5,14.724100112915039,0.3056213938706439,44786.39453125
hopelessness-driven_cognitive_exhaustion_0,Hopelessness-Driven Cognitive Exhaustion,Learned helplessness loop,landmark,29,0.06283185307179587,3.141592653589793,0.19344424626135137,3.141592653589793,6.75,14.342317581176758,0.4706352346331308,50493.64453125
hopelessness-driven_cognitive_exhaustion_0,Hopelessness-Driven Cognitive Exhaustion,Learned helplessness loop,landmark,1,0.0,0.0,0.0,0.0,20.875,20.875,1.0,1158.1693115234375
hopelessness-driven_cognitive_exhaustion_0,Hopelessness-Driven Cognitive Exhaustion,Learned helplessness loop,landmark,5,0.06283185307179587,3.141592653589793,0.19344424626135137,3.141592653589793,6.249999046325684,6.3719892501831055,0.9808552401663395,2185.261474609375
hopelessness-driven_cognitive_exhaustion_0,Hopelessness-Driven Cognitive Exhaustion,Learned helplessness loop,landmark,7,0.06283185307179587,3.141592653589793,0.19344424626135137,3.141592653589793,1.5625,6.949995994567871,0.22482027345357503,3662.263671875
hopelessness-driven_cognitive_exhaustion_0,Hopelessness-Driven Cognitive Exhaustion,Learned helplessness loop,landmark,11,0.06283185307179587,3.141592653589793,0.19344424626135137,3.141592653589793,14.28125,17.34270668029785,0.823472959744178,17057.5234375
hopelessness-driven_cognitive_exhaustion_0,Hopelessness-Driven Cognitive Exhaustion,Learned helplessness loop,landmark,15,0.06283185307179587,3.141592653589793,0.19344424626135137,3.141592653589793,3.125,24.430675506591797,0.12791295922852497,27224.4609375
hopelessness-driven_cognitive_exhaustion_0,Hopelessness-Driven Cognitive Exhaustion,Learned helplessness loop,landmark,22,0.0,0.0,0.0,0.0,26.812498092651367,26.812498092651367,1.0,35545.22265625
hopelessness-driven_cognitive_exhaustion_0,Hopelessness-Driven Cognitive Exhaustion,Learned helplessness loop,landmark,27,0.06283185307179587,3.141592653589793,0.19344424626135137,3.141592653589793,4.5,14.724100112915039,0.3056213938706439,44786.39453125
hopelessness-driven_cognitive_exhaustion_0,Hopelessness-Driven Cognitive Exhaustion,Learned helplessness loop,landmark,29,0.06283185307179587,3.141592653589793,0.19344424626135137,3.141592653589793,6.75,14.342317581176758,0.4706352346331308,50493.64453125
identity-focused_life_narrative_0,Identity-Focused Life Narrative,Autobiographical integration,landmark,1,0.06283185307179587,3.141592653589793,0.19344424626135137,3.141592653589793,15.6875,29.892230987548828,0.5248019127958163,1219.919677734375
identity-focused_life_narrative_0,Identity-Focused Life Narrative,Autobiographical integration,landmark,5,0.06283185307179587,3.141592653589793,0.19344424626135137,3.141592653589793,24.5,51.80543899536133,0.47292331606713606,2247.157470703125
identity-focused_life_narrative_0,Identity-Focused Life Narrative,Autobiographical integration,landmark,7,0.0,0.0,0.0,0.0,26.625,26.625,1.0,3227.07421875
identity-focused_life_narrative_0,Identity-Focused Life Narrative,Autobiographical integration,landmark,11,0.06283185307179587,3.141592653589793,0.19344424626135137,3.141592653589793,2.6875,8.442914962768555,0.31831423292207717,17438.318359375
identity-focused_life_narrative_0,Identity-Focused Life Narrative,Autobiographical integration,landmark,15,0.0,0.0,0.0,0.0,22.796875,22.796875059604645,0.9999999973854028,26578.134765625
identity-focused_life_narrative_0,Identity-Focused Life Narrative,Autobiographical integration,landmark,22,0.06283185307179587,3.141592653589793,0.19344424626135137,3.141592653589793,10.0,25.674842834472656,0.3894863179677724,30700.005859375
identity-focused_life_narrative_0,Identity-Focused Life Narrative,Autobiographical integration,landmark,27,0.06283185307179587,3.141592653589793,0.19344424626135137,3.141592653589793,2.25,51.22865676879883,0.04392072995695601,39839.65234375
identity-focused_life_narrative_0,Identity-Focused Life Narrative,Autobiographical integration,landmark,29,0.06283185307179587,3.141592653589793,0.19344424626135137,3.141592653589793,15.7734375,16.75379180908203,0.9414846310462929,46379.078125
identity-focused_life_narrative_0,Identity-Focused Life Narrative,Autobiographical integration,landmark,1,0.06283185307179587,3.141592653589793,0.19344424626135137,3.141592653589793,15.6875,29.892230987548828,0.5248019127958163,1219.919677734375
identity-focused_life_narrative_0,Identity-Focused Life Narrative,Autobiographical integration,landmark,5,0.06283185307179587,3.141592653589793,0.19344424626135137,3.141592653589793,24.5,51.80543899536133,0.47292331606713606,2247.157470703125
identity-focused_life_narrative_0,Identity-Focused Life Narrative,Autobiographical integration,landmark,7,0.0,0.0,0.0,0.0,26.625,26.625,1.0,3227.07421875
identity-focused_life_narrative_0,Identity-Focused Life Narrative,Autobiographical integration,landmark,11,0.06283185307179587,3.141592653589793,0.19344424626135137,3.141592653589793,2.6875,8.442914962768555,0.31831423292207717,17438.318359375
identity-focused_life_narrative_0,Identity-Focused Life Narrative,Autobiographical integration,landmark,15,0.0,0.0,0.0,0.0,22.796875,22.796875059604645,0.9999999973854028,26578.134765625
identity-focused_life_narrative_0,Identity-Focused Life Narrative,Autobiographical integration,landmark,22,0.06283185307179587,3.141592653589793,0.19344424626135137,3.141592653589793,10.0,25.674842834472656,0.3894863179677724,30700.005859375
identity-focused_life_narrative_0,Identity-Focused Life Narrative,Autobiographical integration,landmark,27,0.06283185307179587,3.141592653589793,0.19344424626135137,3.141592653589793,2.25,51.22865676879883,0.04392072995695601,39839.65234375
identity-focused_life_narrative_0,Identity-Focused Life Narrative,Autobiographical integration,landmark,29,0.06283185307179587,3.141592653589793,0.19344424626135137,3.141592653589793,15.7734375,16.75379180908203,0.9414846310462929,46379.078125
identity-focused_life_narrative_0,Identity-Focused Life Narrative,Autobiographical integration,landmark,1,0.06283185307179587,3.141592653589793,0.19344424626135137,3.141592653589793,15.6875,29.892230987548828,0.5248019127958163,1219.919677734375
identity-focused_life_narrative_0,Identity-Focused Life Narrative,Autobiographical integration,landmark,5,0.06283185307179587,3.141592653589793,0.19344424626135137,3.141592653589793,24.5,51.80543899536133,0.47292331606713606,2247.157470703125
identity-focused_life_narrative_0,Identity-Focused Life Narrative,Autobiographical integration,landmark,7,0.0,0.0,0.0,0.0,26.625,26.625,1.0,3227.07421875
identity-focused_life_narrative_0,Identity-Focused Life Narrative,Autobiographical integration,landmark,11,0.06283185307179587,3.141592653589793,0.19344424626135137,3.141592653589793,2.6875,8.442914962768555,0.31831423292207717,17438.318359375
identity-focused_life_narrative_0,Identity-Focused Life Narrative,Autobiographical integration,landmark,15,0.0,0.0,0.0,0.0,22.796875,22.796875059604645,0.9999999973854028,26578.134765625
identity-focused_life_narrative_0,Identity-Focused Life Narrative,Autobiographical integration,landmark,22,0.06283185307179587,3.141592653589793,0.19344424626135137,3.141592653589793,10.0,25.674842834472656,0.3894863179677724,30700.005859375
identity-focused_life_narrative_0,Identity-Focused Life Narrative,Autobiographical integration,landmark,27,0.06283185307179587,3.141592653589793,0.19344424626135137,3.141592653589793,2.25,51.22865676879883,0.04392072995695601,39839.65234375
identity-focused_life_narrative_0,Identity-Focused Life Narrative,Autobiographical integration,landmark,29,0.06283185307179587,3.141592653589793,0.19344424626135137,3.141592653589793,15.7734375,16.75379180908203,0.9414846310462929,46379.078125
identity-focused_life_narrative_0,Identity-Focused Life Narrative,Autobiographical integration,landmark,1,0.06283185307179587,3.141592653589793,0.19344424626135137,3.141592653589793,15.6875,29.892230987548828,0.5248019127958163,1219.919677734375
identity-focused_life_narrative_0,Identity-Focused Life Narrative,Autobiographical integration,landmark,5,0.06283185307179587,3.141592653589793,0.19344424626135137,3.141592653589793,24.5,51.80543899536133,0.47292331606713606,2247.157470703125
identity-focused_life_narrative_0,Identity-Focused Life Narrative,Autobiographical integration,landmark,7,0.0,0.0,0.0,0.0,26.625,26.625,1.0,3227.07421875
identity-focused_life_narrative_0,Identity-Focused Life Narrative,Autobiographical integration,landmark,11,0.06283185307179587,3.141592653589793,0.19344424626135137,3.141592653589793,2.6875,8.442914962768555,0.31831423292207717,17438.318359375
identity-focused_life_narrative_0,Identity-Focused Life Narrative,Autobiographical integration,landmark,15,0.0,0.0,0.0,0.0,22.796875,22.796875059604645,0.9999999973854028,26578.134765625
identity-focused_life_narrative_0,Identity-Focused Life Narrative,Autobiographical integration,landmark,22,0.06283185307179587,3.141592653589793,0.19344424626135137,3.141592653589793,10.0,25.674842834472656,0.3894863179677724,30700.005859375
identity-focused_life_narrative_0,Identity-Focused Life Narrative,Autobiographical integration,landmark,27,0.06283185307179587,3.141592653589793,0.19344424626135137,3.141592653589793,2.25,51.22865676879883,0.04392072995695601,39839.65234375
identity-focused_life_narrative_0,Identity-Focused Life Narrative,Autobiographical integration,landmark,29,0.06283185307179587,3.141592653589793,0.19344424626135137,3.141592653589793,15.7734375,16.75379180908203,0.9414846310462929,46379.078125
identity-focused_life_narrative_0,Identity-Focused Life Narrative,Autobiographical integration,landmark,1,0.06283185307179587,3.141592653589793,0.19344424626135137,3.141592653589793,15.6875,29.892230987548828,0.5248019127958163,1219.919677734375
identity-focused_life_narrative_0,Identity-Focused Life Narrative,Autobiographical integration,landmark,5,0.06283185307179587,3.141592653589793,0.19344424626135137,3.141592653589793,24.5,51.80543899536133,0.47292331606713606,2247.157470703125
identity-focused_life_narrative_0,Identity-Focused Life Narrative,Autobiographical integration,landmark,7,0.0,0.0,0.0,0.0,26.625,26.625,1.0,3227.07421875
identity-focused_life_narrative_0,Identity-Focused Life Narrative,Autobiographical integration,landmark,11,0.06283185307179587,3.141592653589793,0.19344424626135137,3.141592653589793,2.6875,8.442914962768555,0.31831423292207717,17438.318359375
identity-focused_life_narrative_0,Identity-Focused Life Narrative,Autobiographical integration,landmark,15,0.0,0.0,0.0,0.0,22.796875,22.796875059604645,0.9999999973854028,26578.134765625
identity-focused_life_narrative_0,Identity-Focused Life Narrative,Autobiographical integration,landmark,22,0.06283185307179587,3.141592653589793,0.19344424626135137,3.141592653589793,10.0,25.674842834472656,0.3894863179677724,30700.005859375
identity-focused_life_narrative_0,Identity-Focused Life Narrative,Autobiographical integration,landmark,27,0.06283185307179587,3.141592653589793,0.19344424626135137,3.141592653589793,2.25,51.22865676879883,0.04392072995695601,39839.65234375
identity-focused_life_narrative_0,Identity-Focused Life Narrative,Autobiographical integration,landmark,29,0.06283185307179587,3.141592653589793,0.19344424626135137,3.141592653589793,15.7734375,16.75379180908203,0.9414846310462929,46379.078125
identity-focused_life_narrative_0,Identity-Focused Life Narrative,Autobiographical integration,landmark,1,0.06283185307179587,3.141592653589793,0.19344424626135137,3.141592653589793,15.6875,29.892230987548828,0.5248019127958163,1219.919677734375
identity-focused_life_narrative_0,Identity-Focused Life Narrative,Autobiographical integration,landmark,5,0.06283185307179587,3.141592653589793,0.19344424626135137,3.141592653589793,24.5,51.80543899536133,0.47292331606713606,2247.157470703125
identity-focused_life_narrative_0,Identity-Focused Life Narrative,Autobiographical integration,landmark,7,0.0,0.0,0.0,0.0,26.625,26.625,1.0,3227.07421875
identity-focused_life_narrative_0,Identity-Focused Life Narrative,Autobiographical integration,landmark,11,0.06283185307179587,3.141592653589793,0.19344424626135137,3.141592653589793,2.6875,8.442914962768555,0.31831423292207717,17438.318359375
identity-focused_life_narrative_0,Identity-Focused Life Narrative,Autobiographical integration,landmark,15,0.0,0.0,0.0,0.0,22.796875,22.796875059604645,0.9999999973854028,26578.134765625
identity-focused_life_narrative_0,Identity-Focused Life Narrative,Autobiographical integration,landmark,22,0.06283185307179587,3.141592653589793,0.19344424626135137,3.141592653589793,10.0,25.674842834472656,0.3894863179677724,30700.005859375
identity-focused_life_narrative_0,Identity-Focused Life Narrative,Autobiographical integration,landmark,27,0.06283185307179587,3.141592653589793,0.19344424626135137,3.141592653589793,2.25,51.22865676879883,0.04392072995695601,39839.65234375
identity-focused_life_narrative_0,Identity-Focused Life Narrative,Autobiographical integration,landmark,29,0.06283185307179587,3.141592653589793,0.19344424626135137,3.141592653589793,15.7734375,16.75379180908203,0.9414846310462929,46379.078125
identity-focused_life_narrative_0,Identity-Focused Life Narrative,Autobiographical integration,landmark,1,0.06283185307179587,3.141592653589793,0.19344424626135137,3.141592653589793,15.6875,29.892230987548828,0.5248019127958163,1219.919677734375
identity-focused_life_narrative_0,Identity-Focused Life Narrative,Autobiographical integration,landmark,5,0.06283185307179587,3.141592653589793,0.19344424626135137,3.141592653589793,24.5,51.80543899536133,0.47292331606713606,2247.157470703125
identity-focused_life_narrative_0,Identity-Focused Life Narrative,Autobiographical integration,landmark,7,0.0,0.0,0.0,0.0,26.625,26.625,1.0,3227.07421875
identity-focused_life_narrative_0,Identity-Focused Life Narrative,Autobiographical integration,landmark,11,0.06283185307179587,3.141592653589793,0.19344424626135137,3.141592653589793,2.6875,8.442914962768555,0.31831423292207717,17438.318359375
identity-focused_life_narrative_0,Identity-Focused Life Narrative,Autobiographical integration,landmark,15,0.0,0.0,0.0,0.0,22.796875,22.796875059604645,0.9999999973854028,26578.134765625
identity-focused_life_narrative_0,Identity-Focused Life Narrative,Autobiographical integration,landmark,22,0.06283185307179587,3.141592653589793,0.19344424626135137,3.141592653589793,10.0,25.674842834472656,0.3894863179677724,30700.005859375
identity-focused_life_narrative_0,Identity-Focused Life Narrative,Autobiographical integration,landmark,27,0.06283185307179587,3.141592653589793,0.19344424626135137,3.141592653589793,2.25,51.22865676879883,0.04392072995695601,39839.65234375
identity-focused_life_narrative_0,Identity-Focused Life Narrative,Autobiographical integration,landmark,29,0.06283185307179587,3.141592653589793,0.19344424626135137,3.141592653589793,15.7734375,16.75379180908203,0.9414846310462929,46379.078125
identity-focused_life_narrative_0,Identity-Focused Life Narrative,Autobiographical integration,landmark,1,0.06283185307179587,3.141592653589793,0.19344424626135137,3.141592653589793,15.6875,29.892230987548828,0.5248019127958163,1219.919677734375
identity-focused_life_narrative_0,Identity-Focused Life Narrative,Autobiographical integration,landmark,5,0.06283185307179587,3.141592653589793,0.19344424626135137,3.141592653589793,24.5,51.80543899536133,0.47292331606713606,2247.157470703125
identity-focused_life_narrative_0,Identity-Focused Life Narrative,Autobiographical integration,landmark,7,0.0,0.0,0.0,0.0,26.625,26.625,1.0,3227.07421875
identity-focused_life_narrative_0,Identity-Focused Life Narrative,Autobiographical integration,landmark,11,0.06283185307179587,3.141592653589793,0.19344424626135137,3.141592653589793,2.6875,8.442914962768555,0.31831423292207717,17438.318359375
identity-focused_life_narrative_0,Identity-Focused Life Narrative,Autobiographical integration,landmark,15,0.0,0.0,0.0,0.0,22.796875,22.796875059604645,0.9999999973854028,26578.134765625
identity-focused_life_narrative_0,Identity-Focused Life Narrative,Autobiographical integration,landmark,22,0.06283185307179587,3.141592653589793,0.19344424626135137,3.141592653589793,10.0,25.674842834472656,0.3894863179677724,30700.005859375
identity-focused_life_narrative_0,Identity-Focused Life Narrative,Autobiographical integration,landmark,27,0.06283185307179587,3.141592653589793,0.19344424626135137,3.141592653589793,2.25,51.22865676879883,0.04392072995695601,39839.65234375
identity-focused_life_narrative_0,Identity-Focused Life Narrative,Autobiographical integration,landmark,29,0.06283185307179587,3.141592653589793,0.19344424626135137,3.141592653589793,15.7734375,16.75379180908203,0.9414846310462929,46379.078125
identity-focused_life_narrative_0,Identity-Focused Life Narrative,Autobiographical integration,landmark,1,0.06283185307179587,3.141592653589793,0.19344424626135137,3.141592653589793,15.6875,29.892230987548828,0.5248019127958163,1219.919677734375
identity-focused_life_narrative_0,Identity-Focused Life Narrative,Autobiographical integration,landmark,5,0.06283185307179587,3.141592653589793,0.19344424626135137,3.141592653589793,24.5,51.80543899536133,0.47292331606713606,2247.157470703125
identity-focused_life_narrative_0,Identity-Focused Life Narrative,Autobiographical integration,landmark,7,0.0,0.0,0.0,0.0,26.625,26.625,1.0,3227.07421875
identity-focused_life_narrative_0,Identity-Focused Life Narrative,Autobiographical integration,landmark,11,0.06283185307179587,3.141592653589793,0.19344424626135137,3.141592653589793,2.6875,8.442914962768555,0.31831423292207717,17438.318359375
identity-focused_life_narrative_0,Identity-Focused Life Narrative,Autobiographical integration,landmark,15,0.0,0.0,0.0,0.0,22.796875,22.796875059604645,0.9999999973854028,26578.134765625
identity-focused_life_narrative_0,Identity-Focused Life Narrative,Autobiographical integration,landmark,22,0.06283185307179587,3.141592653589793,0.19344424626135137,3.141592653589793,10.0,25.674842834472656,0.3894863179677724,30700.005859375
identity-focused_life_narrative_0,Identity-Focused Life Narrative,Autobiographical integration,landmark,27,0.06283185307179587,3.141592653589793,0.19344424626135137,3.141592653589793,2.25,51.22865676879883,0.04392072995695601,39839.65234375
identity-focused_life_narrative_0,Identity-Focused Life Narrative,Autobiographical integration,landmark,29,0.06283185307179587,3.141592653589793,0.19344424626135137,3.141592653589793,15.7734375,16.75379180908203,0.9414846310462929,46379.078125
identity-focused_life_narrative_0,Identity-Focused Life Narrative,Autobiographical integration,landmark,1,0.06283185307179587,3.141592653589793,0.19344424626135137,3.141592653589793,15.6875,29.892230987548828,0.5248019127958163,1219.919677734375
identity-focused_life_narrative_0,Identity-Focused Life Narrative,Autobiographical integration,landmark,5,0.06283185307179587,3.141592653589793,0.19344424626135137,3.141592653589793,24.5,51.80543899536133,0.47292331606713606,2247.157470703125
identity-focused_life_narrative_0,Identity-Focused Life Narrative,Autobiographical integration,landmark,7,0.0,0.0,0.0,0.0,26.625,26.625,1.0,3227.07421875
identity-focused_life_narrative_0,Identity-Focused Life Narrative,Autobiographical integration,landmark,11,0.06283185307179587,3.141592653589793,0.19344424626135137,3.141592653589793,2.6875,8.442914962768555,0.31831423292207717,17438.318359375
identity-focused_life_narrative_0,Identity-Focused Life Narrative,Autobiographical integration,landmark,15,0.0,0.0,0.0,0.0,22.796875,22.796875059604645,0.9999999973854028,26578.134765625
identity-focused_life_narrative_0,Identity-Focused Life Narrative,Autobiographical integration,landmark,22,0.06283185307179587,3.141592653589793,0.19344424626135137,3.141592653589793,10.0,25.674842834472656,0.3894863179677724,30700.005859375
identity-focused_life_narrative_0,Identity-Focused Life Narrative,Autobiographical integration,landmark,27,0.06283185307179587,3.141592653589793,0.19344424626135137,3.141592653589793,2.25,51.22865676879883,0.04392072995695601,39839.65234375
identity-focused_life_narrative_0,Identity-Focused Life Narrative,Autobiographical integration,landmark,29,0.06283185307179587,3.141592653589793,0.19344424626135137,3.141592653589793,15.7734375,16.75379180908203,0.9414846310462929,46379.078125
identity-focused_life_narrative_0,Identity-Focused Life Narrative,Autobiographical integration,landmark,1,0.06283185307179587,3.141592653589793,0.19344424626135137,3.141592653589793,15.6875,29.892230987548828,0.5248019127958163,1219.919677734375
identity-focused_life_narrative_0,Identity-Focused Life Narrative,Autobiographical integration,landmark,5,0.06283185307179587,3.141592653589793,0.19344424626135137,3.141592653589793,24.5,51.80543899536133,0.47292331606713606,2247.157470703125
identity-focused_life_narrative_0,Identity-Focused Life Narrative,Autobiographical integration,landmark,7,0.0,0.0,0.0,0.0,26.625,26.625,1.0,3227.07421875
identity-focused_life_narrative_0,Identity-Focused Life Narrative,Autobiographical integration,landmark,11,0.06283185307179587,3.141592653589793,0.19344424626135137,3.141592653589793,2.6875,8.442914962768555,0.31831423292207717,17438.318359375
identity-focused_life_narrative_0,Identity-Focused Life Narrative,Autobiographical integration,landmark,15,0.0,0.0,0.0,0.0,22.796875,22.796875059604645,0.9999999973854028,26578.134765625
identity-focused_life_narrative_0,Identity-Focused Life Narrative,Autobiographical integration,landmark,22,0.06283185307179587,3.141592653589793,0.19344424626135137,3.141592653589793,10.0,25.674842834472656,0.3894863179677724,30700.005859375
identity-focused_life_narrative_0,Identity-Focused Life Narrative,Autobiographical integration,landmark,27,0.06283185307179587,3.141592653589793,0.19344424626135137,3.141592653589793,2.25,51.22865676879883,0.04392072995695601,39839.65234375
identity-focused_life_narrative_0,Identity-Focused Life Narrative,Autobiographical integration,landmark,29,0.06283185307179587,3.141592653589793,0.19344424626135137,3.141592653589793,15.7734375,16.75379180908203,0.9414846310462929,46379.078125
identity-focused_life_narrative_0,Identity-Focused Life Narrative,Autobiographical integration,landmark,1,0.06283185307179587,3.141592653589793,0.19344424626135137,3.141592653589793,15.6875,29.892230987548828,0.5248019127958163,1219.919677734375
identity-focused_life_narrative_0,Identity-Focused Life Narrative,Autobiographical integration,landmark,5,0.06283185307179587,3.141592653589793,0.19344424626135137,3.141592653589793,24.5,51.80543899536133,0.47292331606713606,2247.157470703125
identity-focused_life_narrative_0,Identity-Focused Life Narrative,Autobiographical integration,landmark,7,0.0,0.0,0.0,0.0,26.625,26.625,1.0,3227.07421875
identity-focused_life_narrative_0,Identity-Focused Life Narrative,Autobiographical integration,landmark,11,0.06283185307179587,3.141592653589793,0.19344424626135137,3.141592653589793,2.6875,8.442914962768555,0.31831423292207717,17438.318359375
identity-focused_life_narrative_0,Identity-Focused Life Narrative,Autobiographical integration,landmark,15,0.0,0.0,0.0,0.0,22.796875,22.796875059604645,0.9999999973854028,26578.134765625
identity-focused_life_narrative_0,Identity-Focused Life Narrative,Autobiographical integration,landmark,22,0.06283185307179587,3.141592653589793,0.19344424626135137,3.141592653589793,10.0,25.674842834472656,0.3894863179677724,30700.005859375
identity-focused_life_narrative_0,Identity-Focused Life Narrative,Autobiographical integration,landmark,27,0.06283185307179587,3.141592653589793,0.19344424626135137,3.141592653589793,2.25,51.22865676879883,0.04392072995695601,39839.65234375
identity-focused_life_narrative_0,Identity-Focused Life Narrative,Autobiographical integration,landmark,29,0.06283185307179587,3.141592653589793,0.19344424626135137,3.141592653589793,15.7734375,16.75379180908203,0.9414846310462929,46379.078125
identity-focused_life_narrative_0,Identity-Focused Life Narrative,Autobiographical integration,landmark,1,0.06283185307179587,3.141592653589793,0.19344424626135137,3.141592653589793,15.6875,29.892230987548828,0.5248019127958163,1219.919677734375
identity-focused_life_narrative_0,Identity-Focused Life Narrative,Autobiographical integration,landmark,5,0.06283185307179587,3.141592653589793,0.19344424626135137,3.141592653589793,24.5,51.80543899536133,0.47292331606713606,2247.157470703125
identity-focused_life_narrative_0,Identity-Focused Life Narrative,Autobiographical integration,landmark,7,0.0,0.0,0.0,0.0,26.625,26.625,1.0,3227.07421875
identity-focused_life_narrative_0,Identity-Focused Life Narrative,Autobiographical integration,landmark,11,0.06283185307179587,3.141592653589793,0.19344424626135137,3.141592653589793,2.6875,8.442914962768555,0.31831423292207717,17438.318359375
identity-focused_life_narrative_0,Identity-Focused Life Narrative,Autobiographical integration,landmark,15,0.0,0.0,0.0,0.0,22.796875,22.796875059604645,0.9999999973854028,26578.134765625
identity-focused_life_narrative_0,Identity-Focused Life Narrative,Autobiographical integration,landmark,22,0.06283185307179587,3.141592653589793,0.19344424626135137,3.141592653589793,10.0,25.674842834472656,0.3894863179677724,30700.005859375
identity-focused_life_narrative_0,Identity-Focused Life Narrative,Autobiographical integration,landmark,27,0.06283185307179587,3.141592653589793,0.19344424626135137,3.141592653589793,2.25,51.22865676879883,0.04392072995695601,39839.65234375
identity-focused_life_narrative_0,Identity-Focused Life Narrative,Autobiographical integration,landmark,29,0.06283185307179587,3.141592653589793,0.19344424626135137,3.141592653589793,15.7734375,16.75379180908203,0.9414846310462929,46379.078125
identity-focused_life_narrative_0,Identity-Focused Life Narrative,Autobiographical integration,landmark,1,0.06283185307179587,3.141592653589793,0.19344424626135137,3.141592653589793,15.6875,29.892230987548828,0.5248019127958163,1219.919677734375
identity-focused_life_narrative_0,Identity-Focused Life Narrative,Autobiographical integration,landmark,5,0.06283185307179587,3.141592653589793,0.19344424626135137,3.141592653589793,24.5,51.80543899536133,0.47292331606713606,2247.157470703125
identity-focused_life_narrative_0,Identity-Focused Life Narrative,Autobiographical integration,landmark,7,0.0,0.0,0.0,0.0,26.625,26.625,1.0,3227.07421875
identity-focused_life_narrative_0,Identity-Focused Life Narrative,Autobiographical integration,landmark,11,0.06283185307179587,3.141592653589793,0.19344424626135137,3.141592653589793,2.6875,8.442914962768555,0.31831423292207717,17438.318359375
identity-focused_life_narrative_0,Identity-Focused Life Narrative,Autobiographical integration,landmark,15,0.0,0.0,0.0,0.0,22.796875,22.796875059604645,0.9999999973854028,26578.134765625
identity-focused_life_narrative_0,Identity-Focused Life Narrative,Autobiographical integration,landmark,22,0.06283185307179587,3.141592653589793,0.19344424626135137,3.141592653589793,10.0,25.674842834472656,0.3894863179677724,30700.005859375
identity-focused_life_narrative_0,Identity-Focused Life Narrative,Autobiographical integration,landmark,27,0.06283185307179587,3.141592653589793,0.19344424626135137,3.141592653589793,2.25,51.22865676879883,0.04392072995695601,39839.65234375
identity-focused_life_narrative_0,Identity-Focused Life Narrative,Autobiographical integration,landmark,29,0.06283185307179587,3.141592653589793,0.19344424626135137,3.141592653589793,15.7734375,16.75379180908203,0.9414846310462929,46379.078125
identity-focused_life_narrative_0,Identity-Focused Life Narrative,Autobiographical integration,landmark,1,0.06283185307179587,3.141592653589793,0.19344424626135137,3.141592653589793,15.6875,29.892230987548828,0.5248019127958163,1219.919677734375
identity-focused_life_narrative_0,Identity-Focused Life Narrative,Autobiographical integration,landmark,5,0.06283185307179587,3.141592653589793,0.19344424626135137,3.141592653589793,24.5,51.80543899536133,0.47292331606713606,2247.157470703125
identity-focused_life_narrative_0,Identity-Focused Life Narrative,Autobiographical integration,landmark,7,0.0,0.0,0.0,0.0,26.625,26.625,1.0,3227.07421875
identity-focused_life_narrative_0,Identity-Focused Life Narrative,Autobiographical integration,landmark,11,0.06283185307179587,3.141592653589793,0.19344424626135137,3.141592653589793,2.6875,8.442914962768555,0.31831423292207717,17438.318359375
identity-focused_life_narrative_0,Identity-Focused Life Narrative,Autobiographical integration,landmark,15,0.0,0.0,0.0,0.0,22.796875,22.796875059604645,0.9999999973854028,26578.134765625
identity-focused_life_narrative_0,Identity-Focused Life Narrative,Autobiographical integration,landmark,22,0.06283185307179587,3.141592653589793,0.19344424626135137,3.141592653589793,10.0,25.674842834472656,0.3894863179677724,30700.005859375
identity-focused_life_narrative_0,Identity-Focused Life Narrative,Autobiographical integration,landmark,27,0.06283185307179587,3.141592653589793,0.19344424626135137,3.141592653589793,2.25,51.22865676879883,0.04392072995695601,39839.65234375
identity-focused_life_narrative_0,Identity-Focused Life Narrative,Autobiographical integration,landmark,29,0.06283185307179587,3.141592653589793,0.19344424626135137,3.141592653589793,15.7734375,16.75379180908203,0.9414846310462929,46379.078125
identity-focused_life_narrative_0,Identity-Focused Life Narrative,Autobiographical integration,landmark,1,0.06283185307179587,3.141592653589793,0.19344424626135137,3.141592653589793,15.6875,29.892230987548828,0.5248019127958163,1219.919677734375
identity-focused_life_narrative_0,Identity-Focused Life Narrative,Autobiographical integration,landmark,5,0.06283185307179587,3.141592653589793,0.19344424626135137,3.141592653589793,24.5,51.80543899536133,0.47292331606713606,2247.157470703125
identity-focused_life_narrative_0,Identity-Focused Life Narrative,Autobiographical integration,landmark,7,0.0,0.0,0.0,0.0,26.625,26.625,1.0,3227.07421875
identity-focused_life_narrative_0,Identity-Focused Life Narrative,Autobiographical integration,landmark,11,0.06283185307179587,3.141592653589793,0.19344424626135137,3.141592653589793,2.6875,8.442914962768555,0.31831423292207717,17438.318359375
identity-focused_life_narrative_0,Identity-Focused Life Narrative,Autobiographical integration,landmark,15,0.0,0.0,0.0,0.0,22.796875,22.796875059604645,0.9999999973854028,26578.134765625
identity-focused_life_narrative_0,Identity-Focused Life Narrative,Autobiographical integration,landmark,22,0.06283185307179587,3.141592653589793,0.19344424626135137,3.141592653589793,10.0,25.674842834472656,0.3894863179677724,30700.005859375
identity-focused_life_narrative_0,Identity-Focused Life Narrative,Autobiographical integration,landmark,27,0.06283185307179587,3.141592653589793,0.19344424626135137,3.141592653589793,2.25,51.22865676879883,0.04392072995695601,39839.65234375
identity-focused_life_narrative_0,Identity-Focused Life Narrative,Autobiographical integration,landmark,29,0.06283185307179587,3.141592653589793,0.19344424626135137,3.141592653589793,15.7734375,16.75379180908203,0.9414846310462929,46379.078125
identity-focused_life_narrative_0,Identity-Focused Life Narrative,Autobiographical integration,landmark,1,0.06283185307179587,3.141592653589793,0.19344424626135137,3.141592653589793,15.6875,29.892230987548828,0.5248019127958163,1219.919677734375
identity-focused_life_narrative_0,Identity-Focused Life Narrative,Autobiographical integration,landmark,5,0.06283185307179587,3.141592653589793,0.19344424626135137,3.141592653589793,24.5,51.80543899536133,0.47292331606713606,2247.157470703125
identity-focused_life_narrative_0,Identity-Focused Life Narrative,Autobiographical integration,landmark,7,0.0,0.0,0.0,0.0,26.625,26.625,1.0,3227.07421875
identity-focused_life_narrative_0,Identity-Focused Life Narrative,Autobiographical integration,landmark,11,0.06283185307179587,3.141592653589793,0.19344424626135137,3.141592653589793,2.6875,8.442914962768555,0.31831423292207717,17438.318359375
identity-focused_life_narrative_0,Identity-Focused Life Narrative,Autobiographical integration,landmark,15,0.0,0.0,0.0,0.0,22.796875,22.796875059604645,0.9999999973854028,26578.134765625
identity-focused_life_narrative_0,Identity-Focused Life Narrative,Autobiographical integration,landmark,22,0.06283185307179587,3.141592653589793,0.19344424626135137,3.141592653589793,10.0,25.674842834472656,0.3894863179677724,30700.005859375
identity-focused_life_narrative_0,Identity-Focused Life Narrative,Autobiographical integration,landmark,27,0.06283185307179587,3.141592653589793,0.19344424626135137,3.141592653589793,2.25,51.22865676879883,0.04392072995695601,39839.65234375
identity-focused_life_narrative_0,Identity-Focused Life Narrative,Autobiographical integration,landmark,29,0.06283185307179587,3.141592653589793,0.19344424626135137,3.141592653589793,15.7734375,16.75379180908203,0.9414846310462929,46379.078125
identity-focused_life_narrative_0,Identity-Focused Life Narrative,Autobiographical integration,landmark,1,0.06283185307179587,3.141592653589793,0.19344424626135137,3.141592653589793,15.6875,29.892230987548828,0.5248019127958163,1219.919677734375
identity-focused_life_narrative_0,Identity-Focused Life Narrative,Autobiographical integration,landmark,5,0.06283185307179587,3.141592653589793,0.19344424626135137,3.141592653589793,24.5,51.80543899536133,0.47292331606713606,2247.157470703125
identity-focused_life_narrative_0,Identity-Focused Life Narrative,Autobiographical integration,landmark,7,0.0,0.0,0.0,0.0,26.625,26.625,1.0,3227.07421875
identity-focused_life_narrative_0,Identity-Focused Life Narrative,Autobiographical integration,landmark,11,0.06283185307179587,3.141592653589793,0.19344424626135137,3.141592653589793,2.6875,8.442914962768555,0.31831423292207717,17438.318359375
identity-focused_life_narrative_0,Identity-Focused Life Narrative,Autobiographical integration,landmark,15,0.0,0.0,0.0,0.0,22.796875,22.796875059604645,0.9999999973854028,26578.134765625
identity-focused_life_narrative_0,Identity-Focused Life Narrative,Autobiographical integration,landmark,22,0.06283185307179587,3.141592653589793,0.19344424626135137,3.141592653589793,10.0,25.674842834472656,0.3894863179677724,30700.005859375
identity-focused_life_narrative_0,Identity-Focused Life Narrative,Autobiographical integration,landmark,27,0.06283185307179587,3.141592653589793,0.19344424626135137,3.141592653589793,2.25,51.22865676879883,0.04392072995695601,39839.65234375
identity-focused_life_narrative_0,Identity-Focused Life Narrative,Autobiographical integration,landmark,29,0.06283185307179587,3.141592653589793,0.19344424626135137,3.141592653589793,15.7734375,16.75379180908203,0.9414846310462929,46379.078125
identity-focused_life_narrative_0,Identity-Focused Life Narrative,Autobiographical integration,landmark,1,0.06283185307179587,3.141592653589793,0.19344424626135137,3.141592653589793,15.6875,29.892230987548828,0.5248019127958163,1219.919677734375
identity-focused_life_narrative_0,Identity-Focused Life Narrative,Autobiographical integration,landmark,5,0.06283185307179587,3.141592653589793,0.19344424626135137,3.141592653589793,24.5,51.80543899536133,0.47292331606713606,2247.157470703125
identity-focused_life_narrative_0,Identity-Focused Life Narrative,Autobiographical integration,landmark,7,0.0,0.0,0.0,0.0,26.625,26.625,1.0,3227.07421875
identity-focused_life_narrative_0,Identity-Focused Life Narrative,Autobiographical integration,landmark,11,0.06283185307179587,3.141592653589793,0.19344424626135137,3.141592653589793,2.6875,8.442914962768555,0.31831423292207717,17438.318359375
identity-focused_life_narrative_0,Identity-Focused Life Narrative,Autobiographical integration,landmark,15,0.0,0.0,0.0,0.0,22.796875,22.796875059604645,0.9999999973854028,26578.134765625
identity-focused_life_narrative_0,Identity-Focused Life Narrative,Autobiographical integration,landmark,22,0.06283185307179587,3.141592653589793,0.19344424626135137,3.141592653589793,10.0,25.674842834472656,0.3894863179677724,30700.005859375
identity-focused_life_narrative_0,Identity-Focused Life Narrative,Autobiographical integration,landmark,27,0.06283185307179587,3.141592653589793,0.19344424626135137,3.141592653589793,2.25,51.22865676879883,0.04392072995695601,39839.65234375
identity-focused_life_narrative_0,Identity-Focused Life Narrative,Autobiographical integration,landmark,29,0.06283185307179587,3.141592653589793,0.19344424626135137,3.141592653589793,15.7734375,16.75379180908203,0.9414846310462929,46379.078125
identity-focused_life_narrative_0,Identity-Focused Life Narrative,Autobiographical integration,landmark,1,0.06283185307179587,3.141592653589793,0.19344424626135137,3.141592653589793,15.6875,29.892230987548828,0.5248019127958163,1219.919677734375
identity-focused_life_narrative_0,Identity-Focused Life Narrative,Autobiographical integration,landmark,5,0.06283185307179587,3.141592653589793,0.19344424626135137,3.141592653589793,24.5,51.80543899536133,0.47292331606713606,2247.157470703125
identity-focused_life_narrative_0,Identity-Focused Life Narrative,Autobiographical integration,landmark,7,0.0,0.0,0.0,0.0,26.625,26.625,1.0,3227.07421875
identity-focused_life_narrative_0,Identity-Focused Life Narrative,Autobiographical integration,landmark,11,0.06283185307179587,3.141592653589793,0.19344424626135137,3.141592653589793,2.6875,8.442914962768555,0.31831423292207717,17438.318359375
identity-focused_life_narrative_0,Identity-Focused Life Narrative,Autobiographical integration,landmark,15,0.0,0.0,0.0,0.0,22.796875,22.796875059604645,0.9999999973854028,26578.134765625
identity-focused_life_narrative_0,Identity-Focused Life Narrative,Autobiographical integration,landmark,22,0.06283185307179587,3.141592653589793,0.19344424626135137,3.141592653589793,10.0,25.674842834472656,0.3894863179677724,30700.005859375
identity-focused_life_narrative_0,Identity-Focused Life Narrative,Autobiographical integration,landmark,27,0.06283185307179587,3.141592653589793,0.19344424626135137,3.141592653589793,2.25,51.22865676879883,0.04392072995695601,39839.65234375
identity-focused_life_narrative_0,Identity-Focused Life Narrative,Autobiographical integration,landmark,29,0.06283185307179587,3.141592653589793,0.19344424626135137,3.141592653589793,15.7734375,16.75379180908203,0.9414846310462929,46379.078125
identity-focused_life_narrative_0,Identity-Focused Life Narrative,Autobiographical integration,landmark,1,0.06283185307179587,3.141592653589793,0.19344424626135137,3.141592653589793,15.6875,29.892230987548828,0.5248019127958163,1219.919677734375
identity-focused_life_narrative_0,Identity-Focused Life Narrative,Autobiographical integration,landmark,5,0.06283185307179587,3.141592653589793,0.19344424626135137,3.141592653589793,24.5,51.80543899536133,0.47292331606713606,2247.157470703125
identity-focused_life_narrative_0,Identity-Focused Life Narrative,Autobiographical integration,landmark,7,0.0,0.0,0.0,0.0,26.625,26.625,1.0,3227.07421875
identity-focused_life_narrative_0,Identity-Focused Life Narrative,Autobiographical integration,landmark,11,0.06283185307179587,3.141592653589793,0.19344424626135137,3.141592653589793,2.6875,8.442914962768555,0.31831423292207717,17438.318359375
identity-focused_life_narrative_0,Identity-Focused Life Narrative,Autobiographical integration,landmark,15,0.0,0.0,0.0,0.0,22.796875,22.796875059604645,0.9999999973854028,26578.134765625
identity-focused_life_narrative_0,Identity-Focused Life Narrative,Autobiographical integration,landmark,22,0.06283185307179587,3.141592653589793,0.19344424626135137,3.141592653589793,10.0,25.674842834472656,0.3894863179677724,30700.005859375
identity-focused_life_narrative_0,Identity-Focused Life Narrative,Autobiographical integration,landmark,27,0.06283185307179587,3.141592653589793,0.19344424626135137,3.141592653589793,2.25,51.22865676879883,0.04392072995695601,39839.65234375
identity-focused_life_narrative_0,Identity-Focused Life Narrative,Autobiographical integration,landmark,29,0.06283185307179587,3.141592653589793,0.19344424626135137,3.141592653589793,15.7734375,16.75379180908203,0.9414846310462929,46379.078125
identity-focused_life_narrative_0,Identity-Focused Life Narrative,Autobiographical integration,landmark,1,0.06283185307179587,3.141592653589793,0.19344424626135137,3.141592653589793,15.6875,29.892230987548828,0.5248019127958163,1219.919677734375
identity-focused_life_narrative_0,Identity-Focused Life Narrative,Autobiographical integration,landmark,5,0.06283185307179587,3.141592653589793,0.19344424626135137,3.141592653589793,24.5,51.80543899536133,0.47292331606713606,2247.157470703125
identity-focused_life_narrative_0,Identity-Focused Life Narrative,Autobiographical integration,landmark,7,0.0,0.0,0.0,0.0,26.625,26.625,1.0,3227.07421875
identity-focused_life_narrative_0,Identity-Focused Life Narrative,Autobiographical integration,landmark,11,0.06283185307179587,3.141592653589793,0.19344424626135137,3.141592653589793,2.6875,8.442914962768555,0.31831423292207717,17438.318359375
identity-focused_life_narrative_0,Identity-Focused Life Narrative,Autobiographical integration,landmark,15,0.0,0.0,0.0,0.0,22.796875,22.796875059604645,0.9999999973854028,26578.134765625
identity-focused_life_narrative_0,Identity-Focused Life Narrative,Autobiographical integration,landmark,22,0.06283185307179587,3.141592653589793,0.19344424626135137,3.141592653589793,10.0,25.674842834472656,0.3894863179677724,30700.005859375
identity-focused_life_narrative_0,Identity-Focused Life Narrative,Autobiographical integration,landmark,27,0.06283185307179587,3.141592653589793,0.19344424626135137,3.141592653589793,2.25,51.22865676879883,0.04392072995695601,39839.65234375
identity-focused_life_narrative_0,Identity-Focused Life Narrative,Autobiographical integration,landmark,29,0.06283185307179587,3.141592653589793,0.19344424626135137,3.141592653589793,15.7734375,16.75379180908203,0.9414846310462929,46379.078125
identity-focused_life_narrative_0,Identity-Focused Life Narrative,Autobiographical integration,landmark,1,0.06283185307179587,3.141592653589793,0.19344424626135137,3.141592653589793,15.6875,29.892230987548828,0.5248019127958163,1219.919677734375
identity-focused_life_narrative_0,Identity-Focused Life Narrative,Autobiographical integration,landmark,5,0.06283185307179587,3.141592653589793,0.19344424626135137,3.141592653589793,24.5,51.80543899536133,0.47292331606713606,2247.157470703125
identity-focused_life_narrative_0,Identity-Focused Life Narrative,Autobiographical integration,landmark,7,0.0,0.0,0.0,0.0,26.625,26.625,1.0,3227.07421875
identity-focused_life_narrative_0,Identity-Focused Life Narrative,Autobiographical integration,landmark,11,0.06283185307179587,3.141592653589793,0.19344424626135137,3.141592653589793,2.6875,8.442914962768555,0.31831423292207717,17438.318359375
identity-focused_life_narrative_0,Identity-Focused Life Narrative,Autobiographical integration,landmark,15,0.0,0.0,0.0,0.0,22.796875,22.796875059604645,0.9999999973854028,26578.134765625
identity-focused_life_narrative_0,Identity-Focused Life Narrative,Autobiographical integration,landmark,22,0.06283185307179587,3.141592653589793,0.19344424626135137,3.141592653589793,10.0,25.674842834472656,0.3894863179677724,30700.005859375
identity-focused_life_narrative_0,Identity-Focused Life Narrative,Autobiographical integration,landmark,27,0.06283185307179587,3.141592653589793,0.19344424626135137,3.141592653589793,2.25,51.22865676879883,0.04392072995695601,39839.65234375
identity-focused_life_narrative_0,Identity-Focused Life Narrative,Autobiographical integration,landmark,29,0.06283185307179587,3.141592653589793,0.19344424626135137,3.141592653589793,15.7734375,16.75379180908203,0.9414846310462929,46379.078125
identity-focused_life_narrative_0,Identity-Focused Life Narrative,Autobiographical integration,landmark,1,0.06283185307179587,3.141592653589793,0.19344424626135137,3.141592653589793,15.6875,29.892230987548828,0.5248019127958163,1219.919677734375
identity-focused_life_narrative_0,Identity-Focused Life Narrative,Autobiographical integration,landmark,5,0.06283185307179587,3.141592653589793,0.19344424626135137,3.141592653589793,24.5,51.80543899536133,0.47292331606713606,2247.157470703125
identity-focused_life_narrative_0,Identity-Focused Life Narrative,Autobiographical integration,landmark,7,0.0,0.0,0.0,0.0,26.625,26.625,1.0,3227.07421875
identity-focused_life_narrative_0,Identity-Focused Life Narrative,Autobiographical integration,landmark,11,0.06283185307179587,3.141592653589793,0.19344424626135137,3.141592653589793,2.6875,8.442914962768555,0.31831423292207717,17438.318359375
identity-focused_life_narrative_0,Identity-Focused Life Narrative,Autobiographical integration,landmark,15,0.0,0.0,0.0,0.0,22.796875,22.796875059604645,0.9999999973854028,26578.134765625
identity-focused_life_narrative_0,Identity-Focused Life Narrative,Autobiographical integration,landmark,22,0.06283185307179587,3.141592653589793,0.19344424626135137,3.141592653589793,10.0,25.674842834472656,0.3894863179677724,30700.005859375
identity-focused_life_narrative_0,Identity-Focused Life Narrative,Autobiographical integration,landmark,27,0.06283185307179587,3.141592653589793,0.19344424626135137,3.141592653589793,2.25,51.22865676879883,0.04392072995695601,39839.65234375
identity-focused_life_narrative_0,Identity-Focused Life Narrative,Autobiographical integration,landmark,29,0.06283185307179587,3.141592653589793,0.19344424626135137,3.141592653589793,15.7734375,16.75379180908203,0.9414846310462929,46379.078125
identity-focused_life_narrative_0,Identity-Focused Life Narrative,Autobiographical integration,landmark,1,0.06283185307179587,3.141592653589793,0.19344424626135137,3.141592653589793,15.6875,29.892230987548828,0.5248019127958163,1219.919677734375
identity-focused_life_narrative_0,Identity-Focused Life Narrative,Autobiographical integration,landmark,5,0.06283185307179587,3.141592653589793,0.19344424626135137,3.141592653589793,24.5,51.80543899536133,0.47292331606713606,2247.157470703125
identity-focused_life_narrative_0,Identity-Focused Life Narrative,Autobiographical integration,landmark,7,0.0,0.0,0.0,0.0,26.625,26.625,1.0,3227.07421875
identity-focused_life_narrative_0,Identity-Focused Life Narrative,Autobiographical integration,landmark,11,0.06283185307179587,3.141592653589793,0.19344424626135137,3.141592653589793,2.6875,8.442914962768555,0.31831423292207717,17438.318359375
identity-focused_life_narrative_0,Identity-Focused Life Narrative,Autobiographical integration,landmark,15,0.0,0.0,0.0,0.0,22.796875,22.796875059604645,0.9999999973854028,26578.134765625
identity-focused_life_narrative_0,Identity-Focused Life Narrative,Autobiographical integration,landmark,22,0.06283185307179587,3.141592653589793,0.19344424626135137,3.141592653589793,10.0,25.674842834472656,0.3894863179677724,30700.005859375
identity-focused_life_narrative_0,Identity-Focused Life Narrative,Autobiographical integration,landmark,27,0.06283185307179587,3.141592653589793,0.19344424626135137,3.141592653589793,2.25,51.22865676879883,0.04392072995695601,39839.65234375
identity-focused_life_narrative_0,Identity-Focused Life Narrative,Autobiographical integration,landmark,29,0.06283185307179587,3.141592653589793,0.19344424626135137,3.141592653589793,15.7734375,16.75379180908203,0.9414846310462929,46379.078125
identity-focused_life_narrative_0,Identity-Focused Life Narrative,Autobiographical integration,landmark,1,0.06283185307179587,3.141592653589793,0.19344424626135137,3.141592653589793,15.6875,29.892230987548828,0.5248019127958163,1219.919677734375
identity-focused_life_narrative_0,Identity-Focused Life Narrative,Autobiographical integration,landmark,5,0.06283185307179587,3.141592653589793,0.19344424626135137,3.141592653589793,24.5,51.80543899536133,0.47292331606713606,2247.157470703125
identity-focused_life_narrative_0,Identity-Focused Life Narrative,Autobiographical integration,landmark,7,0.0,0.0,0.0,0.0,26.625,26.625,1.0,3227.07421875
identity-focused_life_narrative_0,Identity-Focused Life Narrative,Autobiographical integration,landmark,11,0.06283185307179587,3.141592653589793,0.19344424626135137,3.141592653589793,2.6875,8.442914962768555,0.31831423292207717,17438.318359375
identity-focused_life_narrative_0,Identity-Focused Life Narrative,Autobiographical integration,landmark,15,0.0,0.0,0.0,0.0,22.796875,22.796875059604645,0.9999999973854028,26578.134765625
identity-focused_life_narrative_0,Identity-Focused Life Narrative,Autobiographical integration,landmark,22,0.06283185307179587,3.141592653589793,0.19344424626135137,3.141592653589793,10.0,25.674842834472656,0.3894863179677724,30700.005859375
identity-focused_life_narrative_0,Identity-Focused Life Narrative,Autobiographical integration,landmark,27,0.06283185307179587,3.141592653589793,0.19344424626135137,3.141592653589793,2.25,51.22865676879883,0.04392072995695601,39839.65234375
identity-focused_life_narrative_0,Identity-Focused Life Narrative,Autobiographical integration,landmark,29,0.06283185307179587,3.141592653589793,0.19344424626135137,3.141592653589793,15.7734375,16.75379180908203,0.9414846310462929,46379.078125
identity-focused_life_narrative_0,Identity-Focused Life Narrative,Autobiographical integration,landmark,1,0.06283185307179587,3.141592653589793,0.19344424626135137,3.141592653589793,15.6875,29.892230987548828,0.5248019127958163,1219.919677734375
identity-focused_life_narrative_0,Identity-Focused Life Narrative,Autobiographical integration,landmark,5,0.06283185307179587,3.141592653589793,0.19344424626135137,3.141592653589793,24.5,51.80543899536133,0.47292331606713606,2247.157470703125
identity-focused_life_narrative_0,Identity-Focused Life Narrative,Autobiographical integration,landmark,7,0.0,0.0,0.0,0.0,26.625,26.625,1.0,3227.07421875
identity-focused_life_narrative_0,Identity-Focused Life Narrative,Autobiographical integration,landmark,11,0.06283185307179587,3.141592653589793,0.19344424626135137,3.141592653589793,2.6875,8.442914962768555,0.31831423292207717,17438.318359375
identity-focused_life_narrative_0,Identity-Focused Life Narrative,Autobiographical integration,landmark,15,0.0,0.0,0.0,0.0,22.796875,22.796875059604645,0.9999999973854028,26578.134765625
identity-focused_life_narrative_0,Identity-Focused Life Narrative,Autobiographical integration,landmark,22,0.06283185307179587,3.141592653589793,0.19344424626135137,3.141592653589793,10.0,25.674842834472656,0.3894863179677724,30700.005859375
identity-focused_life_narrative_0,Identity-Focused Life Narrative,Autobiographical integration,landmark,27,0.06283185307179587,3.141592653589793,0.19344424626135137,3.141592653589793,2.25,51.22865676879883,0.04392072995695601,39839.65234375
identity-focused_life_narrative_0,Identity-Focused Life Narrative,Autobiographical integration,landmark,29,0.06283185307179587,3.141592653589793,0.19344424626135137,3.141592653589793,15.7734375,16.75379180908203,0.9414846310462929,46379.078125
identity-focused_life_narrative_0,Identity-Focused Life Narrative,Autobiographical integration,landmark,1,0.06283185307179587,3.141592653589793,0.19344424626135137,3.141592653589793,15.6875,29.892230987548828,0.5248019127958163,1219.919677734375
identity-focused_life_narrative_0,Identity-Focused Life Narrative,Autobiographical integration,landmark,5,0.06283185307179587,3.141592653589793,0.19344424626135137,3.141592653589793,24.5,51.80543899536133,0.47292331606713606,2247.157470703125
identity-focused_life_narrative_0,Identity-Focused Life Narrative,Autobiographical integration,landmark,7,0.0,0.0,0.0,0.0,26.625,26.625,1.0,3227.07421875
identity-focused_life_narrative_0,Identity-Focused Life Narrative,Autobiographical integration,landmark,11,0.06283185307179587,3.141592653589793,0.19344424626135137,3.141592653589793,2.6875,8.442914962768555,0.31831423292207717,17438.318359375
identity-focused_life_narrative_0,Identity-Focused Life Narrative,Autobiographical integration,landmark,15,0.0,0.0,0.0,0.0,22.796875,22.796875059604645,0.9999999973854028,26578.134765625
identity-focused_life_narrative_0,Identity-Focused Life Narrative,Autobiographical integration,landmark,22,0.06283185307179587,3.141592653589793,0.19344424626135137,3.141592653589793,10.0,25.674842834472656,0.3894863179677724,30700.005859375
identity-focused_life_narrative_0,Identity-Focused Life Narrative,Autobiographical integration,landmark,27,0.06283185307179587,3.141592653589793,0.19344424626135137,3.141592653589793,2.25,51.22865676879883,0.04392072995695601,39839.65234375
identity-focused_life_narrative_0,Identity-Focused Life Narrative,Autobiographical integration,landmark,29,0.06283185307179587,3.141592653589793,0.19344424626135137,3.141592653589793,15.7734375,16.75379180908203,0.9414846310462929,46379.078125
identity-focused_life_narrative_0,Identity-Focused Life Narrative,Autobiographical integration,landmark,1,0.06283185307179587,3.141592653589793,0.19344424626135137,3.141592653589793,15.6875,29.892230987548828,0.5248019127958163,1219.919677734375
identity-focused_life_narrative_0,Identity-Focused Life Narrative,Autobiographical integration,landmark,5,0.06283185307179587,3.141592653589793,0.19344424626135137,3.141592653589793,24.5,51.80543899536133,0.47292331606713606,2247.157470703125
identity-focused_life_narrative_0,Identity-Focused Life Narrative,Autobiographical integration,landmark,7,0.0,0.0,0.0,0.0,26.625,26.625,1.0,3227.07421875
identity-focused_life_narrative_0,Identity-Focused Life Narrative,Autobiographical integration,landmark,11,0.06283185307179587,3.141592653589793,0.19344424626135137,3.141592653589793,2.6875,8.442914962768555,0.31831423292207717,17438.318359375
identity-focused_life_narrative_0,Identity-Focused Life Narrative,Autobiographical integration,landmark,15,0.0,0.0,0.0,0.0,22.796875,22.796875059604645,0.9999999973854028,26578.134765625
identity-focused_life_narrative_0,Identity-Focused Life Narrative,Autobiographical integration,landmark,22,0.06283185307179587,3.141592653589793,0.19344424626135137,3.141592653589793,10.0,25.674842834472656,0.3894863179677724,30700.005859375
identity-focused_life_narrative_0,Identity-Focused Life Narrative,Autobiographical integration,landmark,27,0.06283185307179587,3.141592653589793,0.19344424626135137,3.141592653589793,2.25,51.22865676879883,0.04392072995695601,39839.65234375
identity-focused_life_narrative_0,Identity-Focused Life Narrative,Autobiographical integration,landmark,29,0.06283185307179587,3.141592653589793,0.19344424626135137,3.141592653589793,15.7734375,16.75379180908203,0.9414846310462929,46379.078125
identity-focused_life_narrative_0,Identity-Focused Life Narrative,Autobiographical integration,landmark,1,0.06283185307179587,3.141592653589793,0.19344424626135137,3.141592653589793,15.6875,29.892230987548828,0.5248019127958163,1219.919677734375
identity-focused_life_narrative_0,Identity-Focused Life Narrative,Autobiographical integration,landmark,5,0.06283185307179587,3.141592653589793,0.19344424626135137,3.141592653589793,24.5,51.80543899536133,0.47292331606713606,2247.157470703125
identity-focused_life_narrative_0,Identity-Focused Life Narrative,Autobiographical integration,landmark,7,0.0,0.0,0.0,0.0,26.625,26.625,1.0,3227.07421875
identity-focused_life_narrative_0,Identity-Focused Life Narrative,Autobiographical integration,landmark,11,0.06283185307179587,3.141592653589793,0.19344424626135137,3.141592653589793,2.6875,8.442914962768555,0.31831423292207717,17438.318359375
identity-focused_life_narrative_0,Identity-Focused Life Narrative,Autobiographical integration,landmark,15,0.0,0.0,0.0,0.0,22.796875,22.796875059604645,0.9999999973854028,26578.134765625
identity-focused_life_narrative_0,Identity-Focused Life Narrative,Autobiographical integration,landmark,22,0.06283185307179587,3.141592653589793,0.19344424626135137,3.141592653589793,10.0,25.674842834472656,0.3894863179677724,30700.005859375
identity-focused_life_narrative_0,Identity-Focused Life Narrative,Autobiographical integration,landmark,27,0.06283185307179587,3.141592653589793,0.19344424626135137,3.141592653589793,2.25,51.22865676879883,0.04392072995695601,39839.65234375
identity-focused_life_narrative_0,Identity-Focused Life Narrative,Autobiographical integration,landmark,29,0.06283185307179587,3.141592653589793,0.19344424626135137,3.141592653589793,15.7734375,16.75379180908203,0.9414846310462929,46379.078125
identity-focused_life_narrative_0,Identity-Focused Life Narrative,Autobiographical integration,landmark,1,0.06283185307179587,3.141592653589793,0.19344424626135137,3.141592653589793,15.6875,29.892230987548828,0.5248019127958163,1219.919677734375
identity-focused_life_narrative_0,Identity-Focused Life Narrative,Autobiographical integration,landmark,5,0.06283185307179587,3.141592653589793,0.19344424626135137,3.141592653589793,24.5,51.80543899536133,0.47292331606713606,2247.157470703125
identity-focused_life_narrative_0,Identity-Focused Life Narrative,Autobiographical integration,landmark,7,0.0,0.0,0.0,0.0,26.625,26.625,1.0,3227.07421875
identity-focused_life_narrative_0,Identity-Focused Life Narrative,Autobiographical integration,landmark,11,0.06283185307179587,3.141592653589793,0.19344424626135137,3.141592653589793,2.6875,8.442914962768555,0.31831423292207717,17438.318359375
identity-focused_life_narrative_0,Identity-Focused Life Narrative,Autobiographical integration,landmark,15,0.0,0.0,0.0,0.0,22.796875,22.796875059604645,0.9999999973854028,26578.134765625
identity-focused_life_narrative_0,Identity-Focused Life Narrative,Autobiographical integration,landmark,22,0.06283185307179587,3.141592653589793,0.19344424626135137,3.141592653589793,10.0,25.674842834472656,0.3894863179677724,30700.005859375
identity-focused_life_narrative_0,Identity-Focused Life Narrative,Autobiographical integration,landmark,27,0.06283185307179587,3.141592653589793,0.19344424626135137,3.141592653589793,2.25,51.22865676879883,0.04392072995695601,39839.65234375
identity-focused_life_narrative_0,Identity-Focused Life Narrative,Autobiographical integration,landmark,29,0.06283185307179587,3.141592653589793,0.19344424626135137,3.141592653589793,15.7734375,16.75379180908203,0.9414846310462929,46379.078125
identity-focused_life_narrative_0,Identity-Focused Life Narrative,Autobiographical integration,landmark,1,0.06283185307179587,3.141592653589793,0.19344424626135137,3.141592653589793,15.6875,29.892230987548828,0.5248019127958163,1219.919677734375
identity-focused_life_narrative_0,Identity-Focused Life Narrative,Autobiographical integration,landmark,5,0.06283185307179587,3.141592653589793,0.19344424626135137,3.141592653589793,24.5,51.80543899536133,0.47292331606713606,2247.157470703125
identity-focused_life_narrative_0,Identity-Focused Life Narrative,Autobiographical integration,landmark,7,0.0,0.0,0.0,0.0,26.625,26.625,1.0,3227.07421875
identity-focused_life_narrative_0,Identity-Focused Life Narrative,Autobiographical integration,landmark,11,0.06283185307179587,3.141592653589793,0.19344424626135137,3.141592653589793,2.6875,8.442914962768555,0.31831423292207717,17438.318359375
identity-focused_life_narrative_0,Identity-Focused Life Narrative,Autobiographical integration,landmark,15,0.0,0.0,0.0,0.0,22.796875,22.796875059604645,0.9999999973854028,26578.134765625
identity-focused_life_narrative_0,Identity-Focused Life Narrative,Autobiographical integration,landmark,22,0.06283185307179587,3.141592653589793,0.19344424626135137,3.141592653589793,10.0,25.674842834472656,0.3894863179677724,30700.005859375
identity-focused_life_narrative_0,Identity-Focused Life Narrative,Autobiographical integration,landmark,27,0.06283185307179587,3.141592653589793,0.19344424626135137,3.141592653589793,2.25,51.22865676879883,0.04392072995695601,39839.65234375
identity-focused_life_narrative_0,Identity-Focused Life Narrative,Autobiographical integration,landmark,29,0.06283185307179587,3.141592653589793,0.19344424626135137,3.141592653589793,15.7734375,16.75379180908203,0.9414846310462929,46379.078125
identity-focused_life_narrative_0,Identity-Focused Life Narrative,Autobiographical integration,landmark,1,0.06283185307179587,3.141592653589793,0.19344424626135137,3.141592653589793,15.6875,29.892230987548828,0.5248019127958163,1219.919677734375
identity-focused_life_narrative_0,Identity-Focused Life Narrative,Autobiographical integration,landmark,5,0.06283185307179587,3.141592653589793,0.19344424626135137,3.141592653589793,24.5,51.80543899536133,0.47292331606713606,2247.157470703125
identity-focused_life_narrative_0,Identity-Focused Life Narrative,Autobiographical integration,landmark,7,0.0,0.0,0.0,0.0,26.625,26.625,1.0,3227.07421875
identity-focused_life_narrative_0,Identity-Focused Life Narrative,Autobiographical integration,landmark,11,0.06283185307179587,3.141592653589793,0.19344424626135137,3.141592653589793,2.6875,8.442914962768555,0.31831423292207717,17438.318359375
identity-focused_life_narrative_0,Identity-Focused Life Narrative,Autobiographical integration,landmark,15,0.0,0.0,0.0,0.0,22.796875,22.796875059604645,0.9999999973854028,26578.134765625
identity-focused_life_narrative_0,Identity-Focused Life Narrative,Autobiographical integration,landmark,22,0.06283185307179587,3.141592653589793,0.19344424626135137,3.141592653589793,10.0,25.674842834472656,0.3894863179677724,30700.005859375
identity-focused_life_narrative_0,Identity-Focused Life Narrative,Autobiographical integration,landmark,27,0.06283185307179587,3.141592653589793,0.19344424626135137,3.141592653589793,2.25,51.22865676879883,0.04392072995695601,39839.65234375
identity-focused_life_narrative_0,Identity-Focused Life Narrative,Autobiographical integration,landmark,29,0.06283185307179587,3.141592653589793,0.19344424626135137,3.141592653589793,15.7734375,16.75379180908203,0.9414846310462929,46379.078125
identity-focused_life_narrative_0,Identity-Focused Life Narrative,Autobiographical integration,landmark,1,0.06283185307179587,3.141592653589793,0.19344424626135137,3.141592653589793,15.6875,29.892230987548828,0.5248019127958163,1219.919677734375
identity-focused_life_narrative_0,Identity-Focused Life Narrative,Autobiographical integration,landmark,5,0.06283185307179587,3.141592653589793,0.19344424626135137,3.141592653589793,24.5,51.80543899536133,0.47292331606713606,2247.157470703125
identity-focused_life_narrative_0,Identity-Focused Life Narrative,Autobiographical integration,landmark,7,0.0,0.0,0.0,0.0,26.625,26.625,1.0,3227.07421875
identity-focused_life_narrative_0,Identity-Focused Life Narrative,Autobiographical integration,landmark,11,0.06283185307179587,3.141592653589793,0.19344424626135137,3.141592653589793,2.6875,8.442914962768555,0.31831423292207717,17438.318359375
identity-focused_life_narrative_0,Identity-Focused Life Narrative,Autobiographical integration,landmark,15,0.0,0.0,0.0,0.0,22.796875,22.796875059604645,0.9999999973854028,26578.134765625
identity-focused_life_narrative_0,Identity-Focused Life Narrative,Autobiographical integration,landmark,22,0.06283185307179587,3.141592653589793,0.19344424626135137,3.141592653589793,10.0,25.674842834472656,0.3894863179677724,30700.005859375
identity-focused_life_narrative_0,Identity-Focused Life Narrative,Autobiographical integration,landmark,27,0.06283185307179587,3.141592653589793,0.19344424626135137,3.141592653589793,2.25,51.22865676879883,0.04392072995695601,39839.65234375
identity-focused_life_narrative_0,Identity-Focused Life Narrative,Autobiographical integration,landmark,29,0.06283185307179587,3.141592653589793,0.19344424626135137,3.141592653589793,15.7734375,16.75379180908203,0.9414846310462929,46379.078125
identity-focused_life_narrative_0,Identity-Focused Life Narrative,Autobiographical integration,landmark,1,0.06283185307179587,3.141592653589793,0.19344424626135137,3.141592653589793,15.6875,29.892230987548828,0.5248019127958163,1219.919677734375
identity-focused_life_narrative_0,Identity-Focused Life Narrative,Autobiographical integration,landmark,5,0.06283185307179587,3.141592653589793,0.19344424626135137,3.141592653589793,24.5,51.80543899536133,0.47292331606713606,2247.157470703125
identity-focused_life_narrative_0,Identity-Focused Life Narrative,Autobiographical integration,landmark,7,0.0,0.0,0.0,0.0,26.625,26.625,1.0,3227.07421875
identity-focused_life_narrative_0,Identity-Focused Life Narrative,Autobiographical integration,landmark,11,0.06283185307179587,3.141592653589793,0.19344424626135137,3.141592653589793,2.6875,8.442914962768555,0.31831423292207717,17438.318359375
identity-focused_life_narrative_0,Identity-Focused Life Narrative,Autobiographical integration,landmark,15,0.0,0.0,0.0,0.0,22.796875,22.796875059604645,0.9999999973854028,26578.134765625
identity-focused_life_narrative_0,Identity-Focused Life Narrative,Autobiographical integration,landmark,22,0.06283185307179587,3.141592653589793,0.19344424626135137,3.141592653589793,10.0,25.674842834472656,0.3894863179677724,30700.005859375
identity-focused_life_narrative_0,Identity-Focused Life Narrative,Autobiographical integration,landmark,27,0.06283185307179587,3.141592653589793,0.19344424626135137,3.141592653589793,2.25,51.22865676879883,0.04392072995695601,39839.65234375
identity-focused_life_narrative_0,Identity-Focused Life Narrative,Autobiographical integration,landmark,29,0.06283185307179587,3.141592653589793,0.19344424626135137,3.141592653589793,15.7734375,16.75379180908203,0.9414846310462929,46379.078125
identity-focused_life_narrative_0,Identity-Focused Life Narrative,Autobiographical integration,landmark,1,0.06283185307179587,3.141592653589793,0.19344424626135137,3.141592653589793,15.6875,29.892230987548828,0.5248019127958163,1219.919677734375
identity-focused_life_narrative_0,Identity-Focused Life Narrative,Autobiographical integration,landmark,5,0.06283185307179587,3.141592653589793,0.19344424626135137,3.141592653589793,24.5,51.80543899536133,0.47292331606713606,2247.157470703125
identity-focused_life_narrative_0,Identity-Focused Life Narrative,Autobiographical integration,landmark,7,0.0,0.0,0.0,0.0,26.625,26.625,1.0,3227.07421875
identity-focused_life_narrative_0,Identity-Focused Life Narrative,Autobiographical integration,landmark,11,0.06283185307179587,3.141592653589793,0.19344424626135137,3.141592653589793,2.6875,8.442914962768555,0.31831423292207717,17438.318359375
identity-focused_life_narrative_0,Identity-Focused Life Narrative,Autobiographical integration,landmark,15,0.0,0.0,0.0,0.0,22.796875,22.796875059604645,0.9999999973854028,26578.134765625
identity-focused_life_narrative_0,Identity-Focused Life Narrative,Autobiographical integration,landmark,22,0.06283185307179587,3.141592653589793,0.19344424626135137,3.141592653589793,10.0,25.674842834472656,0.3894863179677724,30700.005859375
identity-focused_life_narrative_0,Identity-Focused Life Narrative,Autobiographical integration,landmark,27,0.06283185307179587,3.141592653589793,0.19344424626135137,3.141592653589793,2.25,51.22865676879883,0.04392072995695601,39839.65234375
identity-focused_life_narrative_0,Identity-Focused Life Narrative,Autobiographical integration,landmark,29,0.06283185307179587,3.141592653589793,0.19344424626135137,3.141592653589793,15.7734375,16.75379180908203,0.9414846310462929,46379.078125
identity-focused_life_narrative_0,Identity-Focused Life Narrative,Autobiographical integration,landmark,1,0.06283185307179587,3.141592653589793,0.19344424626135137,3.141592653589793,15.6875,29.892230987548828,0.5248019127958163,1219.919677734375
identity-focused_life_narrative_0,Identity-Focused Life Narrative,Autobiographical integration,landmark,5,0.06283185307179587,3.141592653589793,0.19344424626135137,3.141592653589793,24.5,51.80543899536133,0.47292331606713606,2247.157470703125
identity-focused_life_narrative_0,Identity-Focused Life Narrative,Autobiographical integration,landmark,7,0.0,0.0,0.0,0.0,26.625,26.625,1.0,3227.07421875
identity-focused_life_narrative_0,Identity-Focused Life Narrative,Autobiographical integration,landmark,11,0.06283185307179587,3.141592653589793,0.19344424626135137,3.141592653589793,2.6875,8.442914962768555,0.31831423292207717,17438.318359375
identity-focused_life_narrative_0,Identity-Focused Life Narrative,Autobiographical integration,landmark,15,0.0,0.0,0.0,0.0,22.796875,22.796875059604645,0.9999999973854028,26578.134765625
identity-focused_life_narrative_0,Identity-Focused Life Narrative,Autobiographical integration,landmark,22,0.06283185307179587,3.141592653589793,0.19344424626135137,3.141592653589793,10.0,25.674842834472656,0.3894863179677724,30700.005859375
identity-focused_life_narrative_0,Identity-Focused Life Narrative,Autobiographical integration,landmark,27,0.06283185307179587,3.141592653589793,0.19344424626135137,3.141592653589793,2.25,51.22865676879883,0.04392072995695601,39839.65234375
identity-focused_life_narrative_0,Identity-Focused Life Narrative,Autobiographical integration,landmark,29,0.06283185307179587,3.141592653589793,0.19344424626135137,3.141592653589793,15.7734375,16.75379180908203,0.9414846310462929,46379.078125
identity-focused_life_narrative_0,Identity-Focused Life Narrative,Autobiographical integration,landmark,1,0.06283185307179587,3.141592653589793,0.19344424626135137,3.141592653589793,15.6875,29.892230987548828,0.5248019127958163,1219.919677734375
identity-focused_life_narrative_0,Identity-Focused Life Narrative,Autobiographical integration,landmark,5,0.06283185307179587,3.141592653589793,0.19344424626135137,3.141592653589793,24.5,51.80543899536133,0.47292331606713606,2247.157470703125
identity-focused_life_narrative_0,Identity-Focused Life Narrative,Autobiographical integration,landmark,7,0.0,0.0,0.0,0.0,26.625,26.625,1.0,3227.07421875
identity-focused_life_narrative_0,Identity-Focused Life Narrative,Autobiographical integration,landmark,11,0.06283185307179587,3.141592653589793,0.19344424626135137,3.141592653589793,2.6875,8.442914962768555,0.31831423292207717,17438.318359375
identity-focused_life_narrative_0,Identity-Focused Life Narrative,Autobiographical integration,landmark,15,0.0,0.0,0.0,0.0,22.796875,22.796875059604645,0.9999999973854028,26578.134765625
identity-focused_life_narrative_0,Identity-Focused Life Narrative,Autobiographical integration,landmark,22,0.06283185307179587,3.141592653589793,0.19344424626135137,3.141592653589793,10.0,25.674842834472656,0.3894863179677724,30700.005859375
identity-focused_life_narrative_0,Identity-Focused Life Narrative,Autobiographical integration,landmark,27,0.06283185307179587,3.141592653589793,0.19344424626135137,3.141592653589793,2.25,51.22865676879883,0.04392072995695601,39839.65234375
identity-focused_life_narrative_0,Identity-Focused Life Narrative,Autobiographical integration,landmark,29,0.06283185307179587,3.141592653589793,0.19344424626135137,3.141592653589793,15.7734375,16.75379180908203,0.9414846310462929,46379.078125
identity-focused_life_narrative_0,Identity-Focused Life Narrative,Autobiographical integration,landmark,1,0.06283185307179587,3.141592653589793,0.19344424626135137,3.141592653589793,15.6875,29.892230987548828,0.5248019127958163,1219.919677734375
identity-focused_life_narrative_0,Identity-Focused Life Narrative,Autobiographical integration,landmark,5,0.06283185307179587,3.141592653589793,0.19344424626135137,3.141592653589793,24.5,51.80543899536133,0.47292331606713606,2247.157470703125
identity-focused_life_narrative_0,Identity-Focused Life Narrative,Autobiographical integration,landmark,7,0.0,0.0,0.0,0.0,26.625,26.625,1.0,3227.07421875
identity-focused_life_narrative_0,Identity-Focused Life Narrative,Autobiographical integration,landmark,11,0.06283185307179587,3.141592653589793,0.19344424626135137,3.141592653589793,2.6875,8.442914962768555,0.31831423292207717,17438.318359375
identity-focused_life_narrative_0,Identity-Focused Life Narrative,Autobiographical integration,landmark,15,0.0,0.0,0.0,0.0,22.796875,22.796875059604645,0.9999999973854028,26578.134765625
identity-focused_life_narrative_0,Identity-Focused Life Narrative,Autobiographical integration,landmark,22,0.06283185307179587,3.141592653589793,0.19344424626135137,3.141592653589793,10.0,25.674842834472656,0.3894863179677724,30700.005859375
identity-focused_life_narrative_0,Identity-Focused Life Narrative,Autobiographical integration,landmark,27,0.06283185307179587,3.141592653589793,0.19344424626135137,3.141592653589793,2.25,51.22865676879883,0.04392072995695601,39839.65234375
identity-focused_life_narrative_0,Identity-Focused Life Narrative,Autobiographical integration,landmark,29,0.06283185307179587,3.141592653589793,0.19344424626135137,3.141592653589793,15.7734375,16.75379180908203,0.9414846310462929,46379.078125
identity-focused_life_narrative_0,Identity-Focused Life Narrative,Autobiographical integration,landmark,1,0.06283185307179587,3.141592653589793,0.19344424626135137,3.141592653589793,15.6875,29.892230987548828,0.5248019127958163,1219.919677734375
identity-focused_life_narrative_0,Identity-Focused Life Narrative,Autobiographical integration,landmark,5,0.06283185307179587,3.141592653589793,0.19344424626135137,3.141592653589793,24.5,51.80543899536133,0.47292331606713606,2247.157470703125
identity-focused_life_narrative_0,Identity-Focused Life Narrative,Autobiographical integration,landmark,7,0.0,0.0,0.0,0.0,26.625,26.625,1.0,3227.07421875
identity-focused_life_narrative_0,Identity-Focused Life Narrative,Autobiographical integration,landmark,11,0.06283185307179587,3.141592653589793,0.19344424626135137,3.141592653589793,2.6875,8.442914962768555,0.31831423292207717,17438.318359375
identity-focused_life_narrative_0,Identity-Focused Life Narrative,Autobiographical integration,landmark,15,0.0,0.0,0.0,0.0,22.796875,22.796875059604645,0.9999999973854028,26578.134765625
identity-focused_life_narrative_0,Identity-Focused Life Narrative,Autobiographical integration,landmark,22,0.06283185307179587,3.141592653589793,0.19344424626135137,3.141592653589793,10.0,25.674842834472656,0.3894863179677724,30700.005859375
identity-focused_life_narrative_0,Identity-Focused Life Narrative,Autobiographical integration,landmark,27,0.06283185307179587,3.141592653589793,0.19344424626135137,3.141592653589793,2.25,51.22865676879883,0.04392072995695601,39839.65234375
identity-focused_life_narrative_0,Identity-Focused Life Narrative,Autobiographical integration,landmark,29,0.06283185307179587,3.141592653589793,0.19344424626135137,3.141592653589793,15.7734375,16.75379180908203,0.9414846310462929,46379.078125
overload_with_entrapment_themes_0,Overload with Entrapment Themes,Entrapment cognition,landmark,1,0.0,0.0,0.0,0.0,19.5,19.5,1.0,1170.0428466796875
overload_with_entrapment_themes_0,Overload with Entrapment Themes,Entrapment cognition,landmark,5,0.06283185307179587,3.141592653589793,0.19344424626135137,3.141592653589793,11.375,29.12991237640381,0.3904920774569211,2339.438720703125
overload_with_entrapment_themes_0,Overload with Entrapment Themes,Entrapment cognition,landmark,7,0.06283185307179587,3.141592653589793,0.19344424626135137,3.141592653589793,2.125,4.696195602416992,0.4524939291085588,3355.976806640625
overload_with_entrapment_themes_0,Overload with Entrapment Themes,Entrapment cognition,landmark,11,0.06283185307179587,3.141592653589793,0.19344424626135137,3.141592653589793,0.5625,5.3379316329956055,0.1053778951613004,16223.95703125
overload_with_entrapment_themes_0,Overload with Entrapment Themes,Entrapment cognition,landmark,15,0.0,0.0,0.0,0.0,42.875,42.875,1.0,25174.275390625
overload_with_entrapment_themes_0,Overload with Entrapment Themes,Entrapment cognition,landmark,22,0.0,0.0,0.0,0.0,13.0625,13.0625,1.0,33165.43359375
overload_with_entrapment_themes_0,Overload with Entrapment Themes,Entrapment cognition,landmark,27,0.06283185307179587,3.141592653589793,0.19344424626135137,3.141592653589793,1.125,36.512351989746094,0.030811490870704197,41349.7109375
overload_with_entrapment_themes_0,Overload with Entrapment Themes,Entrapment cognition,landmark,29,0.0,0.0,0.0,0.0,11.875,11.875,1.0,47449.8515625
overload_with_entrapment_themes_0,Overload with Entrapment Themes,Entrapment cognition,landmark,1,0.0,0.0,0.0,0.0,19.5,19.5,1.0,1170.0428466796875
overload_with_entrapment_themes_0,Overload with Entrapment Themes,Entrapment cognition,landmark,5,0.06283185307179587,3.141592653589793,0.19344424626135137,3.141592653589793,11.375,29.12991237640381,0.3904920774569211,2339.438720703125
overload_with_entrapment_themes_0,Overload with Entrapment Themes,Entrapment cognition,landmark,7,0.06283185307179587,3.141592653589793,0.19344424626135137,3.141592653589793,2.125,4.696195602416992,0.4524939291085588,3355.976806640625
overload_with_entrapment_themes_0,Overload with Entrapment Themes,Entrapment cognition,landmark,11,0.06283185307179587,3.141592653589793,0.19344424626135137,3.141592653589793,0.5625,5.3379316329956055,0.1053778951613004,16223.95703125
overload_with_entrapment_themes_0,Overload with Entrapment Themes,Entrapment cognition,landmark,15,0.0,0.0,0.0,0.0,42.875,42.875,1.0,25174.275390625
overload_with_entrapment_themes_0,Overload with Entrapment Themes,Entrapment cognition,landmark,22,0.0,0.0,0.0,0.0,13.0625,13.0625,1.0,33165.43359375
overload_with_entrapment_themes_0,Overload with Entrapment Themes,Entrapment cognition,landmark,27,0.06283185307179587,3.141592653589793,0.19344424626135137,3.141592653589793,1.125,36.512351989746094,0.030811490870704197,41349.7109375
overload_with_entrapment_themes_0,Overload with Entrapment Themes,Entrapment cognition,landmark,29,0.0,0.0,0.0,0.0,11.875,11.875,1.0,47449.8515625
overload_with_entrapment_themes_0,Overload with Entrapment Themes,Entrapment cognition,landmark,1,0.0,0.0,0.0,0.0,19.5,19.5,1.0,1170.0428466796875
overload_with_entrapment_themes_0,Overload with Entrapment Themes,Entrapment cognition,landmark,5,0.06283185307179587,3.141592653589793,0.19344424626135137,3.141592653589793,11.375,29.12991237640381,0.3904920774569211,2339.438720703125
overload_with_entrapment_themes_0,Overload with Entrapment Themes,Entrapment cognition,landmark,7,0.06283185307179587,3.141592653589793,0.19344424626135137,3.141592653589793,2.125,4.696195602416992,0.4524939291085588,3355.976806640625
overload_with_entrapment_themes_0,Overload with Entrapment Themes,Entrapment cognition,landmark,11,0.06283185307179587,3.141592653589793,0.19344424626135137,3.141592653589793,0.5625,5.3379316329956055,0.1053778951613004,16223.95703125
overload_with_entrapment_themes_0,Overload with Entrapment Themes,Entrapment cognition,landmark,15,0.0,0.0,0.0,0.0,42.875,42.875,1.0,25174.275390625
overload_with_entrapment_themes_0,Overload with Entrapment Themes,Entrapment cognition,landmark,22,0.0,0.0,0.0,0.0,13.0625,13.0625,1.0,33165.43359375
overload_with_entrapment_themes_0,Overload with Entrapment Themes,Entrapment cognition,landmark,27,0.06283185307179587,3.141592653589793,0.19344424626135137,3.141592653589793,1.125,36.512351989746094,0.030811490870704197,41349.7109375
overload_with_entrapment_themes_0,Overload with Entrapment Themes,Entrapment cognition,landmark,29,0.0,0.0,0.0,0.0,11.875,11.875,1.0,47449.8515625
overload_with_entrapment_themes_0,Overload with Entrapment Themes,Entrapment cognition,landmark,1,0.0,0.0,0.0,0.0,19.5,19.5,1.0,1170.0428466796875
overload_with_entrapment_themes_0,Overload with Entrapment Themes,Entrapment cognition,landmark,5,0.06283185307179587,3.141592653589793,0.19344424626135137,3.141592653589793,11.375,29.12991237640381,0.3904920774569211,2339.438720703125
overload_with_entrapment_themes_0,Overload with Entrapment Themes,Entrapment cognition,landmark,7,0.06283185307179587,3.141592653589793,0.19344424626135137,3.141592653589793,2.125,4.696195602416992,0.4524939291085588,3355.976806640625
overload_with_entrapment_themes_0,Overload with Entrapment Themes,Entrapment cognition,landmark,11,0.06283185307179587,3.141592653589793,0.19344424626135137,3.141592653589793,0.5625,5.3379316329956055,0.1053778951613004,16223.95703125
overload_with_entrapment_themes_0,Overload with Entrapment Themes,Entrapment cognition,landmark,15,0.0,0.0,0.0,0.0,42.875,42.875,1.0,25174.275390625
overload_with_entrapment_themes_0,Overload with Entrapment Themes,Entrapment cognition,landmark,22,0.0,0.0,0.0,0.0,13.0625,13.0625,1.0,33165.43359375
overload_with_entrapment_themes_0,Overload with Entrapment Themes,Entrapment cognition,landmark,27,0.06283185307179587,3.141592653589793,0.19344424626135137,3.141592653589793,1.125,36.512351989746094,0.030811490870704197,41349.7109375
overload_with_entrapment_themes_0,Overload with Entrapment Themes,Entrapment cognition,landmark,29,0.0,0.0,0.0,0.0,11.875,11.875,1.0,47449.8515625
overload_with_entrapment_themes_0,Overload with Entrapment Themes,Entrapment cognition,landmark,1,0.0,0.0,0.0,0.0,19.5,19.5,1.0,1170.0428466796875
overload_with_entrapment_themes_0,Overload with Entrapment Themes,Entrapment cognition,landmark,5,0.06283185307179587,3.141592653589793,0.19344424626135137,3.141592653589793,11.375,29.12991237640381,0.3904920774569211,2339.438720703125
overload_with_entrapment_themes_0,Overload with Entrapment Themes,Entrapment cognition,landmark,7,0.06283185307179587,3.141592653589793,0.19344424626135137,3.141592653589793,2.125,4.696195602416992,0.4524939291085588,3355.976806640625
overload_with_entrapment_themes_0,Overload with Entrapment Themes,Entrapment cognition,landmark,11,0.06283185307179587,3.141592653589793,0.19344424626135137,3.141592653589793,0.5625,5.3379316329956055,0.1053778951613004,16223.95703125
overload_with_entrapment_themes_0,Overload with Entrapment Themes,Entrapment cognition,landmark,15,0.0,0.0,0.0,0.0,42.875,42.875,1.0,25174.275390625
overload_with_entrapment_themes_0,Overload with Entrapment Themes,Entrapment cognition,landmark,22,0.0,0.0,0.0,0.0,13.0625,13.0625,1.0,33165.43359375
overload_with_entrapment_themes_0,Overload with Entrapment Themes,Entrapment cognition,landmark,27,0.06283185307179587,3.141592653589793,0.19344424626135137,3.141592653589793,1.125,36.512351989746094,0.030811490870704197,41349.7109375
overload_with_entrapment_themes_0,Overload with Entrapment Themes,Entrapment cognition,landmark,29,0.0,0.0,0.0,0.0,11.875,11.875,1.0,47449.8515625
overload_with_entrapment_themes_0,Overload with Entrapment Themes,Entrapment cognition,landmark,1,0.0,0.0,0.0,0.0,19.5,19.5,1.0,1170.0428466796875
overload_with_entrapment_themes_0,Overload with Entrapment Themes,Entrapment cognition,landmark,5,0.06283185307179587,3.141592653589793,0.19344424626135137,3.141592653589793,11.375,29.12991237640381,0.3904920774569211,2339.438720703125
overload_with_entrapment_themes_0,Overload with Entrapment Themes,Entrapment cognition,landmark,7,0.06283185307179587,3.141592653589793,0.19344424626135137,3.141592653589793,2.125,4.696195602416992,0.4524939291085588,3355.976806640625
overload_with_entrapment_themes_0,Overload with Entrapment Themes,Entrapment cognition,landmark,11,0.06283185307179587,3.141592653589793,0.19344424626135137,3.141592653589793,0.5625,5.3379316329956055,0.1053778951613004,16223.95703125
overload_with_entrapment_themes_0,Overload with Entrapment Themes,Entrapment cognition,landmark,15,0.0,0.0,0.0,0.0,42.875,42.875,1.0,25174.275390625
overload_with_entrapment_themes_0,Overload with Entrapment Themes,Entrapment cognition,landmark,22,0.0,0.0,0.0,0.0,13.0625,13.0625,1.0,33165.43359375
overload_with_entrapment_themes_0,Overload with Entrapment Themes,Entrapment cognition,landmark,27,0.06283185307179587,3.141592653589793,0.19344424626135137,3.141592653589793,1.125,36.512351989746094,0.030811490870704197,41349.7109375
overload_with_entrapment_themes_0,Overload with Entrapment Themes,Entrapment cognition,landmark,29,0.0,0.0,0.0,0.0,11.875,11.875,1.0,47449.8515625
overload_with_entrapment_themes_0,Overload with Entrapment Themes,Entrapment cognition,landmark,1,0.0,0.0,0.0,0.0,19.5,19.5,1.0,1170.0428466796875
overload_with_entrapment_themes_0,Overload with Entrapment Themes,Entrapment cognition,landmark,5,0.06283185307179587,3.141592653589793,0.19344424626135137,3.141592653589793,11.375,29.12991237640381,0.3904920774569211,2339.438720703125
overload_with_entrapment_themes_0,Overload with Entrapment Themes,Entrapment cognition,landmark,7,0.06283185307179587,3.141592653589793,0.19344424626135137,3.141592653589793,2.125,4.696195602416992,0.4524939291085588,3355.976806640625
overload_with_entrapment_themes_0,Overload with Entrapment Themes,Entrapment cognition,landmark,11,0.06283185307179587,3.141592653589793,0.19344424626135137,3.141592653589793,0.5625,5.3379316329956055,0.1053778951613004,16223.95703125
overload_with_entrapment_themes_0,Overload with Entrapment Themes,Entrapment cognition,landmark,15,0.0,0.0,0.0,0.0,42.875,42.875,1.0,25174.275390625
overload_with_entrapment_themes_0,Overload with Entrapment Themes,Entrapment cognition,landmark,22,0.0,0.0,0.0,0.0,13.0625,13.0625,1.0,33165.43359375
overload_with_entrapment_themes_0,Overload with Entrapment Themes,Entrapment cognition,landmark,27,0.06283185307179587,3.141592653589793,0.19344424626135137,3.141592653589793,1.125,36.512351989746094,0.030811490870704197,41349.7109375
overload_with_entrapment_themes_0,Overload with Entrapment Themes,Entrapment cognition,landmark,29,0.0,0.0,0.0,0.0,11.875,11.875,1.0,47449.8515625
overload_with_entrapment_themes_0,Overload with Entrapment Themes,Entrapment cognition,landmark,1,0.0,0.0,0.0,0.0,19.5,19.5,1.0,1170.0428466796875
overload_with_entrapment_themes_0,Overload with Entrapment Themes,Entrapment cognition,landmark,5,0.06283185307179587,3.141592653589793,0.19344424626135137,3.141592653589793,11.375,29.12991237640381,0.3904920774569211,2339.438720703125
overload_with_entrapment_themes_0,Overload with Entrapment Themes,Entrapment cognition,landmark,7,0.06283185307179587,3.141592653589793,0.19344424626135137,3.141592653589793,2.125,4.696195602416992,0.4524939291085588,3355.976806640625
overload_with_entrapment_themes_0,Overload with Entrapment Themes,Entrapment cognition,landmark,11,0.06283185307179587,3.141592653589793,0.19344424626135137,3.141592653589793,0.5625,5.3379316329956055,0.1053778951613004,16223.95703125
overload_with_entrapment_themes_0,Overload with Entrapment Themes,Entrapment cognition,landmark,15,0.0,0.0,0.0,0.0,42.875,42.875,1.0,25174.275390625
overload_with_entrapment_themes_0,Overload with Entrapment Themes,Entrapment cognition,landmark,22,0.0,0.0,0.0,0.0,13.0625,13.0625,1.0,33165.43359375
overload_with_entrapment_themes_0,Overload with Entrapment Themes,Entrapment cognition,landmark,27,0.06283185307179587,3.141592653589793,0.19344424626135137,3.141592653589793,1.125,36.512351989746094,0.030811490870704197,41349.7109375
overload_with_entrapment_themes_0,Overload with Entrapment Themes,Entrapment cognition,landmark,29,0.0,0.0,0.0,0.0,11.875,11.875,1.0,47449.8515625
overload_with_entrapment_themes_0,Overload with Entrapment Themes,Entrapment cognition,landmark,1,0.0,0.0,0.0,0.0,19.5,19.5,1.0,1170.0428466796875
overload_with_entrapment_themes_0,Overload with Entrapment Themes,Entrapment cognition,landmark,5,0.06283185307179587,3.141592653589793,0.19344424626135137,3.141592653589793,11.375,29.12991237640381,0.3904920774569211,2339.438720703125
overload_with_entrapment_themes_0,Overload with Entrapment Themes,Entrapment cognition,landmark,7,0.06283185307179587,3.141592653589793,0.19344424626135137,3.141592653589793,2.125,4.696195602416992,0.4524939291085588,3355.976806640625
overload_with_entrapment_themes_0,Overload with Entrapment Themes,Entrapment cognition,landmark,11,0.06283185307179587,3.141592653589793,0.19344424626135137,3.141592653589793,0.5625,5.3379316329956055,0.1053778951613004,16223.95703125
overload_with_entrapment_themes_0,Overload with Entrapment Themes,Entrapment cognition,landmark,15,0.0,0.0,0.0,0.0,42.875,42.875,1.0,25174.275390625
overload_with_entrapment_themes_0,Overload with Entrapment Themes,Entrapment cognition,landmark,22,0.0,0.0,0.0,0.0,13.0625,13.0625,1.0,33165.43359375
overload_with_entrapment_themes_0,Overload with Entrapment Themes,Entrapment cognition,landmark,27,0.06283185307179587,3.141592653589793,0.19344424626135137,3.141592653589793,1.125,36.512351989746094,0.030811490870704197,41349.7109375
overload_with_entrapment_themes_0,Overload with Entrapment Themes,Entrapment cognition,landmark,29,0.0,0.0,0.0,0.0,11.875,11.875,1.0,47449.8515625
overload_with_entrapment_themes_0,Overload with Entrapment Themes,Entrapment cognition,landmark,1,0.0,0.0,0.0,0.0,19.5,19.5,1.0,1170.0428466796875
overload_with_entrapment_themes_0,Overload with Entrapment Themes,Entrapment cognition,landmark,5,0.06283185307179587,3.141592653589793,0.19344424626135137,3.141592653589793,11.375,29.12991237640381,0.3904920774569211,2339.438720703125
overload_with_entrapment_themes_0,Overload with Entrapment Themes,Entrapment cognition,landmark,7,0.06283185307179587,3.141592653589793,0.19344424626135137,3.141592653589793,2.125,4.696195602416992,0.4524939291085588,3355.976806640625
overload_with_entrapment_themes_0,Overload with Entrapment Themes,Entrapment cognition,landmark,11,0.06283185307179587,3.141592653589793,0.19344424626135137,3.141592653589793,0.5625,5.3379316329956055,0.1053778951613004,16223.95703125
overload_with_entrapment_themes_0,Overload with Entrapment Themes,Entrapment cognition,landmark,15,0.0,0.0,0.0,0.0,42.875,42.875,1.0,25174.275390625
overload_with_entrapment_themes_0,Overload with Entrapment Themes,Entrapment cognition,landmark,22,0.0,0.0,0.0,0.0,13.0625,13.0625,1.0,33165.43359375
overload_with_entrapment_themes_0,Overload with Entrapment Themes,Entrapment cognition,landmark,27,0.06283185307179587,3.141592653589793,0.19344424626135137,3.141592653589793,1.125,36.512351989746094,0.030811490870704197,41349.7109375
overload_with_entrapment_themes_0,Overload with Entrapment Themes,Entrapment cognition,landmark,29,0.0,0.0,0.0,0.0,11.875,11.875,1.0,47449.8515625
overload_with_entrapment_themes_0,Overload with Entrapment Themes,Entrapment cognition,landmark,1,0.0,0.0,0.0,0.0,19.5,19.5,1.0,1170.0428466796875
overload_with_entrapment_themes_0,Overload with Entrapment Themes,Entrapment cognition,landmark,5,0.06283185307179587,3.141592653589793,0.19344424626135137,3.141592653589793,11.375,29.12991237640381,0.3904920774569211,2339.438720703125
overload_with_entrapment_themes_0,Overload with Entrapment Themes,Entrapment cognition,landmark,7,0.06283185307179587,3.141592653589793,0.19344424626135137,3.141592653589793,2.125,4.696195602416992,0.4524939291085588,3355.976806640625
overload_with_entrapment_themes_0,Overload with Entrapment Themes,Entrapment cognition,landmark,11,0.06283185307179587,3.141592653589793,0.19344424626135137,3.141592653589793,0.5625,5.3379316329956055,0.1053778951613004,16223.95703125
overload_with_entrapment_themes_0,Overload with Entrapment Themes,Entrapment cognition,landmark,15,0.0,0.0,0.0,0.0,42.875,42.875,1.0,25174.275390625
overload_with_entrapment_themes_0,Overload with Entrapment Themes,Entrapment cognition,landmark,22,0.0,0.0,0.0,0.0,13.0625,13.0625,1.0,33165.43359375
overload_with_entrapment_themes_0,Overload with Entrapment Themes,Entrapment cognition,landmark,27,0.06283185307179587,3.141592653589793,0.19344424626135137,3.141592653589793,1.125,36.512351989746094,0.030811490870704197,41349.7109375
overload_with_entrapment_themes_0,Overload with Entrapment Themes,Entrapment cognition,landmark,29,0.0,0.0,0.0,0.0,11.875,11.875,1.0,47449.8515625
overload_with_entrapment_themes_0,Overload with Entrapment Themes,Entrapment cognition,landmark,1,0.0,0.0,0.0,0.0,19.5,19.5,1.0,1170.0428466796875
overload_with_entrapment_themes_0,Overload with Entrapment Themes,Entrapment cognition,landmark,5,0.06283185307179587,3.141592653589793,0.19344424626135137,3.141592653589793,11.375,29.12991237640381,0.3904920774569211,2339.438720703125
overload_with_entrapment_themes_0,Overload with Entrapment Themes,Entrapment cognition,landmark,7,0.06283185307179587,3.141592653589793,0.19344424626135137,3.141592653589793,2.125,4.696195602416992,0.4524939291085588,3355.976806640625
overload_with_entrapment_themes_0,Overload with Entrapment Themes,Entrapment cognition,landmark,11,0.06283185307179587,3.141592653589793,0.19344424626135137,3.141592653589793,0.5625,5.3379316329956055,0.1053778951613004,16223.95703125
overload_with_entrapment_themes_0,Overload with Entrapment Themes,Entrapment cognition,landmark,15,0.0,0.0,0.0,0.0,42.875,42.875,1.0,25174.275390625
overload_with_entrapment_themes_0,Overload with Entrapment Themes,Entrapment cognition,landmark,22,0.0,0.0,0.0,0.0,13.0625,13.0625,1.0,33165.43359375
overload_with_entrapment_themes_0,Overload with Entrapment Themes,Entrapment cognition,landmark,27,0.06283185307179587,3.141592653589793,0.19344424626135137,3.141592653589793,1.125,36.512351989746094,0.030811490870704197,41349.7109375
overload_with_entrapment_themes_0,Overload with Entrapment Themes,Entrapment cognition,landmark,29,0.0,0.0,0.0,0.0,11.875,11.875,1.0,47449.8515625
overload_with_entrapment_themes_0,Overload with Entrapment Themes,Entrapment cognition,landmark,1,0.0,0.0,0.0,0.0,19.5,19.5,1.0,1170.0428466796875
overload_with_entrapment_themes_0,Overload with Entrapment Themes,Entrapment cognition,landmark,5,0.06283185307179587,3.141592653589793,0.19344424626135137,3.141592653589793,11.375,29.12991237640381,0.3904920774569211,2339.438720703125
overload_with_entrapment_themes_0,Overload with Entrapment Themes,Entrapment cognition,landmark,7,0.06283185307179587,3.141592653589793,0.19344424626135137,3.141592653589793,2.125,4.696195602416992,0.4524939291085588,3355.976806640625
overload_with_entrapment_themes_0,Overload with Entrapment Themes,Entrapment cognition,landmark,11,0.06283185307179587,3.141592653589793,0.19344424626135137,3.141592653589793,0.5625,5.3379316329956055,0.1053778951613004,16223.95703125
overload_with_entrapment_themes_0,Overload with Entrapment Themes,Entrapment cognition,landmark,15,0.0,0.0,0.0,0.0,42.875,42.875,1.0,25174.275390625
overload_with_entrapment_themes_0,Overload with Entrapment Themes,Entrapment cognition,landmark,22,0.0,0.0,0.0,0.0,13.0625,13.0625,1.0,33165.43359375
overload_with_entrapment_themes_0,Overload with Entrapment Themes,Entrapment cognition,landmark,27,0.06283185307179587,3.141592653589793,0.19344424626135137,3.141592653589793,1.125,36.512351989746094,0.030811490870704197,41349.7109375
overload_with_entrapment_themes_0,Overload with Entrapment Themes,Entrapment cognition,landmark,29,0.0,0.0,0.0,0.0,11.875,11.875,1.0,47449.8515625
overload_with_entrapment_themes_0,Overload with Entrapment Themes,Entrapment cognition,landmark,1,0.0,0.0,0.0,0.0,19.5,19.5,1.0,1170.0428466796875
overload_with_entrapment_themes_0,Overload with Entrapment Themes,Entrapment cognition,landmark,5,0.06283185307179587,3.141592653589793,0.19344424626135137,3.141592653589793,11.375,29.12991237640381,0.3904920774569211,2339.438720703125
overload_with_entrapment_themes_0,Overload with Entrapment Themes,Entrapment cognition,landmark,7,0.06283185307179587,3.141592653589793,0.19344424626135137,3.141592653589793,2.125,4.696195602416992,0.4524939291085588,3355.976806640625
overload_with_entrapment_themes_0,Overload with Entrapment Themes,Entrapment cognition,landmark,11,0.06283185307179587,3.141592653589793,0.19344424626135137,3.141592653589793,0.5625,5.3379316329956055,0.1053778951613004,16223.95703125
overload_with_entrapment_themes_0,Overload with Entrapment Themes,Entrapment cognition,landmark,15,0.0,0.0,0.0,0.0,42.875,42.875,1.0,25174.275390625
overload_with_entrapment_themes_0,Overload with Entrapment Themes,Entrapment cognition,landmark,22,0.0,0.0,0.0,0.0,13.0625,13.0625,1.0,33165.43359375
overload_with_entrapment_themes_0,Overload with Entrapment Themes,Entrapment cognition,landmark,27,0.06283185307179587,3.141592653589793,0.19344424626135137,3.141592653589793,1.125,36.512351989746094,0.030811490870704197,41349.7109375
overload_with_entrapment_themes_0,Overload with Entrapment Themes,Entrapment cognition,landmark,29,0.0,0.0,0.0,0.0,11.875,11.875,1.0,47449.8515625
overload_with_entrapment_themes_0,Overload with Entrapment Themes,Entrapment cognition,landmark,1,0.0,0.0,0.0,0.0,19.5,19.5,1.0,1170.0428466796875
overload_with_entrapment_themes_0,Overload with Entrapment Themes,Entrapment cognition,landmark,5,0.06283185307179587,3.141592653589793,0.19344424626135137,3.141592653589793,11.375,29.12991237640381,0.3904920774569211,2339.438720703125
overload_with_entrapment_themes_0,Overload with Entrapment Themes,Entrapment cognition,landmark,7,0.06283185307179587,3.141592653589793,0.19344424626135137,3.141592653589793,2.125,4.696195602416992,0.4524939291085588,3355.976806640625
overload_with_entrapment_themes_0,Overload with Entrapment Themes,Entrapment cognition,landmark,11,0.06283185307179587,3.141592653589793,0.19344424626135137,3.141592653589793,0.5625,5.3379316329956055,0.1053778951613004,16223.95703125
overload_with_entrapment_themes_0,Overload with Entrapment Themes,Entrapment cognition,landmark,15,0.0,0.0,0.0,0.0,42.875,42.875,1.0,25174.275390625
overload_with_entrapment_themes_0,Overload with Entrapment Themes,Entrapment cognition,landmark,22,0.0,0.0,0.0,0.0,13.0625,13.0625,1.0,33165.43359375
overload_with_entrapment_themes_0,Overload with Entrapment Themes,Entrapment cognition,landmark,27,0.06283185307179587,3.141592653589793,0.19344424626135137,3.141592653589793,1.125,36.512351989746094,0.030811490870704197,41349.7109375
overload_with_entrapment_themes_0,Overload with Entrapment Themes,Entrapment cognition,landmark,29,0.0,0.0,0.0,0.0,11.875,11.875,1.0,47449.8515625
overload_with_entrapment_themes_0,Overload with Entrapment Themes,Entrapment cognition,landmark,1,0.0,0.0,0.0,0.0,19.5,19.5,1.0,1170.0428466796875
overload_with_entrapment_themes_0,Overload with Entrapment Themes,Entrapment cognition,landmark,5,0.06283185307179587,3.141592653589793,0.19344424626135137,3.141592653589793,11.375,29.12991237640381,0.3904920774569211,2339.438720703125
overload_with_entrapment_themes_0,Overload with Entrapment Themes,Entrapment cognition,landmark,7,0.06283185307179587,3.141592653589793,0.19344424626135137,3.141592653589793,2.125,4.696195602416992,0.4524939291085588,3355.976806640625
overload_with_entrapment_themes_0,Overload with Entrapment Themes,Entrapment cognition,landmark,11,0.06283185307179587,3.141592653589793,0.19344424626135137,3.141592653589793,0.5625,5.3379316329956055,0.1053778951613004,16223.95703125
overload_with_entrapment_themes_0,Overload with Entrapment Themes,Entrapment cognition,landmark,15,0.0,0.0,0.0,0.0,42.875,42.875,1.0,25174.275390625
overload_with_entrapment_themes_0,Overload with Entrapment Themes,Entrapment cognition,landmark,22,0.0,0.0,0.0,0.0,13.0625,13.0625,1.0,33165.43359375
overload_with_entrapment_themes_0,Overload with Entrapment Themes,Entrapment cognition,landmark,27,0.06283185307179587,3.141592653589793,0.19344424626135137,3.141592653589793,1.125,36.512351989746094,0.030811490870704197,41349.7109375
overload_with_entrapment_themes_0,Overload with Entrapment Themes,Entrapment cognition,landmark,29,0.0,0.0,0.0,0.0,11.875,11.875,1.0,47449.8515625
overload_with_entrapment_themes_0,Overload with Entrapment Themes,Entrapment cognition,landmark,1,0.0,0.0,0.0,0.0,19.5,19.5,1.0,1170.0428466796875
overload_with_entrapment_themes_0,Overload with Entrapment Themes,Entrapment cognition,landmark,5,0.06283185307179587,3.141592653589793,0.19344424626135137,3.141592653589793,11.375,29.12991237640381,0.3904920774569211,2339.438720703125
overload_with_entrapment_themes_0,Overload with Entrapment Themes,Entrapment cognition,landmark,7,0.06283185307179587,3.141592653589793,0.19344424626135137,3.141592653589793,2.125,4.696195602416992,0.4524939291085588,3355.976806640625
overload_with_entrapment_themes_0,Overload with Entrapment Themes,Entrapment cognition,landmark,11,0.06283185307179587,3.141592653589793,0.19344424626135137,3.141592653589793,0.5625,5.3379316329956055,0.1053778951613004,16223.95703125
overload_with_entrapment_themes_0,Overload with Entrapment Themes,Entrapment cognition,landmark,15,0.0,0.0,0.0,0.0,42.875,42.875,1.0,25174.275390625
overload_with_entrapment_themes_0,Overload with Entrapment Themes,Entrapment cognition,landmark,22,0.0,0.0,0.0,0.0,13.0625,13.0625,1.0,33165.43359375
overload_with_entrapment_themes_0,Overload with Entrapment Themes,Entrapment cognition,landmark,27,0.06283185307179587,3.141592653589793,0.19344424626135137,3.141592653589793,1.125,36.512351989746094,0.030811490870704197,41349.7109375
overload_with_entrapment_themes_0,Overload with Entrapment Themes,Entrapment cognition,landmark,29,0.0,0.0,0.0,0.0,11.875,11.875,1.0,47449.8515625
overload_with_entrapment_themes_0,Overload with Entrapment Themes,Entrapment cognition,landmark,1,0.0,0.0,0.0,0.0,19.5,19.5,1.0,1170.0428466796875
overload_with_entrapment_themes_0,Overload with Entrapment Themes,Entrapment cognition,landmark,5,0.06283185307179587,3.141592653589793,0.19344424626135137,3.141592653589793,11.375,29.12991237640381,0.3904920774569211,2339.438720703125
overload_with_entrapment_themes_0,Overload with Entrapment Themes,Entrapment cognition,landmark,7,0.06283185307179587,3.141592653589793,0.19344424626135137,3.141592653589793,2.125,4.696195602416992,0.4524939291085588,3355.976806640625
overload_with_entrapment_themes_0,Overload with Entrapment Themes,Entrapment cognition,landmark,11,0.06283185307179587,3.141592653589793,0.19344424626135137,3.141592653589793,0.5625,5.3379316329956055,0.1053778951613004,16223.95703125
overload_with_entrapment_themes_0,Overload with Entrapment Themes,Entrapment cognition,landmark,15,0.0,0.0,0.0,0.0,42.875,42.875,1.0,25174.275390625
overload_with_entrapment_themes_0,Overload with Entrapment Themes,Entrapment cognition,landmark,22,0.0,0.0,0.0,0.0,13.0625,13.0625,1.0,33165.43359375
overload_with_entrapment_themes_0,Overload with Entrapment Themes,Entrapment cognition,landmark,27,0.06283185307179587,3.141592653589793,0.19344424626135137,3.141592653589793,1.125,36.512351989746094,0.030811490870704197,41349.7109375
overload_with_entrapment_themes_0,Overload with Entrapment Themes,Entrapment cognition,landmark,29,0.0,0.0,0.0,0.0,11.875,11.875,1.0,47449.8515625
overload_with_entrapment_themes_0,Overload with Entrapment Themes,Entrapment cognition,landmark,1,0.0,0.0,0.0,0.0,19.5,19.5,1.0,1170.0428466796875
overload_with_entrapment_themes_0,Overload with Entrapment Themes,Entrapment cognition,landmark,5,0.06283185307179587,3.141592653589793,0.19344424626135137,3.141592653589793,11.375,29.12991237640381,0.3904920774569211,2339.438720703125
overload_with_entrapment_themes_0,Overload with Entrapment Themes,Entrapment cognition,landmark,7,0.06283185307179587,3.141592653589793,0.19344424626135137,3.141592653589793,2.125,4.696195602416992,0.4524939291085588,3355.976806640625
overload_with_entrapment_themes_0,Overload with Entrapment Themes,Entrapment cognition,landmark,11,0.06283185307179587,3.141592653589793,0.19344424626135137,3.141592653589793,0.5625,5.3379316329956055,0.1053778951613004,16223.95703125
overload_with_entrapment_themes_0,Overload with Entrapment Themes,Entrapment cognition,landmark,15,0.0,0.0,0.0,0.0,42.875,42.875,1.0,25174.275390625
overload_with_entrapment_themes_0,Overload with Entrapment Themes,Entrapment cognition,landmark,22,0.0,0.0,0.0,0.0,13.0625,13.0625,1.0,33165.43359375
overload_with_entrapment_themes_0,Overload with Entrapment Themes,Entrapment cognition,landmark,27,0.06283185307179587,3.141592653589793,0.19344424626135137,3.141592653589793,1.125,36.512351989746094,0.030811490870704197,41349.7109375
overload_with_entrapment_themes_0,Overload with Entrapment Themes,Entrapment cognition,landmark,29,0.0,0.0,0.0,0.0,11.875,11.875,1.0,47449.8515625
overload_with_entrapment_themes_0,Overload with Entrapment Themes,Entrapment cognition,landmark,1,0.0,0.0,0.0,0.0,19.5,19.5,1.0,1170.0428466796875
overload_with_entrapment_themes_0,Overload with Entrapment Themes,Entrapment cognition,landmark,5,0.06283185307179587,3.141592653589793,0.19344424626135137,3.141592653589793,11.375,29.12991237640381,0.3904920774569211,2339.438720703125
overload_with_entrapment_themes_0,Overload with Entrapment Themes,Entrapment cognition,landmark,7,0.06283185307179587,3.141592653589793,0.19344424626135137,3.141592653589793,2.125,4.696195602416992,0.4524939291085588,3355.976806640625
overload_with_entrapment_themes_0,Overload with Entrapment Themes,Entrapment cognition,landmark,11,0.06283185307179587,3.141592653589793,0.19344424626135137,3.141592653589793,0.5625,5.3379316329956055,0.1053778951613004,16223.95703125
overload_with_entrapment_themes_0,Overload with Entrapment Themes,Entrapment cognition,landmark,15,0.0,0.0,0.0,0.0,42.875,42.875,1.0,25174.275390625
overload_with_entrapment_themes_0,Overload with Entrapment Themes,Entrapment cognition,landmark,22,0.0,0.0,0.0,0.0,13.0625,13.0625,1.0,33165.43359375
overload_with_entrapment_themes_0,Overload with Entrapment Themes,Entrapment cognition,landmark,27,0.06283185307179587,3.141592653589793,0.19344424626135137,3.141592653589793,1.125,36.512351989746094,0.030811490870704197,41349.7109375
overload_with_entrapment_themes_0,Overload with Entrapment Themes,Entrapment cognition,landmark,29,0.0,0.0,0.0,0.0,11.875,11.875,1.0,47449.8515625
overload_with_entrapment_themes_0,Overload with Entrapment Themes,Entrapment cognition,landmark,1,0.0,0.0,0.0,0.0,19.5,19.5,1.0,1170.0428466796875
overload_with_entrapment_themes_0,Overload with Entrapment Themes,Entrapment cognition,landmark,5,0.06283185307179587,3.141592653589793,0.19344424626135137,3.141592653589793,11.375,29.12991237640381,0.3904920774569211,2339.438720703125
overload_with_entrapment_themes_0,Overload with Entrapment Themes,Entrapment cognition,landmark,7,0.06283185307179587,3.141592653589793,0.19344424626135137,3.141592653589793,2.125,4.696195602416992,0.4524939291085588,3355.976806640625
overload_with_entrapment_themes_0,Overload with Entrapment Themes,Entrapment cognition,landmark,11,0.06283185307179587,3.141592653589793,0.19344424626135137,3.141592653589793,0.5625,5.3379316329956055,0.1053778951613004,16223.95703125
overload_with_entrapment_themes_0,Overload with Entrapment Themes,Entrapment cognition,landmark,15,0.0,0.0,0.0,0.0,42.875,42.875,1.0,25174.275390625
overload_with_entrapment_themes_0,Overload with Entrapment Themes,Entrapment cognition,landmark,22,0.0,0.0,0.0,0.0,13.0625,13.0625,1.0,33165.43359375
overload_with_entrapment_themes_0,Overload with Entrapment Themes,Entrapment cognition,landmark,27,0.06283185307179587,3.141592653589793,0.19344424626135137,3.141592653589793,1.125,36.512351989746094,0.030811490870704197,41349.7109375
overload_with_entrapment_themes_0,Overload with Entrapment Themes,Entrapment cognition,landmark,29,0.0,0.0,0.0,0.0,11.875,11.875,1.0,47449.8515625
overload_with_entrapment_themes_0,Overload with Entrapment Themes,Entrapment cognition,landmark,1,0.0,0.0,0.0,0.0,19.5,19.5,1.0,1170.0428466796875
overload_with_entrapment_themes_0,Overload with Entrapment Themes,Entrapment cognition,landmark,5,0.06283185307179587,3.141592653589793,0.19344424626135137,3.141592653589793,11.375,29.12991237640381,0.3904920774569211,2339.438720703125
overload_with_entrapment_themes_0,Overload with Entrapment Themes,Entrapment cognition,landmark,7,0.06283185307179587,3.141592653589793,0.19344424626135137,3.141592653589793,2.125,4.696195602416992,0.4524939291085588,3355.976806640625
overload_with_entrapment_themes_0,Overload with Entrapment Themes,Entrapment cognition,landmark,11,0.06283185307179587,3.141592653589793,0.19344424626135137,3.141592653589793,0.5625,5.3379316329956055,0.1053778951613004,16223.95703125
overload_with_entrapment_themes_0,Overload with Entrapment Themes,Entrapment cognition,landmark,15,0.0,0.0,0.0,0.0,42.875,42.875,1.0,25174.275390625
overload_with_entrapment_themes_0,Overload with Entrapment Themes,Entrapment cognition,landmark,22,0.0,0.0,0.0,0.0,13.0625,13.0625,1.0,33165.43359375
overload_with_entrapment_themes_0,Overload with Entrapment Themes,Entrapment cognition,landmark,27,0.06283185307179587,3.141592653589793,0.19344424626135137,3.141592653589793,1.125,36.512351989746094,0.030811490870704197,41349.7109375
overload_with_entrapment_themes_0,Overload with Entrapment Themes,Entrapment cognition,landmark,29,0.0,0.0,0.0,0.0,11.875,11.875,1.0,47449.8515625
overload_with_entrapment_themes_0,Overload with Entrapment Themes,Entrapment cognition,landmark,1,0.0,0.0,0.0,0.0,19.5,19.5,1.0,1170.0428466796875
overload_with_entrapment_themes_0,Overload with Entrapment Themes,Entrapment cognition,landmark,5,0.06283185307179587,3.141592653589793,0.19344424626135137,3.141592653589793,11.375,29.12991237640381,0.3904920774569211,2339.438720703125
overload_with_entrapment_themes_0,Overload with Entrapment Themes,Entrapment cognition,landmark,7,0.06283185307179587,3.141592653589793,0.19344424626135137,3.141592653589793,2.125,4.696195602416992,0.4524939291085588,3355.976806640625
overload_with_entrapment_themes_0,Overload with Entrapment Themes,Entrapment cognition,landmark,11,0.06283185307179587,3.141592653589793,0.19344424626135137,3.141592653589793,0.5625,5.3379316329956055,0.1053778951613004,16223.95703125
overload_with_entrapment_themes_0,Overload with Entrapment Themes,Entrapment cognition,landmark,15,0.0,0.0,0.0,0.0,42.875,42.875,1.0,25174.275390625
overload_with_entrapment_themes_0,Overload with Entrapment Themes,Entrapment cognition,landmark,22,0.0,0.0,0.0,0.0,13.0625,13.0625,1.0,33165.43359375
overload_with_entrapment_themes_0,Overload with Entrapment Themes,Entrapment cognition,landmark,27,0.06283185307179587,3.141592653589793,0.19344424626135137,3.141592653589793,1.125,36.512351989746094,0.030811490870704197,41349.7109375
overload_with_entrapment_themes_0,Overload with Entrapment Themes,Entrapment cognition,landmark,29,0.0,0.0,0.0,0.0,11.875,11.875,1.0,47449.8515625
overload_with_entrapment_themes_0,Overload with Entrapment Themes,Entrapment cognition,landmark,1,0.0,0.0,0.0,0.0,19.5,19.5,1.0,1170.0428466796875
overload_with_entrapment_themes_0,Overload with Entrapment Themes,Entrapment cognition,landmark,5,0.06283185307179587,3.141592653589793,0.19344424626135137,3.141592653589793,11.375,29.12991237640381,0.3904920774569211,2339.438720703125
overload_with_entrapment_themes_0,Overload with Entrapment Themes,Entrapment cognition,landmark,7,0.06283185307179587,3.141592653589793,0.19344424626135137,3.141592653589793,2.125,4.696195602416992,0.4524939291085588,3355.976806640625
overload_with_entrapment_themes_0,Overload with Entrapment Themes,Entrapment cognition,landmark,11,0.06283185307179587,3.141592653589793,0.19344424626135137,3.141592653589793,0.5625,5.3379316329956055,0.1053778951613004,16223.95703125
overload_with_entrapment_themes_0,Overload with Entrapment Themes,Entrapment cognition,landmark,15,0.0,0.0,0.0,0.0,42.875,42.875,1.0,25174.275390625
overload_with_entrapment_themes_0,Overload with Entrapment Themes,Entrapment cognition,landmark,22,0.0,0.0,0.0,0.0,13.0625,13.0625,1.0,33165.43359375
overload_with_entrapment_themes_0,Overload with Entrapment Themes,Entrapment cognition,landmark,27,0.06283185307179587,3.141592653589793,0.19344424626135137,3.141592653589793,1.125,36.512351989746094,0.030811490870704197,41349.7109375
overload_with_entrapment_themes_0,Overload with Entrapment Themes,Entrapment cognition,landmark,29,0.0,0.0,0.0,0.0,11.875,11.875,1.0,47449.8515625
overload_with_entrapment_themes_0,Overload with Entrapment Themes,Entrapment cognition,landmark,1,0.0,0.0,0.0,0.0,19.5,19.5,1.0,1170.0428466796875
overload_with_entrapment_themes_0,Overload with Entrapment Themes,Entrapment cognition,landmark,5,0.06283185307179587,3.141592653589793,0.19344424626135137,3.141592653589793,11.375,29.12991237640381,0.3904920774569211,2339.438720703125
overload_with_entrapment_themes_0,Overload with Entrapment Themes,Entrapment cognition,landmark,7,0.06283185307179587,3.141592653589793,0.19344424626135137,3.141592653589793,2.125,4.696195602416992,0.4524939291085588,3355.976806640625
overload_with_entrapment_themes_0,Overload with Entrapment Themes,Entrapment cognition,landmark,11,0.06283185307179587,3.141592653589793,0.19344424626135137,3.141592653589793,0.5625,5.3379316329956055,0.1053778951613004,16223.95703125
overload_with_entrapment_themes_0,Overload with Entrapment Themes,Entrapment cognition,landmark,15,0.0,0.0,0.0,0.0,42.875,42.875,1.0,25174.275390625
overload_with_entrapment_themes_0,Overload with Entrapment Themes,Entrapment cognition,landmark,22,0.0,0.0,0.0,0.0,13.0625,13.0625,1.0,33165.43359375
overload_with_entrapment_themes_0,Overload with Entrapment Themes,Entrapment cognition,landmark,27,0.06283185307179587,3.141592653589793,0.19344424626135137,3.141592653589793,1.125,36.512351989746094,0.030811490870704197,41349.7109375
overload_with_entrapment_themes_0,Overload with Entrapment Themes,Entrapment cognition,landmark,29,0.0,0.0,0.0,0.0,11.875,11.875,1.0,47449.8515625
overload_with_entrapment_themes_0,Overload with Entrapment Themes,Entrapment cognition,landmark,1,0.0,0.0,0.0,0.0,19.5,19.5,1.0,1170.0428466796875
overload_with_entrapment_themes_0,Overload with Entrapment Themes,Entrapment cognition,landmark,5,0.06283185307179587,3.141592653589793,0.19344424626135137,3.141592653589793,11.375,29.12991237640381,0.3904920774569211,2339.438720703125
overload_with_entrapment_themes_0,Overload with Entrapment Themes,Entrapment cognition,landmark,7,0.06283185307179587,3.141592653589793,0.19344424626135137,3.141592653589793,2.125,4.696195602416992,0.4524939291085588,3355.976806640625
overload_with_entrapment_themes_0,Overload with Entrapment Themes,Entrapment cognition,landmark,11,0.06283185307179587,3.141592653589793,0.19344424626135137,3.141592653589793,0.5625,5.3379316329956055,0.1053778951613004,16223.95703125
overload_with_entrapment_themes_0,Overload with Entrapment Themes,Entrapment cognition,landmark,15,0.0,0.0,0.0,0.0,42.875,42.875,1.0,25174.275390625
overload_with_entrapment_themes_0,Overload with Entrapment Themes,Entrapment cognition,landmark,22,0.0,0.0,0.0,0.0,13.0625,13.0625,1.0,33165.43359375
overload_with_entrapment_themes_0,Overload with Entrapment Themes,Entrapment cognition,landmark,27,0.06283185307179587,3.141592653589793,0.19344424626135137,3.141592653589793,1.125,36.512351989746094,0.030811490870704197,41349.7109375
overload_with_entrapment_themes_0,Overload with Entrapment Themes,Entrapment cognition,landmark,29,0.0,0.0,0.0,0.0,11.875,11.875,1.0,47449.8515625
overload_with_entrapment_themes_0,Overload with Entrapment Themes,Entrapment cognition,landmark,1,0.0,0.0,0.0,0.0,19.5,19.5,1.0,1170.0428466796875
overload_with_entrapment_themes_0,Overload with Entrapment Themes,Entrapment cognition,landmark,5,0.06283185307179587,3.141592653589793,0.19344424626135137,3.141592653589793,11.375,29.12991237640381,0.3904920774569211,2339.438720703125
overload_with_entrapment_themes_0,Overload with Entrapment Themes,Entrapment cognition,landmark,7,0.06283185307179587,3.141592653589793,0.19344424626135137,3.141592653589793,2.125,4.696195602416992,0.4524939291085588,3355.976806640625
overload_with_entrapment_themes_0,Overload with Entrapment Themes,Entrapment cognition,landmark,11,0.06283185307179587,3.141592653589793,0.19344424626135137,3.141592653589793,0.5625,5.3379316329956055,0.1053778951613004,16223.95703125
overload_with_entrapment_themes_0,Overload with Entrapment Themes,Entrapment cognition,landmark,15,0.0,0.0,0.0,0.0,42.875,42.875,1.0,25174.275390625
overload_with_entrapment_themes_0,Overload with Entrapment Themes,Entrapment cognition,landmark,22,0.0,0.0,0.0,0.0,13.0625,13.0625,1.0,33165.43359375
overload_with_entrapment_themes_0,Overload with Entrapment Themes,Entrapment cognition,landmark,27,0.06283185307179587,3.141592653589793,0.19344424626135137,3.141592653589793,1.125,36.512351989746094,0.030811490870704197,41349.7109375
overload_with_entrapment_themes_0,Overload with Entrapment Themes,Entrapment cognition,landmark,29,0.0,0.0,0.0,0.0,11.875,11.875,1.0,47449.8515625
overload_with_entrapment_themes_0,Overload with Entrapment Themes,Entrapment cognition,landmark,1,0.0,0.0,0.0,0.0,19.5,19.5,1.0,1170.0428466796875
overload_with_entrapment_themes_0,Overload with Entrapment Themes,Entrapment cognition,landmark,5,0.06283185307179587,3.141592653589793,0.19344424626135137,3.141592653589793,11.375,29.12991237640381,0.3904920774569211,2339.438720703125
overload_with_entrapment_themes_0,Overload with Entrapment Themes,Entrapment cognition,landmark,7,0.06283185307179587,3.141592653589793,0.19344424626135137,3.141592653589793,2.125,4.696195602416992,0.4524939291085588,3355.976806640625
overload_with_entrapment_themes_0,Overload with Entrapment Themes,Entrapment cognition,landmark,11,0.06283185307179587,3.141592653589793,0.19344424626135137,3.141592653589793,0.5625,5.3379316329956055,0.1053778951613004,16223.95703125
overload_with_entrapment_themes_0,Overload with Entrapment Themes,Entrapment cognition,landmark,15,0.0,0.0,0.0,0.0,42.875,42.875,1.0,25174.275390625
overload_with_entrapment_themes_0,Overload with Entrapment Themes,Entrapment cognition,landmark,22,0.0,0.0,0.0,0.0,13.0625,13.0625,1.0,33165.43359375
overload_with_entrapment_themes_0,Overload with Entrapment Themes,Entrapment cognition,landmark,27,0.06283185307179587,3.141592653589793,0.19344424626135137,3.141592653589793,1.125,36.512351989746094,0.030811490870704197,41349.7109375
overload_with_entrapment_themes_0,Overload with Entrapment Themes,Entrapment cognition,landmark,29,0.0,0.0,0.0,0.0,11.875,11.875,1.0,47449.8515625
overload_with_entrapment_themes_0,Overload with Entrapment Themes,Entrapment cognition,landmark,1,0.0,0.0,0.0,0.0,19.5,19.5,1.0,1170.0428466796875
overload_with_entrapment_themes_0,Overload with Entrapment Themes,Entrapment cognition,landmark,5,0.06283185307179587,3.141592653589793,0.19344424626135137,3.141592653589793,11.375,29.12991237640381,0.3904920774569211,2339.438720703125
overload_with_entrapment_themes_0,Overload with Entrapment Themes,Entrapment cognition,landmark,7,0.06283185307179587,3.141592653589793,0.19344424626135137,3.141592653589793,2.125,4.696195602416992,0.4524939291085588,3355.976806640625
overload_with_entrapment_themes_0,Overload with Entrapment Themes,Entrapment cognition,landmark,11,0.06283185307179587,3.141592653589793,0.19344424626135137,3.141592653589793,0.5625,5.3379316329956055,0.1053778951613004,16223.95703125
overload_with_entrapment_themes_0,Overload with Entrapment Themes,Entrapment cognition,landmark,15,0.0,0.0,0.0,0.0,42.875,42.875,1.0,25174.275390625
overload_with_entrapment_themes_0,Overload with Entrapment Themes,Entrapment cognition,landmark,22,0.0,0.0,0.0,0.0,13.0625,13.0625,1.0,33165.43359375
overload_with_entrapment_themes_0,Overload with Entrapment Themes,Entrapment cognition,landmark,27,0.06283185307179587,3.141592653589793,0.19344424626135137,3.141592653589793,1.125,36.512351989746094,0.030811490870704197,41349.7109375
overload_with_entrapment_themes_0,Overload with Entrapment Themes,Entrapment cognition,landmark,29,0.0,0.0,0.0,0.0,11.875,11.875,1.0,47449.8515625
overload_with_entrapment_themes_0,Overload with Entrapment Themes,Entrapment cognition,landmark,1,0.0,0.0,0.0,0.0,19.5,19.5,1.0,1170.0428466796875
overload_with_entrapment_themes_0,Overload with Entrapment Themes,Entrapment cognition,landmark,5,0.06283185307179587,3.141592653589793,0.19344424626135137,3.141592653589793,11.375,29.12991237640381,0.3904920774569211,2339.438720703125
overload_with_entrapment_themes_0,Overload with Entrapment Themes,Entrapment cognition,landmark,7,0.06283185307179587,3.141592653589793,0.19344424626135137,3.141592653589793,2.125,4.696195602416992,0.4524939291085588,3355.976806640625
overload_with_entrapment_themes_0,Overload with Entrapment Themes,Entrapment cognition,landmark,11,0.06283185307179587,3.141592653589793,0.19344424626135137,3.141592653589793,0.5625,5.3379316329956055,0.1053778951613004,16223.95703125
overload_with_entrapment_themes_0,Overload with Entrapment Themes,Entrapment cognition,landmark,15,0.0,0.0,0.0,0.0,42.875,42.875,1.0,25174.275390625
overload_with_entrapment_themes_0,Overload with Entrapment Themes,Entrapment cognition,landmark,22,0.0,0.0,0.0,0.0,13.0625,13.0625,1.0,33165.43359375
overload_with_entrapment_themes_0,Overload with Entrapment Themes,Entrapment cognition,landmark,27,0.06283185307179587,3.141592653589793,0.19344424626135137,3.141592653589793,1.125,36.512351989746094,0.030811490870704197,41349.7109375
overload_with_entrapment_themes_0,Overload with Entrapment Themes,Entrapment cognition,landmark,29,0.0,0.0,0.0,0.0,11.875,11.875,1.0,47449.8515625
overload_with_entrapment_themes_0,Overload with Entrapment Themes,Entrapment cognition,landmark,1,0.0,0.0,0.0,0.0,19.5,19.5,1.0,1170.0428466796875
overload_with_entrapment_themes_0,Overload with Entrapment Themes,Entrapment cognition,landmark,5,0.06283185307179587,3.141592653589793,0.19344424626135137,3.141592653589793,11.375,29.12991237640381,0.3904920774569211,2339.438720703125
overload_with_entrapment_themes_0,Overload with Entrapment Themes,Entrapment cognition,landmark,7,0.06283185307179587,3.141592653589793,0.19344424626135137,3.141592653589793,2.125,4.696195602416992,0.4524939291085588,3355.976806640625
overload_with_entrapment_themes_0,Overload with Entrapment Themes,Entrapment cognition,landmark,11,0.06283185307179587,3.141592653589793,0.19344424626135137,3.141592653589793,0.5625,5.3379316329956055,0.1053778951613004,16223.95703125
overload_with_entrapment_themes_0,Overload with Entrapment Themes,Entrapment cognition,landmark,15,0.0,0.0,0.0,0.0,42.875,42.875,1.0,25174.275390625
overload_with_entrapment_themes_0,Overload with Entrapment Themes,Entrapment cognition,landmark,22,0.0,0.0,0.0,0.0,13.0625,13.0625,1.0,33165.43359375
overload_with_entrapment_themes_0,Overload with Entrapment Themes,Entrapment cognition,landmark,27,0.06283185307179587,3.141592653589793,0.19344424626135137,3.141592653589793,1.125,36.512351989746094,0.030811490870704197,41349.7109375
overload_with_entrapment_themes_0,Overload with Entrapment Themes,Entrapment cognition,landmark,29,0.0,0.0,0.0,0.0,11.875,11.875,1.0,47449.8515625
overload_with_entrapment_themes_0,Overload with Entrapment Themes,Entrapment cognition,landmark,1,0.0,0.0,0.0,0.0,19.5,19.5,1.0,1170.0428466796875
overload_with_entrapment_themes_0,Overload with Entrapment Themes,Entrapment cognition,landmark,5,0.06283185307179587,3.141592653589793,0.19344424626135137,3.141592653589793,11.375,29.12991237640381,0.3904920774569211,2339.438720703125
overload_with_entrapment_themes_0,Overload with Entrapment Themes,Entrapment cognition,landmark,7,0.06283185307179587,3.141592653589793,0.19344424626135137,3.141592653589793,2.125,4.696195602416992,0.4524939291085588,3355.976806640625
overload_with_entrapment_themes_0,Overload with Entrapment Themes,Entrapment cognition,landmark,11,0.06283185307179587,3.141592653589793,0.19344424626135137,3.141592653589793,0.5625,5.3379316329956055,0.1053778951613004,16223.95703125
overload_with_entrapment_themes_0,Overload with Entrapment Themes,Entrapment cognition,landmark,15,0.0,0.0,0.0,0.0,42.875,42.875,1.0,25174.275390625
overload_with_entrapment_themes_0,Overload with Entrapment Themes,Entrapment cognition,landmark,22,0.0,0.0,0.0,0.0,13.0625,13.0625,1.0,33165.43359375
overload_with_entrapment_themes_0,Overload with Entrapment Themes,Entrapment cognition,landmark,27,0.06283185307179587,3.141592653589793,0.19344424626135137,3.141592653589793,1.125,36.512351989746094,0.030811490870704197,41349.7109375
overload_with_entrapment_themes_0,Overload with Entrapment Themes,Entrapment cognition,landmark,29,0.0,0.0,0.0,0.0,11.875,11.875,1.0,47449.8515625
overload_with_entrapment_themes_0,Overload with Entrapment Themes,Entrapment cognition,landmark,1,0.0,0.0,0.0,0.0,19.5,19.5,1.0,1170.0428466796875
overload_with_entrapment_themes_0,Overload with Entrapment Themes,Entrapment cognition,landmark,5,0.06283185307179587,3.141592653589793,0.19344424626135137,3.141592653589793,11.375,29.12991237640381,0.3904920774569211,2339.438720703125
overload_with_entrapment_themes_0,Overload with Entrapment Themes,Entrapment cognition,landmark,7,0.06283185307179587,3.141592653589793,0.19344424626135137,3.141592653589793,2.125,4.696195602416992,0.4524939291085588,3355.976806640625
overload_with_entrapment_themes_0,Overload with Entrapment Themes,Entrapment cognition,landmark,11,0.06283185307179587,3.141592653589793,0.19344424626135137,3.141592653589793,0.5625,5.3379316329956055,0.1053778951613004,16223.95703125
overload_with_entrapment_themes_0,Overload with Entrapment Themes,Entrapment cognition,landmark,15,0.0,0.0,0.0,0.0,42.875,42.875,1.0,25174.275390625
overload_with_entrapment_themes_0,Overload with Entrapment Themes,Entrapment cognition,landmark,22,0.0,0.0,0.0,0.0,13.0625,13.0625,1.0,33165.43359375
overload_with_entrapment_themes_0,Overload with Entrapment Themes,Entrapment cognition,landmark,27,0.06283185307179587,3.141592653589793,0.19344424626135137,3.141592653589793,1.125,36.512351989746094,0.030811490870704197,41349.7109375
overload_with_entrapment_themes_0,Overload with Entrapment Themes,Entrapment cognition,landmark,29,0.0,0.0,0.0,0.0,11.875,11.875,1.0,47449.8515625
overload_with_entrapment_themes_0,Overload with Entrapment Themes,Entrapment cognition,landmark,1,0.0,0.0,0.0,0.0,19.5,19.5,1.0,1170.0428466796875
overload_with_entrapment_themes_0,Overload with Entrapment Themes,Entrapment cognition,landmark,5,0.06283185307179587,3.141592653589793,0.19344424626135137,3.141592653589793,11.375,29.12991237640381,0.3904920774569211,2339.438720703125
overload_with_entrapment_themes_0,Overload with Entrapment Themes,Entrapment cognition,landmark,7,0.06283185307179587,3.141592653589793,0.19344424626135137,3.141592653589793,2.125,4.696195602416992,0.4524939291085588,3355.976806640625
overload_with_entrapment_themes_0,Overload with Entrapment Themes,Entrapment cognition,landmark,11,0.06283185307179587,3.141592653589793,0.19344424626135137,3.141592653589793,0.5625,5.3379316329956055,0.1053778951613004,16223.95703125
overload_with_entrapment_themes_0,Overload with Entrapment Themes,Entrapment cognition,landmark,15,0.0,0.0,0.0,0.0,42.875,42.875,1.0,25174.275390625
overload_with_entrapment_themes_0,Overload with Entrapment Themes,Entrapment cognition,landmark,22,0.0,0.0,0.0,0.0,13.0625,13.0625,1.0,33165.43359375
overload_with_entrapment_themes_0,Overload with Entrapment Themes,Entrapment cognition,landmark,27,0.06283185307179587,3.141592653589793,0.19344424626135137,3.141592653589793,1.125,36.512351989746094,0.030811490870704197,41349.7109375
overload_with_entrapment_themes_0,Overload with Entrapment Themes,Entrapment cognition,landmark,29,0.0,0.0,0.0,0.0,11.875,11.875,1.0,47449.8515625
overload_with_entrapment_themes_0,Overload with Entrapment Themes,Entrapment cognition,landmark,1,0.0,0.0,0.0,0.0,19.5,19.5,1.0,1170.0428466796875
overload_with_entrapment_themes_0,Overload with Entrapment Themes,Entrapment cognition,landmark,5,0.06283185307179587,3.141592653589793,0.19344424626135137,3.141592653589793,11.375,29.12991237640381,0.3904920774569211,2339.438720703125
overload_with_entrapment_themes_0,Overload with Entrapment Themes,Entrapment cognition,landmark,7,0.06283185307179587,3.141592653589793,0.19344424626135137,3.141592653589793,2.125,4.696195602416992,0.4524939291085588,3355.976806640625
overload_with_entrapment_themes_0,Overload with Entrapment Themes,Entrapment cognition,landmark,11,0.06283185307179587,3.141592653589793,0.19344424626135137,3.141592653589793,0.5625,5.3379316329956055,0.1053778951613004,16223.95703125
overload_with_entrapment_themes_0,Overload with Entrapment Themes,Entrapment cognition,landmark,15,0.0,0.0,0.0,0.0,42.875,42.875,1.0,25174.275390625
overload_with_entrapment_themes_0,Overload with Entrapment Themes,Entrapment cognition,landmark,22,0.0,0.0,0.0,0.0,13.0625,13.0625,1.0,33165.43359375
overload_with_entrapment_themes_0,Overload with Entrapment Themes,Entrapment cognition,landmark,27,0.06283185307179587,3.141592653589793,0.19344424626135137,3.141592653589793,1.125,36.512351989746094,0.030811490870704197,41349.7109375
overload_with_entrapment_themes_0,Overload with Entrapment Themes,Entrapment cognition,landmark,29,0.0,0.0,0.0,0.0,11.875,11.875,1.0,47449.8515625
overload_with_entrapment_themes_0,Overload with Entrapment Themes,Entrapment cognition,landmark,1,0.0,0.0,0.0,0.0,19.5,19.5,1.0,1170.0428466796875
overload_with_entrapment_themes_0,Overload with Entrapment Themes,Entrapment cognition,landmark,5,0.06283185307179587,3.141592653589793,0.19344424626135137,3.141592653589793,11.375,29.12991237640381,0.3904920774569211,2339.438720703125
overload_with_entrapment_themes_0,Overload with Entrapment Themes,Entrapment cognition,landmark,7,0.06283185307179587,3.141592653589793,0.19344424626135137,3.141592653589793,2.125,4.696195602416992,0.4524939291085588,3355.976806640625
overload_with_entrapment_themes_0,Overload with Entrapment Themes,Entrapment cognition,landmark,11,0.06283185307179587,3.141592653589793,0.19344424626135137,3.141592653589793,0.5625,5.3379316329956055,0.1053778951613004,16223.95703125
overload_with_entrapment_themes_0,Overload with Entrapment Themes,Entrapment cognition,landmark,15,0.0,0.0,0.0,0.0,42.875,42.875,1.0,25174.275390625
overload_with_entrapment_themes_0,Overload with Entrapment Themes,Entrapment cognition,landmark,22,0.0,0.0,0.0,0.0,13.0625,13.0625,1.0,33165.43359375
overload_with_entrapment_themes_0,Overload with Entrapment Themes,Entrapment cognition,landmark,27,0.06283185307179587,3.141592653589793,0.19344424626135137,3.141592653589793,1.125,36.512351989746094,0.030811490870704197,41349.7109375
overload_with_entrapment_themes_0,Overload with Entrapment Themes,Entrapment cognition,landmark,29,0.0,0.0,0.0,0.0,11.875,11.875,1.0,47449.8515625
overload_with_entrapment_themes_0,Overload with Entrapment Themes,Entrapment cognition,landmark,1,0.0,0.0,0.0,0.0,19.5,19.5,1.0,1170.0428466796875
overload_with_entrapment_themes_0,Overload with Entrapment Themes,Entrapment cognition,landmark,5,0.06283185307179587,3.141592653589793,0.19344424626135137,3.141592653589793,11.375,29.12991237640381,0.3904920774569211,2339.438720703125
overload_with_entrapment_themes_0,Overload with Entrapment Themes,Entrapment cognition,landmark,7,0.06283185307179587,3.141592653589793,0.19344424626135137,3.141592653589793,2.125,4.696195602416992,0.4524939291085588,3355.976806640625
overload_with_entrapment_themes_0,Overload with Entrapment Themes,Entrapment cognition,landmark,11,0.06283185307179587,3.141592653589793,0.19344424626135137,3.141592653589793,0.5625,5.3379316329956055,0.1053778951613004,16223.95703125
overload_with_entrapment_themes_0,Overload with Entrapment Themes,Entrapment cognition,landmark,15,0.0,0.0,0.0,0.0,42.875,42.875,1.0,25174.275390625
overload_with_entrapment_themes_0,Overload with Entrapment Themes,Entrapment cognition,landmark,22,0.0,0.0,0.0,0.0,13.0625,13.0625,1.0,33165.43359375
overload_with_entrapment_themes_0,Overload with Entrapment Themes,Entrapment cognition,landmark,27,0.06283185307179587,3.141592653589793,0.19344424626135137,3.141592653589793,1.125,36.512351989746094,0.030811490870704197,41349.7109375
overload_with_entrapment_themes_0,Overload with Entrapment Themes,Entrapment cognition,landmark,29,0.0,0.0,0.0,0.0,11.875,11.875,1.0,47449.8515625
overload_with_entrapment_themes_0,Overload with Entrapment Themes,Entrapment cognition,landmark,1,0.0,0.0,0.0,0.0,19.5,19.5,1.0,1170.0428466796875
overload_with_entrapment_themes_0,Overload with Entrapment Themes,Entrapment cognition,landmark,5,0.06283185307179587,3.141592653589793,0.19344424626135137,3.141592653589793,11.375,29.12991237640381,0.3904920774569211,2339.438720703125
overload_with_entrapment_themes_0,Overload with Entrapment Themes,Entrapment cognition,landmark,7,0.06283185307179587,3.141592653589793,0.19344424626135137,3.141592653589793,2.125,4.696195602416992,0.4524939291085588,3355.976806640625
overload_with_entrapment_themes_0,Overload with Entrapment Themes,Entrapment cognition,landmark,11,0.06283185307179587,3.141592653589793,0.19344424626135137,3.141592653589793,0.5625,5.3379316329956055,0.1053778951613004,16223.95703125
overload_with_entrapment_themes_0,Overload with Entrapment Themes,Entrapment cognition,landmark,15,0.0,0.0,0.0,0.0,42.875,42.875,1.0,25174.275390625
overload_with_entrapment_themes_0,Overload with Entrapment Themes,Entrapment cognition,landmark,22,0.0,0.0,0.0,0.0,13.0625,13.0625,1.0,33165.43359375
overload_with_entrapment_themes_0,Overload with Entrapment Themes,Entrapment cognition,landmark,27,0.06283185307179587,3.141592653589793,0.19344424626135137,3.141592653589793,1.125,36.512351989746094,0.030811490870704197,41349.7109375
overload_with_entrapment_themes_0,Overload with Entrapment Themes,Entrapment cognition,landmark,29,0.0,0.0,0.0,0.0,11.875,11.875,1.0,47449.8515625
overload_with_entrapment_themes_0,Overload with Entrapment Themes,Entrapment cognition,landmark,1,0.0,0.0,0.0,0.0,19.5,19.5,1.0,1170.0428466796875
overload_with_entrapment_themes_0,Overload with Entrapment Themes,Entrapment cognition,landmark,5,0.06283185307179587,3.141592653589793,0.19344424626135137,3.141592653589793,11.375,29.12991237640381,0.3904920774569211,2339.438720703125
overload_with_entrapment_themes_0,Overload with Entrapment Themes,Entrapment cognition,landmark,7,0.06283185307179587,3.141592653589793,0.19344424626135137,3.141592653589793,2.125,4.696195602416992,0.4524939291085588,3355.976806640625
overload_with_entrapment_themes_0,Overload with Entrapment Themes,Entrapment cognition,landmark,11,0.06283185307179587,3.141592653589793,0.19344424626135137,3.141592653589793,0.5625,5.3379316329956055,0.1053778951613004,16223.95703125
overload_with_entrapment_themes_0,Overload with Entrapment Themes,Entrapment cognition,landmark,15,0.0,0.0,0.0,0.0,42.875,42.875,1.0,25174.275390625
overload_with_entrapment_themes_0,Overload with Entrapment Themes,Entrapment cognition,landmark,22,0.0,0.0,0.0,0.0,13.0625,13.0625,1.0,33165.43359375
overload_with_entrapment_themes_0,Overload with Entrapment Themes,Entrapment cognition,landmark,27,0.06283185307179587,3.141592653589793,0.19344424626135137,3.141592653589793,1.125,36.512351989746094,0.030811490870704197,41349.7109375
overload_with_entrapment_themes_0,Overload with Entrapment Themes,Entrapment cognition,landmark,29,0.0,0.0,0.0,0.0,11.875,11.875,1.0,47449.8515625
overload_with_entrapment_themes_0,Overload with Entrapment Themes,Entrapment cognition,landmark,1,0.0,0.0,0.0,0.0,19.5,19.5,1.0,1170.0428466796875
overload_with_entrapment_themes_0,Overload with Entrapment Themes,Entrapment cognition,landmark,5,0.06283185307179587,3.141592653589793,0.19344424626135137,3.141592653589793,11.375,29.12991237640381,0.3904920774569211,2339.438720703125
overload_with_entrapment_themes_0,Overload with Entrapment Themes,Entrapment cognition,landmark,7,0.06283185307179587,3.141592653589793,0.19344424626135137,3.141592653589793,2.125,4.696195602416992,0.4524939291085588,3355.976806640625
overload_with_entrapment_themes_0,Overload with Entrapment Themes,Entrapment cognition,landmark,11,0.06283185307179587,3.141592653589793,0.19344424626135137,3.141592653589793,0.5625,5.3379316329956055,0.1053778951613004,16223.95703125
overload_with_entrapment_themes_0,Overload with Entrapment Themes,Entrapment cognition,landmark,15,0.0,0.0,0.0,0.0,42.875,42.875,1.0,25174.275390625
overload_with_entrapment_themes_0,Overload with Entrapment Themes,Entrapment cognition,landmark,22,0.0,0.0,0.0,0.0,13.0625,13.0625,1.0,33165.43359375
overload_with_entrapment_themes_0,Overload with Entrapment Themes,Entrapment cognition,landmark,27,0.06283185307179587,3.141592653589793,0.19344424626135137,3.141592653589793,1.125,36.512351989746094,0.030811490870704197,41349.7109375
overload_with_entrapment_themes_0,Overload with Entrapment Themes,Entrapment cognition,landmark,29,0.0,0.0,0.0,0.0,11.875,11.875,1.0,47449.8515625
overwhelmed_narrative_processing_0,Overwhelmed Narrative Processing,Over-elaborative recounting,landmark,1,0.06283185307179587,3.141592653589793,0.19344424626135137,3.141592653589793,6.078125,23.098831176757812,0.2631356086153765,1109.9117431640625
overwhelmed_narrative_processing_0,Overwhelmed Narrative Processing,Over-elaborative recounting,landmark,5,0.0,0.0,0.0,0.0,10.375,10.375000476837158,0.9999999540397941,2199.971923828125
overwhelmed_narrative_processing_0,Overwhelmed Narrative Processing,Over-elaborative recounting,landmark,7,0.06283185307179587,3.141592653589793,0.19344424626135137,3.141592653589793,15.265625,16.245738744735718,0.9396694874800129,3766.291259765625
overwhelmed_narrative_processing_0,Overwhelmed Narrative Processing,Over-elaborative recounting,landmark,11,0.0,0.0,0.0,0.0,0.0390625,5.6717352867126465,0.006887221992097014,18337.39453125
overwhelmed_narrative_processing_0,Overwhelmed Narrative Processing,Over-elaborative recounting,landmark,15,0.06283185307179587,3.141592653589793,0.19344424626135137,3.141592653589793,17.4375,43.8868465423584,0.3973286160619856,30295.306640625
overwhelmed_narrative_processing_0,Overwhelmed Narrative Processing,Over-elaborative recounting,landmark,22,0.0,0.0,0.0,0.0,34.28125,34.28124809265137,1.0000000556382493,33096.9453125
overwhelmed_narrative_processing_0,Overwhelmed Narrative Processing,Over-elaborative recounting,landmark,27,0.06283185307179587,3.141592653589793,0.19344424626135137,3.141592653589793,23.125,36.349191665649414,0.6361902133260781,39806.97265625
overwhelmed_narrative_processing_0,Overwhelmed Narrative Processing,Over-elaborative recounting,landmark,29,0.0,0.0,0.0,0.0,5.937500953674316,5.937500953674316,1.0,47298.2421875
overwhelmed_narrative_processing_0,Overwhelmed Narrative Processing,Over-elaborative recounting,landmark,1,0.06283185307179587,3.141592653589793,0.19344424626135137,3.141592653589793,6.078125,23.098831176757812,0.2631356086153765,1109.9117431640625
overwhelmed_narrative_processing_0,Overwhelmed Narrative Processing,Over-elaborative recounting,landmark,5,0.0,0.0,0.0,0.0,10.375,10.375000476837158,0.9999999540397941,2199.971923828125
overwhelmed_narrative_processing_0,Overwhelmed Narrative Processing,Over-elaborative recounting,landmark,7,0.06283185307179587,3.141592653589793,0.19344424626135137,3.141592653589793,15.265625,16.245738744735718,0.9396694874800129,3766.291259765625
overwhelmed_narrative_processing_0,Overwhelmed Narrative Processing,Over-elaborative recounting,landmark,11,0.0,0.0,0.0,0.0,0.0390625,5.6717352867126465,0.006887221992097014,18337.39453125
overwhelmed_narrative_processing_0,Overwhelmed Narrative Processing,Over-elaborative recounting,landmark,15,0.06283185307179587,3.141592653589793,0.19344424626135137,3.141592653589793,17.4375,43.8868465423584,0.3973286160619856,30295.306640625
overwhelmed_narrative_processing_0,Overwhelmed Narrative Processing,Over-elaborative recounting,landmark,22,0.0,0.0,0.0,0.0,34.28125,34.28124809265137,1.0000000556382493,33096.9453125
overwhelmed_narrative_processing_0,Overwhelmed Narrative Processing,Over-elaborative recounting,landmark,27,0.06283185307179587,3.141592653589793,0.19344424626135137,3.141592653589793,23.125,36.349191665649414,0.6361902133260781,39806.97265625
overwhelmed_narrative_processing_0,Overwhelmed Narrative Processing,Over-elaborative recounting,landmark,29,0.0,0.0,0.0,0.0,5.937500953674316,5.937500953674316,1.0,47298.2421875
overwhelmed_narrative_processing_0,Overwhelmed Narrative Processing,Over-elaborative recounting,landmark,1,0.06283185307179587,3.141592653589793,0.19344424626135137,3.141592653589793,6.078125,23.098831176757812,0.2631356086153765,1109.9117431640625
overwhelmed_narrative_processing_0,Overwhelmed Narrative Processing,Over-elaborative recounting,landmark,5,0.0,0.0,0.0,0.0,10.375,10.375000476837158,0.9999999540397941,2199.971923828125
overwhelmed_narrative_processing_0,Overwhelmed Narrative Processing,Over-elaborative recounting,landmark,7,0.06283185307179587,3.141592653589793,0.19344424626135137,3.141592653589793,15.265625,16.245738744735718,0.9396694874800129,3766.291259765625
overwhelmed_narrative_processing_0,Overwhelmed Narrative Processing,Over-elaborative recounting,landmark,11,0.0,0.0,0.0,0.0,0.0390625,5.6717352867126465,0.006887221992097014,18337.39453125
overwhelmed_narrative_processing_0,Overwhelmed Narrative Processing,Over-elaborative recounting,landmark,15,0.06283185307179587,3.141592653589793,0.19344424626135137,3.141592653589793,17.4375,43.8868465423584,0.3973286160619856,30295.306640625
overwhelmed_narrative_processing_0,Overwhelmed Narrative Processing,Over-elaborative recounting,landmark,22,0.0,0.0,0.0,0.0,34.28125,34.28124809265137,1.0000000556382493,33096.9453125
overwhelmed_narrative_processing_0,Overwhelmed Narrative Processing,Over-elaborative recounting,landmark,27,0.06283185307179587,3.141592653589793,0.19344424626135137,3.141592653589793,23.125,36.349191665649414,0.6361902133260781,39806.97265625
overwhelmed_narrative_processing_0,Overwhelmed Narrative Processing,Over-elaborative recounting,landmark,29,0.0,0.0,0.0,0.0,5.937500953674316,5.937500953674316,1.0,47298.2421875
overwhelmed_narrative_processing_0,Overwhelmed Narrative Processing,Over-elaborative recounting,landmark,1,0.06283185307179587,3.141592653589793,0.19344424626135137,3.141592653589793,6.078125,23.098831176757812,0.2631356086153765,1109.9117431640625
overwhelmed_narrative_processing_0,Overwhelmed Narrative Processing,Over-elaborative recounting,landmark,5,0.0,0.0,0.0,0.0,10.375,10.375000476837158,0.9999999540397941,2199.971923828125
overwhelmed_narrative_processing_0,Overwhelmed Narrative Processing,Over-elaborative recounting,landmark,7,0.06283185307179587,3.141592653589793,0.19344424626135137,3.141592653589793,15.265625,16.245738744735718,0.9396694874800129,3766.291259765625
overwhelmed_narrative_processing_0,Overwhelmed Narrative Processing,Over-elaborative recounting,landmark,11,0.0,0.0,0.0,0.0,0.0390625,5.6717352867126465,0.006887221992097014,18337.39453125
overwhelmed_narrative_processing_0,Overwhelmed Narrative Processing,Over-elaborative recounting,landmark,15,0.06283185307179587,3.141592653589793,0.19344424626135137,3.141592653589793,17.4375,43.8868465423584,0.3973286160619856,30295.306640625
overwhelmed_narrative_processing_0,Overwhelmed Narrative Processing,Over-elaborative recounting,landmark,22,0.0,0.0,0.0,0.0,34.28125,34.28124809265137,1.0000000556382493,33096.9453125
overwhelmed_narrative_processing_0,Overwhelmed Narrative Processing,Over-elaborative recounting,landmark,27,0.06283185307179587,3.141592653589793,0.19344424626135137,3.141592653589793,23.125,36.349191665649414,0.6361902133260781,39806.97265625
overwhelmed_narrative_processing_0,Overwhelmed Narrative Processing,Over-elaborative recounting,landmark,29,0.0,0.0,0.0,0.0,5.937500953674316,5.937500953674316,1.0,47298.2421875
overwhelmed_narrative_processing_0,Overwhelmed Narrative Processing,Over-elaborative recounting,landmark,1,0.06283185307179587,3.141592653589793,0.19344424626135137,3.141592653589793,6.078125,23.098831176757812,0.2631356086153765,1109.9117431640625
overwhelmed_narrative_processing_0,Overwhelmed Narrative Processing,Over-elaborative recounting,landmark,5,0.0,0.0,0.0,0.0,10.375,10.375000476837158,0.9999999540397941,2199.971923828125
overwhelmed_narrative_processing_0,Overwhelmed Narrative Processing,Over-elaborative recounting,landmark,7,0.06283185307179587,3.141592653589793,0.19344424626135137,3.141592653589793,15.265625,16.245738744735718,0.9396694874800129,3766.291259765625
overwhelmed_narrative_processing_0,Overwhelmed Narrative Processing,Over-elaborative recounting,landmark,11,0.0,0.0,0.0,0.0,0.0390625,5.6717352867126465,0.006887221992097014,18337.39453125
overwhelmed_narrative_processing_0,Overwhelmed Narrative Processing,Over-elaborative recounting,landmark,15,0.06283185307179587,3.141592653589793,0.19344424626135137,3.141592653589793,17.4375,43.8868465423584,0.3973286160619856,30295.306640625
overwhelmed_narrative_processing_0,Overwhelmed Narrative Processing,Over-elaborative recounting,landmark,22,0.0,0.0,0.0,0.0,34.28125,34.28124809265137,1.0000000556382493,33096.9453125
overwhelmed_narrative_processing_0,Overwhelmed Narrative Processing,Over-elaborative recounting,landmark,27,0.06283185307179587,3.141592653589793,0.19344424626135137,3.141592653589793,23.125,36.349191665649414,0.6361902133260781,39806.97265625
overwhelmed_narrative_processing_0,Overwhelmed Narrative Processing,Over-elaborative recounting,landmark,29,0.0,0.0,0.0,0.0,5.937500953674316,5.937500953674316,1.0,47298.2421875
overwhelmed_narrative_processing_0,Overwhelmed Narrative Processing,Over-elaborative recounting,landmark,1,0.06283185307179587,3.141592653589793,0.19344424626135137,3.141592653589793,6.078125,23.098831176757812,0.2631356086153765,1109.9117431640625
overwhelmed_narrative_processing_0,Overwhelmed Narrative Processing,Over-elaborative recounting,landmark,5,0.0,0.0,0.0,0.0,10.375,10.375000476837158,0.9999999540397941,2199.971923828125
overwhelmed_narrative_processing_0,Overwhelmed Narrative Processing,Over-elaborative recounting,landmark,7,0.06283185307179587,3.141592653589793,0.19344424626135137,3.141592653589793,15.265625,16.245738744735718,0.9396694874800129,3766.291259765625
overwhelmed_narrative_processing_0,Overwhelmed Narrative Processing,Over-elaborative recounting,landmark,11,0.0,0.0,0.0,0.0,0.0390625,5.6717352867126465,0.006887221992097014,18337.39453125
overwhelmed_narrative_processing_0,Overwhelmed Narrative Processing,Over-elaborative recounting,landmark,15,0.06283185307179587,3.141592653589793,0.19344424626135137,3.141592653589793,17.4375,43.8868465423584,0.3973286160619856,30295.306640625
overwhelmed_narrative_processing_0,Overwhelmed Narrative Processing,Over-elaborative recounting,landmark,22,0.0,0.0,0.0,0.0,34.28125,34.28124809265137,1.0000000556382493,33096.9453125
overwhelmed_narrative_processing_0,Overwhelmed Narrative Processing,Over-elaborative recounting,landmark,27,0.06283185307179587,3.141592653589793,0.19344424626135137,3.141592653589793,23.125,36.349191665649414,0.6361902133260781,39806.97265625
overwhelmed_narrative_processing_0,Overwhelmed Narrative Processing,Over-elaborative recounting,landmark,29,0.0,0.0,0.0,0.0,5.937500953674316,5.937500953674316,1.0,47298.2421875
overwhelmed_narrative_processing_0,Overwhelmed Narrative Processing,Over-elaborative recounting,landmark,1,0.06283185307179587,3.141592653589793,0.19344424626135137,3.141592653589793,6.078125,23.098831176757812,0.2631356086153765,1109.9117431640625
overwhelmed_narrative_processing_0,Overwhelmed Narrative Processing,Over-elaborative recounting,landmark,5,0.0,0.0,0.0,0.0,10.375,10.375000476837158,0.9999999540397941,2199.971923828125
overwhelmed_narrative_processing_0,Overwhelmed Narrative Processing,Over-elaborative recounting,landmark,7,0.06283185307179587,3.141592653589793,0.19344424626135137,3.141592653589793,15.265625,16.245738744735718,0.9396694874800129,3766.291259765625
overwhelmed_narrative_processing_0,Overwhelmed Narrative Processing,Over-elaborative recounting,landmark,11,0.0,0.0,0.0,0.0,0.0390625,5.6717352867126465,0.006887221992097014,18337.39453125
overwhelmed_narrative_processing_0,Overwhelmed Narrative Processing,Over-elaborative recounting,landmark,15,0.06283185307179587,3.141592653589793,0.19344424626135137,3.141592653589793,17.4375,43.8868465423584,0.3973286160619856,30295.306640625
overwhelmed_narrative_processing_0,Overwhelmed Narrative Processing,Over-elaborative recounting,landmark,22,0.0,0.0,0.0,0.0,34.28125,34.28124809265137,1.0000000556382493,33096.9453125
overwhelmed_narrative_processing_0,Overwhelmed Narrative Processing,Over-elaborative recounting,landmark,27,0.06283185307179587,3.141592653589793,0.19344424626135137,3.141592653589793,23.125,36.349191665649414,0.6361902133260781,39806.97265625
overwhelmed_narrative_processing_0,Overwhelmed Narrative Processing,Over-elaborative recounting,landmark,29,0.0,0.0,0.0,0.0,5.937500953674316,5.937500953674316,1.0,47298.2421875
overwhelmed_narrative_processing_0,Overwhelmed Narrative Processing,Over-elaborative recounting,landmark,1,0.06283185307179587,3.141592653589793,0.19344424626135137,3.141592653589793,6.078125,23.098831176757812,0.2631356086153765,1109.9117431640625
overwhelmed_narrative_processing_0,Overwhelmed Narrative Processing,Over-elaborative recounting,landmark,5,0.0,0.0,0.0,0.0,10.375,10.375000476837158,0.9999999540397941,2199.971923828125
overwhelmed_narrative_processing_0,Overwhelmed Narrative Processing,Over-elaborative recounting,landmark,7,0.06283185307179587,3.141592653589793,0.19344424626135137,3.141592653589793,15.265625,16.245738744735718,0.9396694874800129,3766.291259765625
overwhelmed_narrative_processing_0,Overwhelmed Narrative Processing,Over-elaborative recounting,landmark,11,0.0,0.0,0.0,0.0,0.0390625,5.6717352867126465,0.006887221992097014,18337.39453125
overwhelmed_narrative_processing_0,Overwhelmed Narrative Processing,Over-elaborative recounting,landmark,15,0.06283185307179587,3.141592653589793,0.19344424626135137,3.141592653589793,17.4375,43.8868465423584,0.3973286160619856,30295.306640625
overwhelmed_narrative_processing_0,Overwhelmed Narrative Processing,Over-elaborative recounting,landmark,22,0.0,0.0,0.0,0.0,34.28125,34.28124809265137,1.0000000556382493,33096.9453125
overwhelmed_narrative_processing_0,Overwhelmed Narrative Processing,Over-elaborative recounting,landmark,27,0.06283185307179587,3.141592653589793,0.19344424626135137,3.141592653589793,23.125,36.349191665649414,0.6361902133260781,39806.97265625
overwhelmed_narrative_processing_0,Overwhelmed Narrative Processing,Over-elaborative recounting,landmark,29,0.0,0.0,0.0,0.0,5.937500953674316,5.937500953674316,1.0,47298.2421875
overwhelmed_narrative_processing_0,Overwhelmed Narrative Processing,Over-elaborative recounting,landmark,1,0.06283185307179587,3.141592653589793,0.19344424626135137,3.141592653589793,6.078125,23.098831176757812,0.2631356086153765,1109.9117431640625
overwhelmed_narrative_processing_0,Overwhelmed Narrative Processing,Over-elaborative recounting,landmark,5,0.0,0.0,0.0,0.0,10.375,10.375000476837158,0.9999999540397941,2199.971923828125
overwhelmed_narrative_processing_0,Overwhelmed Narrative Processing,Over-elaborative recounting,landmark,7,0.06283185307179587,3.141592653589793,0.19344424626135137,3.141592653589793,15.265625,16.245738744735718,0.9396694874800129,3766.291259765625
overwhelmed_narrative_processing_0,Overwhelmed Narrative Processing,Over-elaborative recounting,landmark,11,0.0,0.0,0.0,0.0,0.0390625,5.6717352867126465,0.006887221992097014,18337.39453125
overwhelmed_narrative_processing_0,Overwhelmed Narrative Processing,Over-elaborative recounting,landmark,15,0.06283185307179587,3.141592653589793,0.19344424626135137,3.141592653589793,17.4375,43.8868465423584,0.3973286160619856,30295.306640625
overwhelmed_narrative_processing_0,Overwhelmed Narrative Processing,Over-elaborative recounting,landmark,22,0.0,0.0,0.0,0.0,34.28125,34.28124809265137,1.0000000556382493,33096.9453125
overwhelmed_narrative_processing_0,Overwhelmed Narrative Processing,Over-elaborative recounting,landmark,27,0.06283185307179587,3.141592653589793,0.19344424626135137,3.141592653589793,23.125,36.349191665649414,0.6361902133260781,39806.97265625
overwhelmed_narrative_processing_0,Overwhelmed Narrative Processing,Over-elaborative recounting,landmark,29,0.0,0.0,0.0,0.0,5.937500953674316,5.937500953674316,1.0,47298.2421875
overwhelmed_narrative_processing_0,Overwhelmed Narrative Processing,Over-elaborative recounting,landmark,1,0.06283185307179587,3.141592653589793,0.19344424626135137,3.141592653589793,6.078125,23.098831176757812,0.2631356086153765,1109.9117431640625
overwhelmed_narrative_processing_0,Overwhelmed Narrative Processing,Over-elaborative recounting,landmark,5,0.0,0.0,0.0,0.0,10.375,10.375000476837158,0.9999999540397941,2199.971923828125
overwhelmed_narrative_processing_0,Overwhelmed Narrative Processing,Over-elaborative recounting,landmark,7,0.06283185307179587,3.141592653589793,0.19344424626135137,3.141592653589793,15.265625,16.245738744735718,0.9396694874800129,3766.291259765625
overwhelmed_narrative_processing_0,Overwhelmed Narrative Processing,Over-elaborative recounting,landmark,11,0.0,0.0,0.0,0.0,0.0390625,5.6717352867126465,0.006887221992097014,18337.39453125
overwhelmed_narrative_processing_0,Overwhelmed Narrative Processing,Over-elaborative recounting,landmark,15,0.06283185307179587,3.141592653589793,0.19344424626135137,3.141592653589793,17.4375,43.8868465423584,0.3973286160619856,30295.306640625
overwhelmed_narrative_processing_0,Overwhelmed Narrative Processing,Over-elaborative recounting,landmark,22,0.0,0.0,0.0,0.0,34.28125,34.28124809265137,1.0000000556382493,33096.9453125
overwhelmed_narrative_processing_0,Overwhelmed Narrative Processing,Over-elaborative recounting,landmark,27,0.06283185307179587,3.141592653589793,0.19344424626135137,3.141592653589793,23.125,36.349191665649414,0.6361902133260781,39806.97265625
overwhelmed_narrative_processing_0,Overwhelmed Narrative Processing,Over-elaborative recounting,landmark,29,0.0,0.0,0.0,0.0,5.937500953674316,5.937500953674316,1.0,47298.2421875
overwhelmed_narrative_processing_0,Overwhelmed Narrative Processing,Over-elaborative recounting,landmark,1,0.06283185307179587,3.141592653589793,0.19344424626135137,3.141592653589793,6.078125,23.098831176757812,0.2631356086153765,1109.9117431640625
overwhelmed_narrative_processing_0,Overwhelmed Narrative Processing,Over-elaborative recounting,landmark,5,0.0,0.0,0.0,0.0,10.375,10.375000476837158,0.9999999540397941,2199.971923828125
overwhelmed_narrative_processing_0,Overwhelmed Narrative Processing,Over-elaborative recounting,landmark,7,0.06283185307179587,3.141592653589793,0.19344424626135137,3.141592653589793,15.265625,16.245738744735718,0.9396694874800129,3766.291259765625
overwhelmed_narrative_processing_0,Overwhelmed Narrative Processing,Over-elaborative recounting,landmark,11,0.0,0.0,0.0,0.0,0.0390625,5.6717352867126465,0.006887221992097014,18337.39453125
overwhelmed_narrative_processing_0,Overwhelmed Narrative Processing,Over-elaborative recounting,landmark,15,0.06283185307179587,3.141592653589793,0.19344424626135137,3.141592653589793,17.4375,43.8868465423584,0.3973286160619856,30295.306640625
overwhelmed_narrative_processing_0,Overwhelmed Narrative Processing,Over-elaborative recounting,landmark,22,0.0,0.0,0.0,0.0,34.28125,34.28124809265137,1.0000000556382493,33096.9453125
overwhelmed_narrative_processing_0,Overwhelmed Narrative Processing,Over-elaborative recounting,landmark,27,0.06283185307179587,3.141592653589793,0.19344424626135137,3.141592653589793,23.125,36.349191665649414,0.6361902133260781,39806.97265625
overwhelmed_narrative_processing_0,Overwhelmed Narrative Processing,Over-elaborative recounting,landmark,29,0.0,0.0,0.0,0.0,5.937500953674316,5.937500953674316,1.0,47298.2421875
overwhelmed_narrative_processing_0,Overwhelmed Narrative Processing,Over-elaborative recounting,landmark,1,0.06283185307179587,3.141592653589793,0.19344424626135137,3.141592653589793,6.078125,23.098831176757812,0.2631356086153765,1109.9117431640625
overwhelmed_narrative_processing_0,Overwhelmed Narrative Processing,Over-elaborative recounting,landmark,5,0.0,0.0,0.0,0.0,10.375,10.375000476837158,0.9999999540397941,2199.971923828125
overwhelmed_narrative_processing_0,Overwhelmed Narrative Processing,Over-elaborative recounting,landmark,7,0.06283185307179587,3.141592653589793,0.19344424626135137,3.141592653589793,15.265625,16.245738744735718,0.9396694874800129,3766.291259765625
overwhelmed_narrative_processing_0,Overwhelmed Narrative Processing,Over-elaborative recounting,landmark,11,0.0,0.0,0.0,0.0,0.0390625,5.6717352867126465,0.006887221992097014,18337.39453125
overwhelmed_narrative_processing_0,Overwhelmed Narrative Processing,Over-elaborative recounting,landmark,15,0.06283185307179587,3.141592653589793,0.19344424626135137,3.141592653589793,17.4375,43.8868465423584,0.3973286160619856,30295.306640625
overwhelmed_narrative_processing_0,Overwhelmed Narrative Processing,Over-elaborative recounting,landmark,22,0.0,0.0,0.0,0.0,34.28125,34.28124809265137,1.0000000556382493,33096.9453125
overwhelmed_narrative_processing_0,Overwhelmed Narrative Processing,Over-elaborative recounting,landmark,27,0.06283185307179587,3.141592653589793,0.19344424626135137,3.141592653589793,23.125,36.349191665649414,0.6361902133260781,39806.97265625
overwhelmed_narrative_processing_0,Overwhelmed Narrative Processing,Over-elaborative recounting,landmark,29,0.0,0.0,0.0,0.0,5.937500953674316,5.937500953674316,1.0,47298.2421875
overwhelmed_narrative_processing_0,Overwhelmed Narrative Processing,Over-elaborative recounting,landmark,1,0.06283185307179587,3.141592653589793,0.19344424626135137,3.141592653589793,6.078125,23.098831176757812,0.2631356086153765,1109.9117431640625
overwhelmed_narrative_processing_0,Overwhelmed Narrative Processing,Over-elaborative recounting,landmark,5,0.0,0.0,0.0,0.0,10.375,10.375000476837158,0.9999999540397941,2199.971923828125
overwhelmed_narrative_processing_0,Overwhelmed Narrative Processing,Over-elaborative recounting,landmark,7,0.06283185307179587,3.141592653589793,0.19344424626135137,3.141592653589793,15.265625,16.245738744735718,0.9396694874800129,3766.291259765625
overwhelmed_narrative_processing_0,Overwhelmed Narrative Processing,Over-elaborative recounting,landmark,11,0.0,0.0,0.0,0.0,0.0390625,5.6717352867126465,0.006887221992097014,18337.39453125
overwhelmed_narrative_processing_0,Overwhelmed Narrative Processing,Over-elaborative recounting,landmark,15,0.06283185307179587,3.141592653589793,0.19344424626135137,3.141592653589793,17.4375,43.8868465423584,0.3973286160619856,30295.306640625
overwhelmed_narrative_processing_0,Overwhelmed Narrative Processing,Over-elaborative recounting,landmark,22,0.0,0.0,0.0,0.0,34.28125,34.28124809265137,1.0000000556382493,33096.9453125
overwhelmed_narrative_processing_0,Overwhelmed Narrative Processing,Over-elaborative recounting,landmark,27,0.06283185307179587,3.141592653589793,0.19344424626135137,3.141592653589793,23.125,36.349191665649414,0.6361902133260781,39806.97265625
overwhelmed_narrative_processing_0,Overwhelmed Narrative Processing,Over-elaborative recounting,landmark,29,0.0,0.0,0.0,0.0,5.937500953674316,5.937500953674316,1.0,47298.2421875
overwhelmed_narrative_processing_0,Overwhelmed Narrative Processing,Over-elaborative recounting,landmark,1,0.06283185307179587,3.141592653589793,0.19344424626135137,3.141592653589793,6.078125,23.098831176757812,0.2631356086153765,1109.9117431640625
overwhelmed_narrative_processing_0,Overwhelmed Narrative Processing,Over-elaborative recounting,landmark,5,0.0,0.0,0.0,0.0,10.375,10.375000476837158,0.9999999540397941,2199.971923828125
overwhelmed_narrative_processing_0,Overwhelmed Narrative Processing,Over-elaborative recounting,landmark,7,0.06283185307179587,3.141592653589793,0.19344424626135137,3.141592653589793,15.265625,16.245738744735718,0.9396694874800129,3766.291259765625
overwhelmed_narrative_processing_0,Overwhelmed Narrative Processing,Over-elaborative recounting,landmark,11,0.0,0.0,0.0,0.0,0.0390625,5.6717352867126465,0.006887221992097014,18337.39453125
overwhelmed_narrative_processing_0,Overwhelmed Narrative Processing,Over-elaborative recounting,landmark,15,0.06283185307179587,3.141592653589793,0.19344424626135137,3.141592653589793,17.4375,43.8868465423584,0.3973286160619856,30295.306640625
overwhelmed_narrative_processing_0,Overwhelmed Narrative Processing,Over-elaborative recounting,landmark,22,0.0,0.0,0.0,0.0,34.28125,34.28124809265137,1.0000000556382493,33096.9453125
overwhelmed_narrative_processing_0,Overwhelmed Narrative Processing,Over-elaborative recounting,landmark,27,0.06283185307179587,3.141592653589793,0.19344424626135137,3.141592653589793,23.125,36.349191665649414,0.6361902133260781,39806.97265625
overwhelmed_narrative_processing_0,Overwhelmed Narrative Processing,Over-elaborative recounting,landmark,29,0.0,0.0,0.0,0.0,5.937500953674316,5.937500953674316,1.0,47298.2421875
overwhelmed_narrative_processing_0,Overwhelmed Narrative Processing,Over-elaborative recounting,landmark,1,0.06283185307179587,3.141592653589793,0.19344424626135137,3.141592653589793,6.078125,23.098831176757812,0.2631356086153765,1109.9117431640625
overwhelmed_narrative_processing_0,Overwhelmed Narrative Processing,Over-elaborative recounting,landmark,5,0.0,0.0,0.0,0.0,10.375,10.375000476837158,0.9999999540397941,2199.971923828125
overwhelmed_narrative_processing_0,Overwhelmed Narrative Processing,Over-elaborative recounting,landmark,7,0.06283185307179587,3.141592653589793,0.19344424626135137,3.141592653589793,15.265625,16.245738744735718,0.9396694874800129,3766.291259765625
overwhelmed_narrative_processing_0,Overwhelmed Narrative Processing,Over-elaborative recounting,landmark,11,0.0,0.0,0.0,0.0,0.0390625,5.6717352867126465,0.006887221992097014,18337.39453125
overwhelmed_narrative_processing_0,Overwhelmed Narrative Processing,Over-elaborative recounting,landmark,15,0.06283185307179587,3.141592653589793,0.19344424626135137,3.141592653589793,17.4375,43.8868465423584,0.3973286160619856,30295.306640625
overwhelmed_narrative_processing_0,Overwhelmed Narrative Processing,Over-elaborative recounting,landmark,22,0.0,0.0,0.0,0.0,34.28125,34.28124809265137,1.0000000556382493,33096.9453125
overwhelmed_narrative_processing_0,Overwhelmed Narrative Processing,Over-elaborative recounting,landmark,27,0.06283185307179587,3.141592653589793,0.19344424626135137,3.141592653589793,23.125,36.349191665649414,0.6361902133260781,39806.97265625
overwhelmed_narrative_processing_0,Overwhelmed Narrative Processing,Over-elaborative recounting,landmark,29,0.0,0.0,0.0,0.0,5.937500953674316,5.937500953674316,1.0,47298.2421875
overwhelmed_narrative_processing_0,Overwhelmed Narrative Processing,Over-elaborative recounting,landmark,1,0.06283185307179587,3.141592653589793,0.19344424626135137,3.141592653589793,6.078125,23.098831176757812,0.2631356086153765,1109.9117431640625
overwhelmed_narrative_processing_0,Overwhelmed Narrative Processing,Over-elaborative recounting,landmark,5,0.0,0.0,0.0,0.0,10.375,10.375000476837158,0.9999999540397941,2199.971923828125
overwhelmed_narrative_processing_0,Overwhelmed Narrative Processing,Over-elaborative recounting,landmark,7,0.06283185307179587,3.141592653589793,0.19344424626135137,3.141592653589793,15.265625,16.245738744735718,0.9396694874800129,3766.291259765625
overwhelmed_narrative_processing_0,Overwhelmed Narrative Processing,Over-elaborative recounting,landmark,11,0.0,0.0,0.0,0.0,0.0390625,5.6717352867126465,0.006887221992097014,18337.39453125
overwhelmed_narrative_processing_0,Overwhelmed Narrative Processing,Over-elaborative recounting,landmark,15,0.06283185307179587,3.141592653589793,0.19344424626135137,3.141592653589793,17.4375,43.8868465423584,0.3973286160619856,30295.306640625
overwhelmed_narrative_processing_0,Overwhelmed Narrative Processing,Over-elaborative recounting,landmark,22,0.0,0.0,0.0,0.0,34.28125,34.28124809265137,1.0000000556382493,33096.9453125
overwhelmed_narrative_processing_0,Overwhelmed Narrative Processing,Over-elaborative recounting,landmark,27,0.06283185307179587,3.141592653589793,0.19344424626135137,3.141592653589793,23.125,36.349191665649414,0.6361902133260781,39806.97265625
overwhelmed_narrative_processing_0,Overwhelmed Narrative Processing,Over-elaborative recounting,landmark,29,0.0,0.0,0.0,0.0,5.937500953674316,5.937500953674316,1.0,47298.2421875
overwhelmed_narrative_processing_0,Overwhelmed Narrative Processing,Over-elaborative recounting,landmark,1,0.06283185307179587,3.141592653589793,0.19344424626135137,3.141592653589793,6.078125,23.098831176757812,0.2631356086153765,1109.9117431640625
overwhelmed_narrative_processing_0,Overwhelmed Narrative Processing,Over-elaborative recounting,landmark,5,0.0,0.0,0.0,0.0,10.375,10.375000476837158,0.9999999540397941,2199.971923828125
overwhelmed_narrative_processing_0,Overwhelmed Narrative Processing,Over-elaborative recounting,landmark,7,0.06283185307179587,3.141592653589793,0.19344424626135137,3.141592653589793,15.265625,16.245738744735718,0.9396694874800129,3766.291259765625
overwhelmed_narrative_processing_0,Overwhelmed Narrative Processing,Over-elaborative recounting,landmark,11,0.0,0.0,0.0,0.0,0.0390625,5.6717352867126465,0.006887221992097014,18337.39453125
overwhelmed_narrative_processing_0,Overwhelmed Narrative Processing,Over-elaborative recounting,landmark,15,0.06283185307179587,3.141592653589793,0.19344424626135137,3.141592653589793,17.4375,43.8868465423584,0.3973286160619856,30295.306640625
overwhelmed_narrative_processing_0,Overwhelmed Narrative Processing,Over-elaborative recounting,landmark,22,0.0,0.0,0.0,0.0,34.28125,34.28124809265137,1.0000000556382493,33096.9453125
overwhelmed_narrative_processing_0,Overwhelmed Narrative Processing,Over-elaborative recounting,landmark,27,0.06283185307179587,3.141592653589793,0.19344424626135137,3.141592653589793,23.125,36.349191665649414,0.6361902133260781,39806.97265625
overwhelmed_narrative_processing_0,Overwhelmed Narrative Processing,Over-elaborative recounting,landmark,29,0.0,0.0,0.0,0.0,5.937500953674316,5.937500953674316,1.0,47298.2421875
overwhelmed_narrative_processing_0,Overwhelmed Narrative Processing,Over-elaborative recounting,landmark,1,0.06283185307179587,3.141592653589793,0.19344424626135137,3.141592653589793,6.078125,23.098831176757812,0.2631356086153765,1109.9117431640625
overwhelmed_narrative_processing_0,Overwhelmed Narrative Processing,Over-elaborative recounting,landmark,5,0.0,0.0,0.0,0.0,10.375,10.375000476837158,0.9999999540397941,2199.971923828125
overwhelmed_narrative_processing_0,Overwhelmed Narrative Processing,Over-elaborative recounting,landmark,7,0.06283185307179587,3.141592653589793,0.19344424626135137,3.141592653589793,15.265625,16.245738744735718,0.9396694874800129,3766.291259765625
overwhelmed_narrative_processing_0,Overwhelmed Narrative Processing,Over-elaborative recounting,landmark,11,0.0,0.0,0.0,0.0,0.0390625,5.6717352867126465,0.006887221992097014,18337.39453125
overwhelmed_narrative_processing_0,Overwhelmed Narrative Processing,Over-elaborative recounting,landmark,15,0.06283185307179587,3.141592653589793,0.19344424626135137,3.141592653589793,17.4375,43.8868465423584,0.3973286160619856,30295.306640625
overwhelmed_narrative_processing_0,Overwhelmed Narrative Processing,Over-elaborative recounting,landmark,22,0.0,0.0,0.0,0.0,34.28125,34.28124809265137,1.0000000556382493,33096.9453125
overwhelmed_narrative_processing_0,Overwhelmed Narrative Processing,Over-elaborative recounting,landmark,27,0.06283185307179587,3.141592653589793,0.19344424626135137,3.141592653589793,23.125,36.349191665649414,0.6361902133260781,39806.97265625
overwhelmed_narrative_processing_0,Overwhelmed Narrative Processing,Over-elaborative recounting,landmark,29,0.0,0.0,0.0,0.0,5.937500953674316,5.937500953674316,1.0,47298.2421875
overwhelmed_narrative_processing_0,Overwhelmed Narrative Processing,Over-elaborative recounting,landmark,1,0.06283185307179587,3.141592653589793,0.19344424626135137,3.141592653589793,6.078125,23.098831176757812,0.2631356086153765,1109.9117431640625
overwhelmed_narrative_processing_0,Overwhelmed Narrative Processing,Over-elaborative recounting,landmark,5,0.0,0.0,0.0,0.0,10.375,10.375000476837158,0.9999999540397941,2199.971923828125
overwhelmed_narrative_processing_0,Overwhelmed Narrative Processing,Over-elaborative recounting,landmark,7,0.06283185307179587,3.141592653589793,0.19344424626135137,3.141592653589793,15.265625,16.245738744735718,0.9396694874800129,3766.291259765625
overwhelmed_narrative_processing_0,Overwhelmed Narrative Processing,Over-elaborative recounting,landmark,11,0.0,0.0,0.0,0.0,0.0390625,5.6717352867126465,0.006887221992097014,18337.39453125
overwhelmed_narrative_processing_0,Overwhelmed Narrative Processing,Over-elaborative recounting,landmark,15,0.06283185307179587,3.141592653589793,0.19344424626135137,3.141592653589793,17.4375,43.8868465423584,0.3973286160619856,30295.306640625
overwhelmed_narrative_processing_0,Overwhelmed Narrative Processing,Over-elaborative recounting,landmark,22,0.0,0.0,0.0,0.0,34.28125,34.28124809265137,1.0000000556382493,33096.9453125
overwhelmed_narrative_processing_0,Overwhelmed Narrative Processing,Over-elaborative recounting,landmark,27,0.06283185307179587,3.141592653589793,0.19344424626135137,3.141592653589793,23.125,36.349191665649414,0.6361902133260781,39806.97265625
overwhelmed_narrative_processing_0,Overwhelmed Narrative Processing,Over-elaborative recounting,landmark,29,0.0,0.0,0.0,0.0,5.937500953674316,5.937500953674316,1.0,47298.2421875
overwhelmed_narrative_processing_0,Overwhelmed Narrative Processing,Over-elaborative recounting,landmark,1,0.06283185307179587,3.141592653589793,0.19344424626135137,3.141592653589793,6.078125,23.098831176757812,0.2631356086153765,1109.9117431640625
overwhelmed_narrative_processing_0,Overwhelmed Narrative Processing,Over-elaborative recounting,landmark,5,0.0,0.0,0.0,0.0,10.375,10.375000476837158,0.9999999540397941,2199.971923828125
overwhelmed_narrative_processing_0,Overwhelmed Narrative Processing,Over-elaborative recounting,landmark,7,0.06283185307179587,3.141592653589793,0.19344424626135137,3.141592653589793,15.265625,16.245738744735718,0.9396694874800129,3766.291259765625
overwhelmed_narrative_processing_0,Overwhelmed Narrative Processing,Over-elaborative recounting,landmark,11,0.0,0.0,0.0,0.0,0.0390625,5.6717352867126465,0.006887221992097014,18337.39453125
overwhelmed_narrative_processing_0,Overwhelmed Narrative Processing,Over-elaborative recounting,landmark,15,0.06283185307179587,3.141592653589793,0.19344424626135137,3.141592653589793,17.4375,43.8868465423584,0.3973286160619856,30295.306640625
overwhelmed_narrative_processing_0,Overwhelmed Narrative Processing,Over-elaborative recounting,landmark,22,0.0,0.0,0.0,0.0,34.28125,34.28124809265137,1.0000000556382493,33096.9453125
overwhelmed_narrative_processing_0,Overwhelmed Narrative Processing,Over-elaborative recounting,landmark,27,0.06283185307179587,3.141592653589793,0.19344424626135137,3.141592653589793,23.125,36.349191665649414,0.6361902133260781,39806.97265625
overwhelmed_narrative_processing_0,Overwhelmed Narrative Processing,Over-elaborative recounting,landmark,29,0.0,0.0,0.0,0.0,5.937500953674316,5.937500953674316,1.0,47298.2421875
overwhelmed_narrative_processing_0,Overwhelmed Narrative Processing,Over-elaborative recounting,landmark,1,0.06283185307179587,3.141592653589793,0.19344424626135137,3.141592653589793,6.078125,23.098831176757812,0.2631356086153765,1109.9117431640625
overwhelmed_narrative_processing_0,Overwhelmed Narrative Processing,Over-elaborative recounting,landmark,5,0.0,0.0,0.0,0.0,10.375,10.375000476837158,0.9999999540397941,2199.971923828125
overwhelmed_narrative_processing_0,Overwhelmed Narrative Processing,Over-elaborative recounting,landmark,7,0.06283185307179587,3.141592653589793,0.19344424626135137,3.141592653589793,15.265625,16.245738744735718,0.9396694874800129,3766.291259765625
overwhelmed_narrative_processing_0,Overwhelmed Narrative Processing,Over-elaborative recounting,landmark,11,0.0,0.0,0.0,0.0,0.0390625,5.6717352867126465,0.006887221992097014,18337.39453125
overwhelmed_narrative_processing_0,Overwhelmed Narrative Processing,Over-elaborative recounting,landmark,15,0.06283185307179587,3.141592653589793,0.19344424626135137,3.141592653589793,17.4375,43.8868465423584,0.3973286160619856,30295.306640625
overwhelmed_narrative_processing_0,Overwhelmed Narrative Processing,Over-elaborative recounting,landmark,22,0.0,0.0,0.0,0.0,34.28125,34.28124809265137,1.0000000556382493,33096.9453125
overwhelmed_narrative_processing_0,Overwhelmed Narrative Processing,Over-elaborative recounting,landmark,27,0.06283185307179587,3.141592653589793,0.19344424626135137,3.141592653589793,23.125,36.349191665649414,0.6361902133260781,39806.97265625
overwhelmed_narrative_processing_0,Overwhelmed Narrative Processing,Over-elaborative recounting,landmark,29,0.0,0.0,0.0,0.0,5.937500953674316,5.937500953674316,1.0,47298.2421875
overwhelmed_narrative_processing_0,Overwhelmed Narrative Processing,Over-elaborative recounting,landmark,1,0.06283185307179587,3.141592653589793,0.19344424626135137,3.141592653589793,6.078125,23.098831176757812,0.2631356086153765,1109.9117431640625
overwhelmed_narrative_processing_0,Overwhelmed Narrative Processing,Over-elaborative recounting,landmark,5,0.0,0.0,0.0,0.0,10.375,10.375000476837158,0.9999999540397941,2199.971923828125
overwhelmed_narrative_processing_0,Overwhelmed Narrative Processing,Over-elaborative recounting,landmark,7,0.06283185307179587,3.141592653589793,0.19344424626135137,3.141592653589793,15.265625,16.245738744735718,0.9396694874800129,3766.291259765625
overwhelmed_narrative_processing_0,Overwhelmed Narrative Processing,Over-elaborative recounting,landmark,11,0.0,0.0,0.0,0.0,0.0390625,5.6717352867126465,0.006887221992097014,18337.39453125
overwhelmed_narrative_processing_0,Overwhelmed Narrative Processing,Over-elaborative recounting,landmark,15,0.06283185307179587,3.141592653589793,0.19344424626135137,3.141592653589793,17.4375,43.8868465423584,0.3973286160619856,30295.306640625
overwhelmed_narrative_processing_0,Overwhelmed Narrative Processing,Over-elaborative recounting,landmark,22,0.0,0.0,0.0,0.0,34.28125,34.28124809265137,1.0000000556382493,33096.9453125
overwhelmed_narrative_processing_0,Overwhelmed Narrative Processing,Over-elaborative recounting,landmark,27,0.06283185307179587,3.141592653589793,0.19344424626135137,3.141592653589793,23.125,36.349191665649414,0.6361902133260781,39806.97265625
overwhelmed_narrative_processing_0,Overwhelmed Narrative Processing,Over-elaborative recounting,landmark,29,0.0,0.0,0.0,0.0,5.937500953674316,5.937500953674316,1.0,47298.2421875
overwhelmed_narrative_processing_0,Overwhelmed Narrative Processing,Over-elaborative recounting,landmark,1,0.06283185307179587,3.141592653589793,0.19344424626135137,3.141592653589793,6.078125,23.098831176757812,0.2631356086153765,1109.9117431640625
overwhelmed_narrative_processing_0,Overwhelmed Narrative Processing,Over-elaborative recounting,landmark,5,0.0,0.0,0.0,0.0,10.375,10.375000476837158,0.9999999540397941,2199.971923828125
overwhelmed_narrative_processing_0,Overwhelmed Narrative Processing,Over-elaborative recounting,landmark,7,0.06283185307179587,3.141592653589793,0.19344424626135137,3.141592653589793,15.265625,16.245738744735718,0.9396694874800129,3766.291259765625
overwhelmed_narrative_processing_0,Overwhelmed Narrative Processing,Over-elaborative recounting,landmark,11,0.0,0.0,0.0,0.0,0.0390625,5.6717352867126465,0.006887221992097014,18337.39453125
overwhelmed_narrative_processing_0,Overwhelmed Narrative Processing,Over-elaborative recounting,landmark,15,0.06283185307179587,3.141592653589793,0.19344424626135137,3.141592653589793,17.4375,43.8868465423584,0.3973286160619856,30295.306640625
overwhelmed_narrative_processing_0,Overwhelmed Narrative Processing,Over-elaborative recounting,landmark,22,0.0,0.0,0.0,0.0,34.28125,34.28124809265137,1.0000000556382493,33096.9453125
overwhelmed_narrative_processing_0,Overwhelmed Narrative Processing,Over-elaborative recounting,landmark,27,0.06283185307179587,3.141592653589793,0.19344424626135137,3.141592653589793,23.125,36.349191665649414,0.6361902133260781,39806.97265625
overwhelmed_narrative_processing_0,Overwhelmed Narrative Processing,Over-elaborative recounting,landmark,29,0.0,0.0,0.0,0.0,5.937500953674316,5.937500953674316,1.0,47298.2421875
overwhelmed_narrative_processing_0,Overwhelmed Narrative Processing,Over-elaborative recounting,landmark,1,0.06283185307179587,3.141592653589793,0.19344424626135137,3.141592653589793,6.078125,23.098831176757812,0.2631356086153765,1109.9117431640625
overwhelmed_narrative_processing_0,Overwhelmed Narrative Processing,Over-elaborative recounting,landmark,5,0.0,0.0,0.0,0.0,10.375,10.375000476837158,0.9999999540397941,2199.971923828125
overwhelmed_narrative_processing_0,Overwhelmed Narrative Processing,Over-elaborative recounting,landmark,7,0.06283185307179587,3.141592653589793,0.19344424626135137,3.141592653589793,15.265625,16.245738744735718,0.9396694874800129,3766.291259765625
overwhelmed_narrative_processing_0,Overwhelmed Narrative Processing,Over-elaborative recounting,landmark,11,0.0,0.0,0.0,0.0,0.0390625,5.6717352867126465,0.006887221992097014,18337.39453125
overwhelmed_narrative_processing_0,Overwhelmed Narrative Processing,Over-elaborative recounting,landmark,15,0.06283185307179587,3.141592653589793,0.19344424626135137,3.141592653589793,17.4375,43.8868465423584,0.3973286160619856,30295.306640625
overwhelmed_narrative_processing_0,Overwhelmed Narrative Processing,Over-elaborative recounting,landmark,22,0.0,0.0,0.0,0.0,34.28125,34.28124809265137,1.0000000556382493,33096.9453125
overwhelmed_narrative_processing_0,Overwhelmed Narrative Processing,Over-elaborative recounting,landmark,27,0.06283185307179587,3.141592653589793,0.19344424626135137,3.141592653589793,23.125,36.349191665649414,0.6361902133260781,39806.97265625
overwhelmed_narrative_processing_0,Overwhelmed Narrative Processing,Over-elaborative recounting,landmark,29,0.0,0.0,0.0,0.0,5.937500953674316,5.937500953674316,1.0,47298.2421875
overwhelmed_narrative_processing_0,Overwhelmed Narrative Processing,Over-elaborative recounting,landmark,1,0.06283185307179587,3.141592653589793,0.19344424626135137,3.141592653589793,6.078125,23.098831176757812,0.2631356086153765,1109.9117431640625
overwhelmed_narrative_processing_0,Overwhelmed Narrative Processing,Over-elaborative recounting,landmark,5,0.0,0.0,0.0,0.0,10.375,10.375000476837158,0.9999999540397941,2199.971923828125
overwhelmed_narrative_processing_0,Overwhelmed Narrative Processing,Over-elaborative recounting,landmark,7,0.06283185307179587,3.141592653589793,0.19344424626135137,3.141592653589793,15.265625,16.245738744735718,0.9396694874800129,3766.291259765625
overwhelmed_narrative_processing_0,Overwhelmed Narrative Processing,Over-elaborative recounting,landmark,11,0.0,0.0,0.0,0.0,0.0390625,5.6717352867126465,0.006887221992097014,18337.39453125
overwhelmed_narrative_processing_0,Overwhelmed Narrative Processing,Over-elaborative recounting,landmark,15,0.06283185307179587,3.141592653589793,0.19344424626135137,3.141592653589793,17.4375,43.8868465423584,0.3973286160619856,30295.306640625
overwhelmed_narrative_processing_0,Overwhelmed Narrative Processing,Over-elaborative recounting,landmark,22,0.0,0.0,0.0,0.0,34.28125,34.28124809265137,1.0000000556382493,33096.9453125
overwhelmed_narrative_processing_0,Overwhelmed Narrative Processing,Over-elaborative recounting,landmark,27,0.06283185307179587,3.141592653589793,0.19344424626135137,3.141592653589793,23.125,36.349191665649414,0.6361902133260781,39806.97265625
overwhelmed_narrative_processing_0,Overwhelmed Narrative Processing,Over-elaborative recounting,landmark,29,0.0,0.0,0.0,0.0,5.937500953674316,5.937500953674316,1.0,47298.2421875
overwhelmed_narrative_processing_0,Overwhelmed Narrative Processing,Over-elaborative recounting,landmark,1,0.06283185307179587,3.141592653589793,0.19344424626135137,3.141592653589793,6.078125,23.098831176757812,0.2631356086153765,1109.9117431640625
overwhelmed_narrative_processing_0,Overwhelmed Narrative Processing,Over-elaborative recounting,landmark,5,0.0,0.0,0.0,0.0,10.375,10.375000476837158,0.9999999540397941,2199.971923828125
overwhelmed_narrative_processing_0,Overwhelmed Narrative Processing,Over-elaborative recounting,landmark,7,0.06283185307179587,3.141592653589793,0.19344424626135137,3.141592653589793,15.265625,16.245738744735718,0.9396694874800129,3766.291259765625
overwhelmed_narrative_processing_0,Overwhelmed Narrative Processing,Over-elaborative recounting,landmark,11,0.0,0.0,0.0,0.0,0.0390625,5.6717352867126465,0.006887221992097014,18337.39453125
overwhelmed_narrative_processing_0,Overwhelmed Narrative Processing,Over-elaborative recounting,landmark,15,0.06283185307179587,3.141592653589793,0.19344424626135137,3.141592653589793,17.4375,43.8868465423584,0.3973286160619856,30295.306640625
overwhelmed_narrative_processing_0,Overwhelmed Narrative Processing,Over-elaborative recounting,landmark,22,0.0,0.0,0.0,0.0,34.28125,34.28124809265137,1.0000000556382493,33096.9453125
overwhelmed_narrative_processing_0,Overwhelmed Narrative Processing,Over-elaborative recounting,landmark,27,0.06283185307179587,3.141592653589793,0.19344424626135137,3.141592653589793,23.125,36.349191665649414,0.6361902133260781,39806.97265625
overwhelmed_narrative_processing_0,Overwhelmed Narrative Processing,Over-elaborative recounting,landmark,29,0.0,0.0,0.0,0.0,5.937500953674316,5.937500953674316,1.0,47298.2421875
overwhelmed_narrative_processing_0,Overwhelmed Narrative Processing,Over-elaborative recounting,landmark,1,0.06283185307179587,3.141592653589793,0.19344424626135137,3.141592653589793,6.078125,23.098831176757812,0.2631356086153765,1109.9117431640625
overwhelmed_narrative_processing_0,Overwhelmed Narrative Processing,Over-elaborative recounting,landmark,5,0.0,0.0,0.0,0.0,10.375,10.375000476837158,0.9999999540397941,2199.971923828125
overwhelmed_narrative_processing_0,Overwhelmed Narrative Processing,Over-elaborative recounting,landmark,7,0.06283185307179587,3.141592653589793,0.19344424626135137,3.141592653589793,15.265625,16.245738744735718,0.9396694874800129,3766.291259765625
overwhelmed_narrative_processing_0,Overwhelmed Narrative Processing,Over-elaborative recounting,landmark,11,0.0,0.0,0.0,0.0,0.0390625,5.6717352867126465,0.006887221992097014,18337.39453125
overwhelmed_narrative_processing_0,Overwhelmed Narrative Processing,Over-elaborative recounting,landmark,15,0.06283185307179587,3.141592653589793,0.19344424626135137,3.141592653589793,17.4375,43.8868465423584,0.3973286160619856,30295.306640625
overwhelmed_narrative_processing_0,Overwhelmed Narrative Processing,Over-elaborative recounting,landmark,22,0.0,0.0,0.0,0.0,34.28125,34.28124809265137,1.0000000556382493,33096.9453125
overwhelmed_narrative_processing_0,Overwhelmed Narrative Processing,Over-elaborative recounting,landmark,27,0.06283185307179587,3.141592653589793,0.19344424626135137,3.141592653589793,23.125,36.349191665649414,0.6361902133260781,39806.97265625
overwhelmed_narrative_processing_0,Overwhelmed Narrative Processing,Over-elaborative recounting,landmark,29,0.0,0.0,0.0,0.0,5.937500953674316,5.937500953674316,1.0,47298.2421875
overwhelmed_narrative_processing_0,Overwhelmed Narrative Processing,Over-elaborative recounting,landmark,1,0.06283185307179587,3.141592653589793,0.19344424626135137,3.141592653589793,6.078125,23.098831176757812,0.2631356086153765,1109.9117431640625
overwhelmed_narrative_processing_0,Overwhelmed Narrative Processing,Over-elaborative recounting,landmark,5,0.0,0.0,0.0,0.0,10.375,10.375000476837158,0.9999999540397941,2199.971923828125
overwhelmed_narrative_processing_0,Overwhelmed Narrative Processing,Over-elaborative recounting,landmark,7,0.06283185307179587,3.141592653589793,0.19344424626135137,3.141592653589793,15.265625,16.245738744735718,0.9396694874800129,3766.291259765625
overwhelmed_narrative_processing_0,Overwhelmed Narrative Processing,Over-elaborative recounting,landmark,11,0.0,0.0,0.0,0.0,0.0390625,5.6717352867126465,0.006887221992097014,18337.39453125
overwhelmed_narrative_processing_0,Overwhelmed Narrative Processing,Over-elaborative recounting,landmark,15,0.06283185307179587,3.141592653589793,0.19344424626135137,3.141592653589793,17.4375,43.8868465423584,0.3973286160619856,30295.306640625
overwhelmed_narrative_processing_0,Overwhelmed Narrative Processing,Over-elaborative recounting,landmark,22,0.0,0.0,0.0,0.0,34.28125,34.28124809265137,1.0000000556382493,33096.9453125
overwhelmed_narrative_processing_0,Overwhelmed Narrative Processing,Over-elaborative recounting,landmark,27,0.06283185307179587,3.141592653589793,0.19344424626135137,3.141592653589793,23.125,36.349191665649414,0.6361902133260781,39806.97265625
overwhelmed_narrative_processing_0,Overwhelmed Narrative Processing,Over-elaborative recounting,landmark,29,0.0,0.0,0.0,0.0,5.937500953674316,5.937500953674316,1.0,47298.2421875
overwhelmed_narrative_processing_0,Overwhelmed Narrative Processing,Over-elaborative recounting,landmark,1,0.06283185307179587,3.141592653589793,0.19344424626135137,3.141592653589793,6.078125,23.098831176757812,0.2631356086153765,1109.9117431640625
overwhelmed_narrative_processing_0,Overwhelmed Narrative Processing,Over-elaborative recounting,landmark,5,0.0,0.0,0.0,0.0,10.375,10.375000476837158,0.9999999540397941,2199.971923828125
overwhelmed_narrative_processing_0,Overwhelmed Narrative Processing,Over-elaborative recounting,landmark,7,0.06283185307179587,3.141592653589793,0.19344424626135137,3.141592653589793,15.265625,16.245738744735718,0.9396694874800129,3766.291259765625
overwhelmed_narrative_processing_0,Overwhelmed Narrative Processing,Over-elaborative recounting,landmark,11,0.0,0.0,0.0,0.0,0.0390625,5.6717352867126465,0.006887221992097014,18337.39453125
overwhelmed_narrative_processing_0,Overwhelmed Narrative Processing,Over-elaborative recounting,landmark,15,0.06283185307179587,3.141592653589793,0.19344424626135137,3.141592653589793,17.4375,43.8868465423584,0.3973286160619856,30295.306640625
overwhelmed_narrative_processing_0,Overwhelmed Narrative Processing,Over-elaborative recounting,landmark,22,0.0,0.0,0.0,0.0,34.28125,34.28124809265137,1.0000000556382493,33096.9453125
overwhelmed_narrative_processing_0,Overwhelmed Narrative Processing,Over-elaborative recounting,landmark,27,0.06283185307179587,3.141592653589793,0.19344424626135137,3.141592653589793,23.125,36.349191665649414,0.6361902133260781,39806.97265625
overwhelmed_narrative_processing_0,Overwhelmed Narrative Processing,Over-elaborative recounting,landmark,29,0.0,0.0,0.0,0.0,5.937500953674316,5.937500953674316,1.0,47298.2421875
overwhelmed_narrative_processing_0,Overwhelmed Narrative Processing,Over-elaborative recounting,landmark,1,0.06283185307179587,3.141592653589793,0.19344424626135137,3.141592653589793,6.078125,23.098831176757812,0.2631356086153765,1109.9117431640625
overwhelmed_narrative_processing_0,Overwhelmed Narrative Processing,Over-elaborative recounting,landmark,5,0.0,0.0,0.0,0.0,10.375,10.375000476837158,0.9999999540397941,2199.971923828125
overwhelmed_narrative_processing_0,Overwhelmed Narrative Processing,Over-elaborative recounting,landmark,7,0.06283185307179587,3.141592653589793,0.19344424626135137,3.141592653589793,15.265625,16.245738744735718,0.9396694874800129,3766.291259765625
overwhelmed_narrative_processing_0,Overwhelmed Narrative Processing,Over-elaborative recounting,landmark,11,0.0,0.0,0.0,0.0,0.0390625,5.6717352867126465,0.006887221992097014,18337.39453125
overwhelmed_narrative_processing_0,Overwhelmed Narrative Processing,Over-elaborative recounting,landmark,15,0.06283185307179587,3.141592653589793,0.19344424626135137,3.141592653589793,17.4375,43.8868465423584,0.3973286160619856,30295.306640625
overwhelmed_narrative_processing_0,Overwhelmed Narrative Processing,Over-elaborative recounting,landmark,22,0.0,0.0,0.0,0.0,34.28125,34.28124809265137,1.0000000556382493,33096.9453125
overwhelmed_narrative_processing_0,Overwhelmed Narrative Processing,Over-elaborative recounting,landmark,27,0.06283185307179587,3.141592653589793,0.19344424626135137,3.141592653589793,23.125,36.349191665649414,0.6361902133260781,39806.97265625
overwhelmed_narrative_processing_0,Overwhelmed Narrative Processing,Over-elaborative recounting,landmark,29,0.0,0.0,0.0,0.0,5.937500953674316,5.937500953674316,1.0,47298.2421875
overwhelmed_narrative_processing_0,Overwhelmed Narrative Processing,Over-elaborative recounting,landmark,1,0.06283185307179587,3.141592653589793,0.19344424626135137,3.141592653589793,6.078125,23.098831176757812,0.2631356086153765,1109.9117431640625
overwhelmed_narrative_processing_0,Overwhelmed Narrative Processing,Over-elaborative recounting,landmark,5,0.0,0.0,0.0,0.0,10.375,10.375000476837158,0.9999999540397941,2199.971923828125
overwhelmed_narrative_processing_0,Overwhelmed Narrative Processing,Over-elaborative recounting,landmark,7,0.06283185307179587,3.141592653589793,0.19344424626135137,3.141592653589793,15.265625,16.245738744735718,0.9396694874800129,3766.291259765625
overwhelmed_narrative_processing_0,Overwhelmed Narrative Processing,Over-elaborative recounting,landmark,11,0.0,0.0,0.0,0.0,0.0390625,5.6717352867126465,0.006887221992097014,18337.39453125
overwhelmed_narrative_processing_0,Overwhelmed Narrative Processing,Over-elaborative recounting,landmark,15,0.06283185307179587,3.141592653589793,0.19344424626135137,3.141592653589793,17.4375,43.8868465423584,0.3973286160619856,30295.306640625
overwhelmed_narrative_processing_0,Overwhelmed Narrative Processing,Over-elaborative recounting,landmark,22,0.0,0.0,0.0,0.0,34.28125,34.28124809265137,1.0000000556382493,33096.9453125
overwhelmed_narrative_processing_0,Overwhelmed Narrative Processing,Over-elaborative recounting,landmark,27,0.06283185307179587,3.141592653589793,0.19344424626135137,3.141592653589793,23.125,36.349191665649414,0.6361902133260781,39806.97265625
overwhelmed_narrative_processing_0,Overwhelmed Narrative Processing,Over-elaborative recounting,landmark,29,0.0,0.0,0.0,0.0,5.937500953674316,5.937500953674316,1.0,47298.2421875
overwhelmed_narrative_processing_0,Overwhelmed Narrative Processing,Over-elaborative recounting,landmark,1,0.06283185307179587,3.141592653589793,0.19344424626135137,3.141592653589793,6.078125,23.098831176757812,0.2631356086153765,1109.9117431640625
overwhelmed_narrative_processing_0,Overwhelmed Narrative Processing,Over-elaborative recounting,landmark,5,0.0,0.0,0.0,0.0,10.375,10.375000476837158,0.9999999540397941,2199.971923828125
overwhelmed_narrative_processing_0,Overwhelmed Narrative Processing,Over-elaborative recounting,landmark,7,0.06283185307179587,3.141592653589793,0.19344424626135137,3.141592653589793,15.265625,16.245738744735718,0.9396694874800129,3766.291259765625
overwhelmed_narrative_processing_0,Overwhelmed Narrative Processing,Over-elaborative recounting,landmark,11,0.0,0.0,0.0,0.0,0.0390625,5.6717352867126465,0.006887221992097014,18337.39453125
overwhelmed_narrative_processing_0,Overwhelmed Narrative Processing,Over-elaborative recounting,landmark,15,0.06283185307179587,3.141592653589793,0.19344424626135137,3.141592653589793,17.4375,43.8868465423584,0.3973286160619856,30295.306640625
overwhelmed_narrative_processing_0,Overwhelmed Narrative Processing,Over-elaborative recounting,landmark,22,0.0,0.0,0.0,0.0,34.28125,34.28124809265137,1.0000000556382493,33096.9453125
overwhelmed_narrative_processing_0,Overwhelmed Narrative Processing,Over-elaborative recounting,landmark,27,0.06283185307179587,3.141592653589793,0.19344424626135137,3.141592653589793,23.125,36.349191665649414,0.6361902133260781,39806.97265625
overwhelmed_narrative_processing_0,Overwhelmed Narrative Processing,Over-elaborative recounting,landmark,29,0.0,0.0,0.0,0.0,5.937500953674316,5.937500953674316,1.0,47298.2421875
overwhelmed_narrative_processing_0,Overwhelmed Narrative Processing,Over-elaborative recounting,landmark,1,0.06283185307179587,3.141592653589793,0.19344424626135137,3.141592653589793,6.078125,23.098831176757812,0.2631356086153765,1109.9117431640625
overwhelmed_narrative_processing_0,Overwhelmed Narrative Processing,Over-elaborative recounting,landmark,5,0.0,0.0,0.0,0.0,10.375,10.375000476837158,0.9999999540397941,2199.971923828125
overwhelmed_narrative_processing_0,Overwhelmed Narrative Processing,Over-elaborative recounting,landmark,7,0.06283185307179587,3.141592653589793,0.19344424626135137,3.141592653589793,15.265625,16.245738744735718,0.9396694874800129,3766.291259765625
overwhelmed_narrative_processing_0,Overwhelmed Narrative Processing,Over-elaborative recounting,landmark,11,0.0,0.0,0.0,0.0,0.0390625,5.6717352867126465,0.006887221992097014,18337.39453125
overwhelmed_narrative_processing_0,Overwhelmed Narrative Processing,Over-elaborative recounting,landmark,15,0.06283185307179587,3.141592653589793,0.19344424626135137,3.141592653589793,17.4375,43.8868465423584,0.3973286160619856,30295.306640625
overwhelmed_narrative_processing_0,Overwhelmed Narrative Processing,Over-elaborative recounting,landmark,22,0.0,0.0,0.0,0.0,34.28125,34.28124809265137,1.0000000556382493,33096.9453125
overwhelmed_narrative_processing_0,Overwhelmed Narrative Processing,Over-elaborative recounting,landmark,27,0.06283185307179587,3.141592653589793,0.19344424626135137,3.141592653589793,23.125,36.349191665649414,0.6361902133260781,39806.97265625
overwhelmed_narrative_processing_0,Overwhelmed Narrative Processing,Over-elaborative recounting,landmark,29,0.0,0.0,0.0,0.0,5.937500953674316,5.937500953674316,1.0,47298.2421875
overwhelmed_narrative_processing_0,Overwhelmed Narrative Processing,Over-elaborative recounting,landmark,1,0.06283185307179587,3.141592653589793,0.19344424626135137,3.141592653589793,6.078125,23.098831176757812,0.2631356086153765,1109.9117431640625
overwhelmed_narrative_processing_0,Overwhelmed Narrative Processing,Over-elaborative recounting,landmark,5,0.0,0.0,0.0,0.0,10.375,10.375000476837158,0.9999999540397941,2199.971923828125
overwhelmed_narrative_processing_0,Overwhelmed Narrative Processing,Over-elaborative recounting,landmark,7,0.06283185307179587,3.141592653589793,0.19344424626135137,3.141592653589793,15.265625,16.245738744735718,0.9396694874800129,3766.291259765625
overwhelmed_narrative_processing_0,Overwhelmed Narrative Processing,Over-elaborative recounting,landmark,11,0.0,0.0,0.0,0.0,0.0390625,5.6717352867126465,0.006887221992097014,18337.39453125
overwhelmed_narrative_processing_0,Overwhelmed Narrative Processing,Over-elaborative recounting,landmark,15,0.06283185307179587,3.141592653589793,0.19344424626135137,3.141592653589793,17.4375,43.8868465423584,0.3973286160619856,30295.306640625
overwhelmed_narrative_processing_0,Overwhelmed Narrative Processing,Over-elaborative recounting,landmark,22,0.0,0.0,0.0,0.0,34.28125,34.28124809265137,1.0000000556382493,33096.9453125
overwhelmed_narrative_processing_0,Overwhelmed Narrative Processing,Over-elaborative recounting,landmark,27,0.06283185307179587,3.141592653589793,0.19344424626135137,3.141592653589793,23.125,36.349191665649414,0.6361902133260781,39806.97265625
overwhelmed_narrative_processing_0,Overwhelmed Narrative Processing,Over-elaborative recounting,landmark,29,0.0,0.0,0.0,0.0,5.937500953674316,5.937500953674316,1.0,47298.2421875
overwhelmed_narrative_processing_0,Overwhelmed Narrative Processing,Over-elaborative recounting,landmark,1,0.06283185307179587,3.141592653589793,0.19344424626135137,3.141592653589793,6.078125,23.098831176757812,0.2631356086153765,1109.9117431640625
overwhelmed_narrative_processing_0,Overwhelmed Narrative Processing,Over-elaborative recounting,landmark,5,0.0,0.0,0.0,0.0,10.375,10.375000476837158,0.9999999540397941,2199.971923828125
overwhelmed_narrative_processing_0,Overwhelmed Narrative Processing,Over-elaborative recounting,landmark,7,0.06283185307179587,3.141592653589793,0.19344424626135137,3.141592653589793,15.265625,16.245738744735718,0.9396694874800129,3766.291259765625
overwhelmed_narrative_processing_0,Overwhelmed Narrative Processing,Over-elaborative recounting,landmark,11,0.0,0.0,0.0,0.0,0.0390625,5.6717352867126465,0.006887221992097014,18337.39453125
overwhelmed_narrative_processing_0,Overwhelmed Narrative Processing,Over-elaborative recounting,landmark,15,0.06283185307179587,3.141592653589793,0.19344424626135137,3.141592653589793,17.4375,43.8868465423584,0.3973286160619856,30295.306640625
overwhelmed_narrative_processing_0,Overwhelmed Narrative Processing,Over-elaborative recounting,landmark,22,0.0,0.0,0.0,0.0,34.28125,34.28124809265137,1.0000000556382493,33096.9453125
overwhelmed_narrative_processing_0,Overwhelmed Narrative Processing,Over-elaborative recounting,landmark,27,0.06283185307179587,3.141592653589793,0.19344424626135137,3.141592653589793,23.125,36.349191665649414,0.6361902133260781,39806.97265625
overwhelmed_narrative_processing_0,Overwhelmed Narrative Processing,Over-elaborative recounting,landmark,29,0.0,0.0,0.0,0.0,5.937500953674316,5.937500953674316,1.0,47298.2421875
overwhelmed_narrative_processing_0,Overwhelmed Narrative Processing,Over-elaborative recounting,landmark,1,0.06283185307179587,3.141592653589793,0.19344424626135137,3.141592653589793,6.078125,23.098831176757812,0.2631356086153765,1109.9117431640625
overwhelmed_narrative_processing_0,Overwhelmed Narrative Processing,Over-elaborative recounting,landmark,5,0.0,0.0,0.0,0.0,10.375,10.375000476837158,0.9999999540397941,2199.971923828125
overwhelmed_narrative_processing_0,Overwhelmed Narrative Processing,Over-elaborative recounting,landmark,7,0.06283185307179587,3.141592653589793,0.19344424626135137,3.141592653589793,15.265625,16.245738744735718,0.9396694874800129,3766.291259765625
overwhelmed_narrative_processing_0,Overwhelmed Narrative Processing,Over-elaborative recounting,landmark,11,0.0,0.0,0.0,0.0,0.0390625,5.6717352867126465,0.006887221992097014,18337.39453125
overwhelmed_narrative_processing_0,Overwhelmed Narrative Processing,Over-elaborative recounting,landmark,15,0.06283185307179587,3.141592653589793,0.19344424626135137,3.141592653589793,17.4375,43.8868465423584,0.3973286160619856,30295.306640625
overwhelmed_narrative_processing_0,Overwhelmed Narrative Processing,Over-elaborative recounting,landmark,22,0.0,0.0,0.0,0.0,34.28125,34.28124809265137,1.0000000556382493,33096.9453125
overwhelmed_narrative_processing_0,Overwhelmed Narrative Processing,Over-elaborative recounting,landmark,27,0.06283185307179587,3.141592653589793,0.19344424626135137,3.141592653589793,23.125,36.349191665649414,0.6361902133260781,39806.97265625
overwhelmed_narrative_processing_0,Overwhelmed Narrative Processing,Over-elaborative recounting,landmark,29,0.0,0.0,0.0,0.0,5.937500953674316,5.937500953674316,1.0,47298.2421875
overwhelmed_narrative_processing_0,Overwhelmed Narrative Processing,Over-elaborative recounting,landmark,1,0.06283185307179587,3.141592653589793,0.19344424626135137,3.141592653589793,6.078125,23.098831176757812,0.2631356086153765,1109.9117431640625
overwhelmed_narrative_processing_0,Overwhelmed Narrative Processing,Over-elaborative recounting,landmark,5,0.0,0.0,0.0,0.0,10.375,10.375000476837158,0.9999999540397941,2199.971923828125
overwhelmed_narrative_processing_0,Overwhelmed Narrative Processing,Over-elaborative recounting,landmark,7,0.06283185307179587,3.141592653589793,0.19344424626135137,3.141592653589793,15.265625,16.245738744735718,0.9396694874800129,3766.291259765625
overwhelmed_narrative_processing_0,Overwhelmed Narrative Processing,Over-elaborative recounting,landmark,11,0.0,0.0,0.0,0.0,0.0390625,5.6717352867126465,0.006887221992097014,18337.39453125
overwhelmed_narrative_processing_0,Overwhelmed Narrative Processing,Over-elaborative recounting,landmark,15,0.06283185307179587,3.141592653589793,0.19344424626135137,3.141592653589793,17.4375,43.8868465423584,0.3973286160619856,30295.306640625
overwhelmed_narrative_processing_0,Overwhelmed Narrative Processing,Over-elaborative recounting,landmark,22,0.0,0.0,0.0,0.0,34.28125,34.28124809265137,1.0000000556382493,33096.9453125
overwhelmed_narrative_processing_0,Overwhelmed Narrative Processing,Over-elaborative recounting,landmark,27,0.06283185307179587,3.141592653589793,0.19344424626135137,3.141592653589793,23.125,36.349191665649414,0.6361902133260781,39806.97265625
overwhelmed_narrative_processing_0,Overwhelmed Narrative Processing,Over-elaborative recounting,landmark,29,0.0,0.0,0.0,0.0,5.937500953674316,5.937500953674316,1.0,47298.2421875
overwhelmed_narrative_processing_0,Overwhelmed Narrative Processing,Over-elaborative recounting,landmark,1,0.06283185307179587,3.141592653589793,0.19344424626135137,3.141592653589793,6.078125,23.098831176757812,0.2631356086153765,1109.9117431640625
overwhelmed_narrative_processing_0,Overwhelmed Narrative Processing,Over-elaborative recounting,landmark,5,0.0,0.0,0.0,0.0,10.375,10.375000476837158,0.9999999540397941,2199.971923828125
overwhelmed_narrative_processing_0,Overwhelmed Narrative Processing,Over-elaborative recounting,landmark,7,0.06283185307179587,3.141592653589793,0.19344424626135137,3.141592653589793,15.265625,16.245738744735718,0.9396694874800129,3766.291259765625
overwhelmed_narrative_processing_0,Overwhelmed Narrative Processing,Over-elaborative recounting,landmark,11,0.0,0.0,0.0,0.0,0.0390625,5.6717352867126465,0.006887221992097014,18337.39453125
overwhelmed_narrative_processing_0,Overwhelmed Narrative Processing,Over-elaborative recounting,landmark,15,0.06283185307179587,3.141592653589793,0.19344424626135137,3.141592653589793,17.4375,43.8868465423584,0.3973286160619856,30295.306640625
overwhelmed_narrative_processing_0,Overwhelmed Narrative Processing,Over-elaborative recounting,landmark,22,0.0,0.0,0.0,0.0,34.28125,34.28124809265137,1.0000000556382493,33096.9453125
overwhelmed_narrative_processing_0,Overwhelmed Narrative Processing,Over-elaborative recounting,landmark,27,0.06283185307179587,3.141592653589793,0.19344424626135137,3.141592653589793,23.125,36.349191665649414,0.6361902133260781,39806.97265625
overwhelmed_narrative_processing_0,Overwhelmed Narrative Processing,Over-elaborative recounting,landmark,29,0.0,0.0,0.0,0.0,5.937500953674316,5.937500953674316,1.0,47298.2421875
overwhelmed_narrative_processing_0,Overwhelmed Narrative Processing,Over-elaborative recounting,landmark,1,0.06283185307179587,3.141592653589793,0.19344424626135137,3.141592653589793,6.078125,23.098831176757812,0.2631356086153765,1109.9117431640625
overwhelmed_narrative_processing_0,Overwhelmed Narrative Processing,Over-elaborative recounting,landmark,5,0.0,0.0,0.0,0.0,10.375,10.375000476837158,0.9999999540397941,2199.971923828125
overwhelmed_narrative_processing_0,Overwhelmed Narrative Processing,Over-elaborative recounting,landmark,7,0.06283185307179587,3.141592653589793,0.19344424626135137,3.141592653589793,15.265625,16.245738744735718,0.9396694874800129,3766.291259765625
overwhelmed_narrative_processing_0,Overwhelmed Narrative Processing,Over-elaborative recounting,landmark,11,0.0,0.0,0.0,0.0,0.0390625,5.6717352867126465,0.006887221992097014,18337.39453125
overwhelmed_narrative_processing_0,Overwhelmed Narrative Processing,Over-elaborative recounting,landmark,15,0.06283185307179587,3.141592653589793,0.19344424626135137,3.141592653589793,17.4375,43.8868465423584,0.3973286160619856,30295.306640625
overwhelmed_narrative_processing_0,Overwhelmed Narrative Processing,Over-elaborative recounting,landmark,22,0.0,0.0,0.0,0.0,34.28125,34.28124809265137,1.0000000556382493,33096.9453125
overwhelmed_narrative_processing_0,Overwhelmed Narrative Processing,Over-elaborative recounting,landmark,27,0.06283185307179587,3.141592653589793,0.19344424626135137,3.141592653589793,23.125,36.349191665649414,0.6361902133260781,39806.97265625
overwhelmed_narrative_processing_0,Overwhelmed Narrative Processing,Over-elaborative recounting,landmark,29,0.0,0.0,0.0,0.0,5.937500953674316,5.937500953674316,1.0,47298.2421875
overwhelmed_narrative_processing_0,Overwhelmed Narrative Processing,Over-elaborative recounting,landmark,1,0.06283185307179587,3.141592653589793,0.19344424626135137,3.141592653589793,6.078125,23.098831176757812,0.2631356086153765,1109.9117431640625
overwhelmed_narrative_processing_0,Overwhelmed Narrative Processing,Over-elaborative recounting,landmark,5,0.0,0.0,0.0,0.0,10.375,10.375000476837158,0.9999999540397941,2199.971923828125
overwhelmed_narrative_processing_0,Overwhelmed Narrative Processing,Over-elaborative recounting,landmark,7,0.06283185307179587,3.141592653589793,0.19344424626135137,3.141592653589793,15.265625,16.245738744735718,0.9396694874800129,3766.291259765625
overwhelmed_narrative_processing_0,Overwhelmed Narrative Processing,Over-elaborative recounting,landmark,11,0.0,0.0,0.0,0.0,0.0390625,5.6717352867126465,0.006887221992097014,18337.39453125
overwhelmed_narrative_processing_0,Overwhelmed Narrative Processing,Over-elaborative recounting,landmark,15,0.06283185307179587,3.141592653589793,0.19344424626135137,3.141592653589793,17.4375,43.8868465423584,0.3973286160619856,30295.306640625
overwhelmed_narrative_processing_0,Overwhelmed Narrative Processing,Over-elaborative recounting,landmark,22,0.0,0.0,0.0,0.0,34.28125,34.28124809265137,1.0000000556382493,33096.9453125
overwhelmed_narrative_processing_0,Overwhelmed Narrative Processing,Over-elaborative recounting,landmark,27,0.06283185307179587,3.141592653589793,0.19344424626135137,3.141592653589793,23.125,36.349191665649414,0.6361902133260781,39806.97265625
overwhelmed_narrative_processing_0,Overwhelmed Narrative Processing,Over-elaborative recounting,landmark,29,0.0,0.0,0.0,0.0,5.937500953674316,5.937500953674316,1.0,47298.2421875
persistent_suicidal_ideation_focus_0,Persistent Suicidal Ideation Focus,Intrusive suicidal fixation,landmark,1,0.0,0.0,0.0,0.0,18.328125,18.328125953674316,0.9999999479666214,884.1490478515625
persistent_suicidal_ideation_focus_0,Persistent Suicidal Ideation Focus,Intrusive suicidal fixation,landmark,5,0.06283185307179587,3.141592653589793,0.19344424626135137,3.141592653589793,20.125,39.718067049980164,0.506696359988396,2488.573486328125
persistent_suicidal_ideation_focus_0,Persistent Suicidal Ideation Focus,Intrusive suicidal fixation,landmark,7,0.0,0.0,0.0,0.0,26.625,26.625,1.0,3604.677734375
persistent_suicidal_ideation_focus_0,Persistent Suicidal Ideation Focus,Intrusive suicidal fixation,landmark,11,0.0,0.0,0.0,0.0,3.5,3.4999999962747097,1.0000000010643686,18341.1015625
persistent_suicidal_ideation_focus_0,Persistent Suicidal Ideation Focus,Intrusive suicidal fixation,landmark,15,0.0,0.0,0.0,0.0,0.6250004768371582,34.421799182891846,0.018157112401834964,27503.400390625
persistent_suicidal_ideation_focus_0,Persistent Suicidal Ideation Focus,Intrusive suicidal fixation,landmark,22,0.06283185307179587,3.141592653589793,0.19344424626135137,3.141592653589793,3.78125,50.74139404296875,0.07452002593381585,31376.48828125
persistent_suicidal_ideation_focus_0,Persistent Suicidal Ideation Focus,Intrusive suicidal fixation,landmark,27,0.06283185307179587,3.141592653589793,0.19344424626135137,3.141592653589793,39.249996185302734,62.758480072021484,0.6254134284364365,39041.5234375
persistent_suicidal_ideation_focus_0,Persistent Suicidal Ideation Focus,Intrusive suicidal fixation,landmark,29,0.06283185307179587,3.141592653589793,0.19344424626135137,3.141592653589793,6.1875,9.370643615722656,0.6603068320321374,44336.6796875
persistent_suicidal_ideation_focus_0,Persistent Suicidal Ideation Focus,Intrusive suicidal fixation,landmark,1,0.0,0.0,0.0,0.0,18.328125,18.328125953674316,0.9999999479666214,884.1490478515625
persistent_suicidal_ideation_focus_0,Persistent Suicidal Ideation Focus,Intrusive suicidal fixation,landmark,5,0.06283185307179587,3.141592653589793,0.19344424626135137,3.141592653589793,20.125,39.718067049980164,0.506696359988396,2488.573486328125
persistent_suicidal_ideation_focus_0,Persistent Suicidal Ideation Focus,Intrusive suicidal fixation,landmark,7,0.0,0.0,0.0,0.0,26.625,26.625,1.0,3604.677734375
persistent_suicidal_ideation_focus_0,Persistent Suicidal Ideation Focus,Intrusive suicidal fixation,landmark,11,0.0,0.0,0.0,0.0,3.5,3.4999999962747097,1.0000000010643686,18341.1015625
persistent_suicidal_ideation_focus_0,Persistent Suicidal Ideation Focus,Intrusive suicidal fixation,landmark,15,0.0,0.0,0.0,0.0,0.6250004768371582,34.421799182891846,0.018157112401834964,27503.400390625
persistent_suicidal_ideation_focus_0,Persistent Suicidal Ideation Focus,Intrusive suicidal fixation,landmark,22,0.06283185307179587,3.141592653589793,0.19344424626135137,3.141592653589793,3.78125,50.74139404296875,0.07452002593381585,31376.48828125
persistent_suicidal_ideation_focus_0,Persistent Suicidal Ideation Focus,Intrusive suicidal fixation,landmark,27,0.06283185307179587,3.141592653589793,0.19344424626135137,3.141592653589793,39.249996185302734,62.758480072021484,0.6254134284364365,39041.5234375
persistent_suicidal_ideation_focus_0,Persistent Suicidal Ideation Focus,Intrusive suicidal fixation,landmark,29,0.06283185307179587,3.141592653589793,0.19344424626135137,3.141592653589793,6.1875,9.370643615722656,0.6603068320321374,44336.6796875
persistent_suicidal_ideation_focus_0,Persistent Suicidal Ideation Focus,Intrusive suicidal fixation,landmark,1,0.0,0.0,0.0,0.0,18.328125,18.328125953674316,0.9999999479666214,884.1490478515625
persistent_suicidal_ideation_focus_0,Persistent Suicidal Ideation Focus,Intrusive suicidal fixation,landmark,5,0.06283185307179587,3.141592653589793,0.19344424626135137,3.141592653589793,20.125,39.718067049980164,0.506696359988396,2488.573486328125
persistent_suicidal_ideation_focus_0,Persistent Suicidal Ideation Focus,Intrusive suicidal fixation,landmark,7,0.0,0.0,0.0,0.0,26.625,26.625,1.0,3604.677734375
persistent_suicidal_ideation_focus_0,Persistent Suicidal Ideation Focus,Intrusive suicidal fixation,landmark,11,0.0,0.0,0.0,0.0,3.5,3.4999999962747097,1.0000000010643686,18341.1015625
persistent_suicidal_ideation_focus_0,Persistent Suicidal Ideation Focus,Intrusive suicidal fixation,landmark,15,0.0,0.0,0.0,0.0,0.6250004768371582,34.421799182891846,0.018157112401834964,27503.400390625
persistent_suicidal_ideation_focus_0,Persistent Suicidal Ideation Focus,Intrusive suicidal fixation,landmark,22,0.06283185307179587,3.141592653589793,0.19344424626135137,3.141592653589793,3.78125,50.74139404296875,0.07452002593381585,31376.48828125
persistent_suicidal_ideation_focus_0,Persistent Suicidal Ideation Focus,Intrusive suicidal fixation,landmark,27,0.06283185307179587,3.141592653589793,0.19344424626135137,3.141592653589793,39.249996185302734,62.758480072021484,0.6254134284364365,39041.5234375
persistent_suicidal_ideation_focus_0,Persistent Suicidal Ideation Focus,Intrusive suicidal fixation,landmark,29,0.06283185307179587,3.141592653589793,0.19344424626135137,3.141592653589793,6.1875,9.370643615722656,0.6603068320321374,44336.6796875
persistent_suicidal_ideation_focus_0,Persistent Suicidal Ideation Focus,Intrusive suicidal fixation,landmark,1,0.0,0.0,0.0,0.0,18.328125,18.328125953674316,0.9999999479666214,884.1490478515625
persistent_suicidal_ideation_focus_0,Persistent Suicidal Ideation Focus,Intrusive suicidal fixation,landmark,5,0.06283185307179587,3.141592653589793,0.19344424626135137,3.141592653589793,20.125,39.718067049980164,0.506696359988396,2488.573486328125
persistent_suicidal_ideation_focus_0,Persistent Suicidal Ideation Focus,Intrusive suicidal fixation,landmark,7,0.0,0.0,0.0,0.0,26.625,26.625,1.0,3604.677734375
persistent_suicidal_ideation_focus_0,Persistent Suicidal Ideation Focus,Intrusive suicidal fixation,landmark,11,0.0,0.0,0.0,0.0,3.5,3.4999999962747097,1.0000000010643686,18341.1015625
persistent_suicidal_ideation_focus_0,Persistent Suicidal Ideation Focus,Intrusive suicidal fixation,landmark,15,0.0,0.0,0.0,0.0,0.6250004768371582,34.421799182891846,0.018157112401834964,27503.400390625
persistent_suicidal_ideation_focus_0,Persistent Suicidal Ideation Focus,Intrusive suicidal fixation,landmark,22,0.06283185307179587,3.141592653589793,0.19344424626135137,3.141592653589793,3.78125,50.74139404296875,0.07452002593381585,31376.48828125
persistent_suicidal_ideation_focus_0,Persistent Suicidal Ideation Focus,Intrusive suicidal fixation,landmark,27,0.06283185307179587,3.141592653589793,0.19344424626135137,3.141592653589793,39.249996185302734,62.758480072021484,0.6254134284364365,39041.5234375
persistent_suicidal_ideation_focus_0,Persistent Suicidal Ideation Focus,Intrusive suicidal fixation,landmark,29,0.06283185307179587,3.141592653589793,0.19344424626135137,3.141592653589793,6.1875,9.370643615722656,0.6603068320321374,44336.6796875
persistent_suicidal_ideation_focus_0,Persistent Suicidal Ideation Focus,Intrusive suicidal fixation,landmark,1,0.0,0.0,0.0,0.0,18.328125,18.328125953674316,0.9999999479666214,884.1490478515625
persistent_suicidal_ideation_focus_0,Persistent Suicidal Ideation Focus,Intrusive suicidal fixation,landmark,5,0.06283185307179587,3.141592653589793,0.19344424626135137,3.141592653589793,20.125,39.718067049980164,0.506696359988396,2488.573486328125
persistent_suicidal_ideation_focus_0,Persistent Suicidal Ideation Focus,Intrusive suicidal fixation,landmark,7,0.0,0.0,0.0,0.0,26.625,26.625,1.0,3604.677734375
persistent_suicidal_ideation_focus_0,Persistent Suicidal Ideation Focus,Intrusive suicidal fixation,landmark,11,0.0,0.0,0.0,0.0,3.5,3.4999999962747097,1.0000000010643686,18341.1015625
persistent_suicidal_ideation_focus_0,Persistent Suicidal Ideation Focus,Intrusive suicidal fixation,landmark,15,0.0,0.0,0.0,0.0,0.6250004768371582,34.421799182891846,0.018157112401834964,27503.400390625
persistent_suicidal_ideation_focus_0,Persistent Suicidal Ideation Focus,Intrusive suicidal fixation,landmark,22,0.06283185307179587,3.141592653589793,0.19344424626135137,3.141592653589793,3.78125,50.74139404296875,0.07452002593381585,31376.48828125
persistent_suicidal_ideation_focus_0,Persistent Suicidal Ideation Focus,Intrusive suicidal fixation,landmark,27,0.06283185307179587,3.141592653589793,0.19344424626135137,3.141592653589793,39.249996185302734,62.758480072021484,0.6254134284364365,39041.5234375
persistent_suicidal_ideation_focus_0,Persistent Suicidal Ideation Focus,Intrusive suicidal fixation,landmark,29,0.06283185307179587,3.141592653589793,0.19344424626135137,3.141592653589793,6.1875,9.370643615722656,0.6603068320321374,44336.6796875
persistent_suicidal_ideation_focus_0,Persistent Suicidal Ideation Focus,Intrusive suicidal fixation,landmark,1,0.0,0.0,0.0,0.0,18.328125,18.328125953674316,0.9999999479666214,884.1490478515625
persistent_suicidal_ideation_focus_0,Persistent Suicidal Ideation Focus,Intrusive suicidal fixation,landmark,5,0.06283185307179587,3.141592653589793,0.19344424626135137,3.141592653589793,20.125,39.718067049980164,0.506696359988396,2488.573486328125
persistent_suicidal_ideation_focus_0,Persistent Suicidal Ideation Focus,Intrusive suicidal fixation,landmark,7,0.0,0.0,0.0,0.0,26.625,26.625,1.0,3604.677734375
persistent_suicidal_ideation_focus_0,Persistent Suicidal Ideation Focus,Intrusive suicidal fixation,landmark,11,0.0,0.0,0.0,0.0,3.5,3.4999999962747097,1.0000000010643686,18341.1015625
persistent_suicidal_ideation_focus_0,Persistent Suicidal Ideation Focus,Intrusive suicidal fixation,landmark,15,0.0,0.0,0.0,0.0,0.6250004768371582,34.421799182891846,0.018157112401834964,27503.400390625
persistent_suicidal_ideation_focus_0,Persistent Suicidal Ideation Focus,Intrusive suicidal fixation,landmark,22,0.06283185307179587,3.141592653589793,0.19344424626135137,3.141592653589793,3.78125,50.74139404296875,0.07452002593381585,31376.48828125
persistent_suicidal_ideation_focus_0,Persistent Suicidal Ideation Focus,Intrusive suicidal fixation,landmark,27,0.06283185307179587,3.141592653589793,0.19344424626135137,3.141592653589793,39.249996185302734,62.758480072021484,0.6254134284364365,39041.5234375
persistent_suicidal_ideation_focus_0,Persistent Suicidal Ideation Focus,Intrusive suicidal fixation,landmark,29,0.06283185307179587,3.141592653589793,0.19344424626135137,3.141592653589793,6.1875,9.370643615722656,0.6603068320321374,44336.6796875
persistent_suicidal_ideation_focus_0,Persistent Suicidal Ideation Focus,Intrusive suicidal fixation,landmark,1,0.0,0.0,0.0,0.0,18.328125,18.328125953674316,0.9999999479666214,884.1490478515625
persistent_suicidal_ideation_focus_0,Persistent Suicidal Ideation Focus,Intrusive suicidal fixation,landmark,5,0.06283185307179587,3.141592653589793,0.19344424626135137,3.141592653589793,20.125,39.718067049980164,0.506696359988396,2488.573486328125
persistent_suicidal_ideation_focus_0,Persistent Suicidal Ideation Focus,Intrusive suicidal fixation,landmark,7,0.0,0.0,0.0,0.0,26.625,26.625,1.0,3604.677734375
persistent_suicidal_ideation_focus_0,Persistent Suicidal Ideation Focus,Intrusive suicidal fixation,landmark,11,0.0,0.0,0.0,0.0,3.5,3.4999999962747097,1.0000000010643686,18341.1015625
persistent_suicidal_ideation_focus_0,Persistent Suicidal Ideation Focus,Intrusive suicidal fixation,landmark,15,0.0,0.0,0.0,0.0,0.6250004768371582,34.421799182891846,0.018157112401834964,27503.400390625
persistent_suicidal_ideation_focus_0,Persistent Suicidal Ideation Focus,Intrusive suicidal fixation,landmark,22,0.06283185307179587,3.141592653589793,0.19344424626135137,3.141592653589793,3.78125,50.74139404296875,0.07452002593381585,31376.48828125
persistent_suicidal_ideation_focus_0,Persistent Suicidal Ideation Focus,Intrusive suicidal fixation,landmark,27,0.06283185307179587,3.141592653589793,0.19344424626135137,3.141592653589793,39.249996185302734,62.758480072021484,0.6254134284364365,39041.5234375
persistent_suicidal_ideation_focus_0,Persistent Suicidal Ideation Focus,Intrusive suicidal fixation,landmark,29,0.06283185307179587,3.141592653589793,0.19344424626135137,3.141592653589793,6.1875,9.370643615722656,0.6603068320321374,44336.6796875
persistent_suicidal_ideation_focus_0,Persistent Suicidal Ideation Focus,Intrusive suicidal fixation,landmark,1,0.0,0.0,0.0,0.0,18.328125,18.328125953674316,0.9999999479666214,884.1490478515625
persistent_suicidal_ideation_focus_0,Persistent Suicidal Ideation Focus,Intrusive suicidal fixation,landmark,5,0.06283185307179587,3.141592653589793,0.19344424626135137,3.141592653589793,20.125,39.718067049980164,0.506696359988396,2488.573486328125
persistent_suicidal_ideation_focus_0,Persistent Suicidal Ideation Focus,Intrusive suicidal fixation,landmark,7,0.0,0.0,0.0,0.0,26.625,26.625,1.0,3604.677734375
persistent_suicidal_ideation_focus_0,Persistent Suicidal Ideation Focus,Intrusive suicidal fixation,landmark,11,0.0,0.0,0.0,0.0,3.5,3.4999999962747097,1.0000000010643686,18341.1015625
persistent_suicidal_ideation_focus_0,Persistent Suicidal Ideation Focus,Intrusive suicidal fixation,landmark,15,0.0,0.0,0.0,0.0,0.6250004768371582,34.421799182891846,0.018157112401834964,27503.400390625
persistent_suicidal_ideation_focus_0,Persistent Suicidal Ideation Focus,Intrusive suicidal fixation,landmark,22,0.06283185307179587,3.141592653589793,0.19344424626135137,3.141592653589793,3.78125,50.74139404296875,0.07452002593381585,31376.48828125
persistent_suicidal_ideation_focus_0,Persistent Suicidal Ideation Focus,Intrusive suicidal fixation,landmark,27,0.06283185307179587,3.141592653589793,0.19344424626135137,3.141592653589793,39.249996185302734,62.758480072021484,0.6254134284364365,39041.5234375
persistent_suicidal_ideation_focus_0,Persistent Suicidal Ideation Focus,Intrusive suicidal fixation,landmark,29,0.06283185307179587,3.141592653589793,0.19344424626135137,3.141592653589793,6.1875,9.370643615722656,0.6603068320321374,44336.6796875
persistent_suicidal_ideation_focus_0,Persistent Suicidal Ideation Focus,Intrusive suicidal fixation,landmark,1,0.0,0.0,0.0,0.0,18.328125,18.328125953674316,0.9999999479666214,884.1490478515625
persistent_suicidal_ideation_focus_0,Persistent Suicidal Ideation Focus,Intrusive suicidal fixation,landmark,5,0.06283185307179587,3.141592653589793,0.19344424626135137,3.141592653589793,20.125,39.718067049980164,0.506696359988396,2488.573486328125
persistent_suicidal_ideation_focus_0,Persistent Suicidal Ideation Focus,Intrusive suicidal fixation,landmark,7,0.0,0.0,0.0,0.0,26.625,26.625,1.0,3604.677734375
persistent_suicidal_ideation_focus_0,Persistent Suicidal Ideation Focus,Intrusive suicidal fixation,landmark,11,0.0,0.0,0.0,0.0,3.5,3.4999999962747097,1.0000000010643686,18341.1015625
persistent_suicidal_ideation_focus_0,Persistent Suicidal Ideation Focus,Intrusive suicidal fixation,landmark,15,0.0,0.0,0.0,0.0,0.6250004768371582,34.421799182891846,0.018157112401834964,27503.400390625
persistent_suicidal_ideation_focus_0,Persistent Suicidal Ideation Focus,Intrusive suicidal fixation,landmark,22,0.06283185307179587,3.141592653589793,0.19344424626135137,3.141592653589793,3.78125,50.74139404296875,0.07452002593381585,31376.48828125
persistent_suicidal_ideation_focus_0,Persistent Suicidal Ideation Focus,Intrusive suicidal fixation,landmark,27,0.06283185307179587,3.141592653589793,0.19344424626135137,3.141592653589793,39.249996185302734,62.758480072021484,0.6254134284364365,39041.5234375
persistent_suicidal_ideation_focus_0,Persistent Suicidal Ideation Focus,Intrusive suicidal fixation,landmark,29,0.06283185307179587,3.141592653589793,0.19344424626135137,3.141592653589793,6.1875,9.370643615722656,0.6603068320321374,44336.6796875
persistent_suicidal_ideation_focus_0,Persistent Suicidal Ideation Focus,Intrusive suicidal fixation,landmark,1,0.0,0.0,0.0,0.0,18.328125,18.328125953674316,0.9999999479666214,884.1490478515625
persistent_suicidal_ideation_focus_0,Persistent Suicidal Ideation Focus,Intrusive suicidal fixation,landmark,5,0.06283185307179587,3.141592653589793,0.19344424626135137,3.141592653589793,20.125,39.718067049980164,0.506696359988396,2488.573486328125
persistent_suicidal_ideation_focus_0,Persistent Suicidal Ideation Focus,Intrusive suicidal fixation,landmark,7,0.0,0.0,0.0,0.0,26.625,26.625,1.0,3604.677734375
persistent_suicidal_ideation_focus_0,Persistent Suicidal Ideation Focus,Intrusive suicidal fixation,landmark,11,0.0,0.0,0.0,0.0,3.5,3.4999999962747097,1.0000000010643686,18341.1015625
persistent_suicidal_ideation_focus_0,Persistent Suicidal Ideation Focus,Intrusive suicidal fixation,landmark,15,0.0,0.0,0.0,0.0,0.6250004768371582,34.421799182891846,0.018157112401834964,27503.400390625
persistent_suicidal_ideation_focus_0,Persistent Suicidal Ideation Focus,Intrusive suicidal fixation,landmark,22,0.06283185307179587,3.141592653589793,0.19344424626135137,3.141592653589793,3.78125,50.74139404296875,0.07452002593381585,31376.48828125
persistent_suicidal_ideation_focus_0,Persistent Suicidal Ideation Focus,Intrusive suicidal fixation,landmark,27,0.06283185307179587,3.141592653589793,0.19344424626135137,3.141592653589793,39.249996185302734,62.758480072021484,0.6254134284364365,39041.5234375
persistent_suicidal_ideation_focus_0,Persistent Suicidal Ideation Focus,Intrusive suicidal fixation,landmark,29,0.06283185307179587,3.141592653589793,0.19344424626135137,3.141592653589793,6.1875,9.370643615722656,0.6603068320321374,44336.6796875
persistent_suicidal_ideation_focus_0,Persistent Suicidal Ideation Focus,Intrusive suicidal fixation,landmark,1,0.0,0.0,0.0,0.0,18.328125,18.328125953674316,0.9999999479666214,884.1490478515625
persistent_suicidal_ideation_focus_0,Persistent Suicidal Ideation Focus,Intrusive suicidal fixation,landmark,5,0.06283185307179587,3.141592653589793,0.19344424626135137,3.141592653589793,20.125,39.718067049980164,0.506696359988396,2488.573486328125
persistent_suicidal_ideation_focus_0,Persistent Suicidal Ideation Focus,Intrusive suicidal fixation,landmark,7,0.0,0.0,0.0,0.0,26.625,26.625,1.0,3604.677734375
persistent_suicidal_ideation_focus_0,Persistent Suicidal Ideation Focus,Intrusive suicidal fixation,landmark,11,0.0,0.0,0.0,0.0,3.5,3.4999999962747097,1.0000000010643686,18341.1015625
persistent_suicidal_ideation_focus_0,Persistent Suicidal Ideation Focus,Intrusive suicidal fixation,landmark,15,0.0,0.0,0.0,0.0,0.6250004768371582,34.421799182891846,0.018157112401834964,27503.400390625
persistent_suicidal_ideation_focus_0,Persistent Suicidal Ideation Focus,Intrusive suicidal fixation,landmark,22,0.06283185307179587,3.141592653589793,0.19344424626135137,3.141592653589793,3.78125,50.74139404296875,0.07452002593381585,31376.48828125
persistent_suicidal_ideation_focus_0,Persistent Suicidal Ideation Focus,Intrusive suicidal fixation,landmark,27,0.06283185307179587,3.141592653589793,0.19344424626135137,3.141592653589793,39.249996185302734,62.758480072021484,0.6254134284364365,39041.5234375
persistent_suicidal_ideation_focus_0,Persistent Suicidal Ideation Focus,Intrusive suicidal fixation,landmark,29,0.06283185307179587,3.141592653589793,0.19344424626135137,3.141592653589793,6.1875,9.370643615722656,0.6603068320321374,44336.6796875
persistent_suicidal_ideation_focus_0,Persistent Suicidal Ideation Focus,Intrusive suicidal fixation,landmark,1,0.0,0.0,0.0,0.0,18.328125,18.328125953674316,0.9999999479666214,884.1490478515625
persistent_suicidal_ideation_focus_0,Persistent Suicidal Ideation Focus,Intrusive suicidal fixation,landmark,5,0.06283185307179587,3.141592653589793,0.19344424626135137,3.141592653589793,20.125,39.718067049980164,0.506696359988396,2488.573486328125
persistent_suicidal_ideation_focus_0,Persistent Suicidal Ideation Focus,Intrusive suicidal fixation,landmark,7,0.0,0.0,0.0,0.0,26.625,26.625,1.0,3604.677734375
persistent_suicidal_ideation_focus_0,Persistent Suicidal Ideation Focus,Intrusive suicidal fixation,landmark,11,0.0,0.0,0.0,0.0,3.5,3.4999999962747097,1.0000000010643686,18341.1015625
persistent_suicidal_ideation_focus_0,Persistent Suicidal Ideation Focus,Intrusive suicidal fixation,landmark,15,0.0,0.0,0.0,0.0,0.6250004768371582,34.421799182891846,0.018157112401834964,27503.400390625
persistent_suicidal_ideation_focus_0,Persistent Suicidal Ideation Focus,Intrusive suicidal fixation,landmark,22,0.06283185307179587,3.141592653589793,0.19344424626135137,3.141592653589793,3.78125,50.74139404296875,0.07452002593381585,31376.48828125
persistent_suicidal_ideation_focus_0,Persistent Suicidal Ideation Focus,Intrusive suicidal fixation,landmark,27,0.06283185307179587,3.141592653589793,0.19344424626135137,3.141592653589793,39.249996185302734,62.758480072021484,0.6254134284364365,39041.5234375
persistent_suicidal_ideation_focus_0,Persistent Suicidal Ideation Focus,Intrusive suicidal fixation,landmark,29,0.06283185307179587,3.141592653589793,0.19344424626135137,3.141592653589793,6.1875,9.370643615722656,0.6603068320321374,44336.6796875
persistent_suicidal_ideation_focus_0,Persistent Suicidal Ideation Focus,Intrusive suicidal fixation,landmark,1,0.0,0.0,0.0,0.0,18.328125,18.328125953674316,0.9999999479666214,884.1490478515625
persistent_suicidal_ideation_focus_0,Persistent Suicidal Ideation Focus,Intrusive suicidal fixation,landmark,5,0.06283185307179587,3.141592653589793,0.19344424626135137,3.141592653589793,20.125,39.718067049980164,0.506696359988396,2488.573486328125
persistent_suicidal_ideation_focus_0,Persistent Suicidal Ideation Focus,Intrusive suicidal fixation,landmark,7,0.0,0.0,0.0,0.0,26.625,26.625,1.0,3604.677734375
persistent_suicidal_ideation_focus_0,Persistent Suicidal Ideation Focus,Intrusive suicidal fixation,landmark,11,0.0,0.0,0.0,0.0,3.5,3.4999999962747097,1.0000000010643686,18341.1015625
persistent_suicidal_ideation_focus_0,Persistent Suicidal Ideation Focus,Intrusive suicidal fixation,landmark,15,0.0,0.0,0.0,0.0,0.6250004768371582,34.421799182891846,0.018157112401834964,27503.400390625
persistent_suicidal_ideation_focus_0,Persistent Suicidal Ideation Focus,Intrusive suicidal fixation,landmark,22,0.06283185307179587,3.141592653589793,0.19344424626135137,3.141592653589793,3.78125,50.74139404296875,0.07452002593381585,31376.48828125
persistent_suicidal_ideation_focus_0,Persistent Suicidal Ideation Focus,Intrusive suicidal fixation,landmark,27,0.06283185307179587,3.141592653589793,0.19344424626135137,3.141592653589793,39.249996185302734,62.758480072021484,0.6254134284364365,39041.5234375
persistent_suicidal_ideation_focus_0,Persistent Suicidal Ideation Focus,Intrusive suicidal fixation,landmark,29,0.06283185307179587,3.141592653589793,0.19344424626135137,3.141592653589793,6.1875,9.370643615722656,0.6603068320321374,44336.6796875
persistent_suicidal_ideation_focus_0,Persistent Suicidal Ideation Focus,Intrusive suicidal fixation,landmark,1,0.0,0.0,0.0,0.0,18.328125,18.328125953674316,0.9999999479666214,884.1490478515625
persistent_suicidal_ideation_focus_0,Persistent Suicidal Ideation Focus,Intrusive suicidal fixation,landmark,5,0.06283185307179587,3.141592653589793,0.19344424626135137,3.141592653589793,20.125,39.718067049980164,0.506696359988396,2488.573486328125
persistent_suicidal_ideation_focus_0,Persistent Suicidal Ideation Focus,Intrusive suicidal fixation,landmark,7,0.0,0.0,0.0,0.0,26.625,26.625,1.0,3604.677734375
persistent_suicidal_ideation_focus_0,Persistent Suicidal Ideation Focus,Intrusive suicidal fixation,landmark,11,0.0,0.0,0.0,0.0,3.5,3.4999999962747097,1.0000000010643686,18341.1015625
persistent_suicidal_ideation_focus_0,Persistent Suicidal Ideation Focus,Intrusive suicidal fixation,landmark,15,0.0,0.0,0.0,0.0,0.6250004768371582,34.421799182891846,0.018157112401834964,27503.400390625
persistent_suicidal_ideation_focus_0,Persistent Suicidal Ideation Focus,Intrusive suicidal fixation,landmark,22,0.06283185307179587,3.141592653589793,0.19344424626135137,3.141592653589793,3.78125,50.74139404296875,0.07452002593381585,31376.48828125
persistent_suicidal_ideation_focus_0,Persistent Suicidal Ideation Focus,Intrusive suicidal fixation,landmark,27,0.06283185307179587,3.141592653589793,0.19344424626135137,3.141592653589793,39.249996185302734,62.758480072021484,0.6254134284364365,39041.5234375
persistent_suicidal_ideation_focus_0,Persistent Suicidal Ideation Focus,Intrusive suicidal fixation,landmark,29,0.06283185307179587,3.141592653589793,0.19344424626135137,3.141592653589793,6.1875,9.370643615722656,0.6603068320321374,44336.6796875
persistent_suicidal_ideation_focus_0,Persistent Suicidal Ideation Focus,Intrusive suicidal fixation,landmark,1,0.0,0.0,0.0,0.0,18.328125,18.328125953674316,0.9999999479666214,884.1490478515625
persistent_suicidal_ideation_focus_0,Persistent Suicidal Ideation Focus,Intrusive suicidal fixation,landmark,5,0.06283185307179587,3.141592653589793,0.19344424626135137,3.141592653589793,20.125,39.718067049980164,0.506696359988396,2488.573486328125
persistent_suicidal_ideation_focus_0,Persistent Suicidal Ideation Focus,Intrusive suicidal fixation,landmark,7,0.0,0.0,0.0,0.0,26.625,26.625,1.0,3604.677734375
persistent_suicidal_ideation_focus_0,Persistent Suicidal Ideation Focus,Intrusive suicidal fixation,landmark,11,0.0,0.0,0.0,0.0,3.5,3.4999999962747097,1.0000000010643686,18341.1015625
persistent_suicidal_ideation_focus_0,Persistent Suicidal Ideation Focus,Intrusive suicidal fixation,landmark,15,0.0,0.0,0.0,0.0,0.6250004768371582,34.421799182891846,0.018157112401834964,27503.400390625
persistent_suicidal_ideation_focus_0,Persistent Suicidal Ideation Focus,Intrusive suicidal fixation,landmark,22,0.06283185307179587,3.141592653589793,0.19344424626135137,3.141592653589793,3.78125,50.74139404296875,0.07452002593381585,31376.48828125
persistent_suicidal_ideation_focus_0,Persistent Suicidal Ideation Focus,Intrusive suicidal fixation,landmark,27,0.06283185307179587,3.141592653589793,0.19344424626135137,3.141592653589793,39.249996185302734,62.758480072021484,0.6254134284364365,39041.5234375
persistent_suicidal_ideation_focus_0,Persistent Suicidal Ideation Focus,Intrusive suicidal fixation,landmark,29,0.06283185307179587,3.141592653589793,0.19344424626135137,3.141592653589793,6.1875,9.370643615722656,0.6603068320321374,44336.6796875
persistent_suicidal_ideation_focus_0,Persistent Suicidal Ideation Focus,Intrusive suicidal fixation,landmark,1,0.0,0.0,0.0,0.0,18.328125,18.328125953674316,0.9999999479666214,884.1490478515625
persistent_suicidal_ideation_focus_0,Persistent Suicidal Ideation Focus,Intrusive suicidal fixation,landmark,5,0.06283185307179587,3.141592653589793,0.19344424626135137,3.141592653589793,20.125,39.718067049980164,0.506696359988396,2488.573486328125
persistent_suicidal_ideation_focus_0,Persistent Suicidal Ideation Focus,Intrusive suicidal fixation,landmark,7,0.0,0.0,0.0,0.0,26.625,26.625,1.0,3604.677734375
persistent_suicidal_ideation_focus_0,Persistent Suicidal Ideation Focus,Intrusive suicidal fixation,landmark,11,0.0,0.0,0.0,0.0,3.5,3.4999999962747097,1.0000000010643686,18341.1015625
persistent_suicidal_ideation_focus_0,Persistent Suicidal Ideation Focus,Intrusive suicidal fixation,landmark,15,0.0,0.0,0.0,0.0,0.6250004768371582,34.421799182891846,0.018157112401834964,27503.400390625
persistent_suicidal_ideation_focus_0,Persistent Suicidal Ideation Focus,Intrusive suicidal fixation,landmark,22,0.06283185307179587,3.141592653589793,0.19344424626135137,3.141592653589793,3.78125,50.74139404296875,0.07452002593381585,31376.48828125
persistent_suicidal_ideation_focus_0,Persistent Suicidal Ideation Focus,Intrusive suicidal fixation,landmark,27,0.06283185307179587,3.141592653589793,0.19344424626135137,3.141592653589793,39.249996185302734,62.758480072021484,0.6254134284364365,39041.5234375
persistent_suicidal_ideation_focus_0,Persistent Suicidal Ideation Focus,Intrusive suicidal fixation,landmark,29,0.06283185307179587,3.141592653589793,0.19344424626135137,3.141592653589793,6.1875,9.370643615722656,0.6603068320321374,44336.6796875
persistent_suicidal_ideation_focus_0,Persistent Suicidal Ideation Focus,Intrusive suicidal fixation,landmark,1,0.0,0.0,0.0,0.0,18.328125,18.328125953674316,0.9999999479666214,884.1490478515625
persistent_suicidal_ideation_focus_0,Persistent Suicidal Ideation Focus,Intrusive suicidal fixation,landmark,5,0.06283185307179587,3.141592653589793,0.19344424626135137,3.141592653589793,20.125,39.718067049980164,0.506696359988396,2488.573486328125
persistent_suicidal_ideation_focus_0,Persistent Suicidal Ideation Focus,Intrusive suicidal fixation,landmark,7,0.0,0.0,0.0,0.0,26.625,26.625,1.0,3604.677734375
persistent_suicidal_ideation_focus_0,Persistent Suicidal Ideation Focus,Intrusive suicidal fixation,landmark,11,0.0,0.0,0.0,0.0,3.5,3.4999999962747097,1.0000000010643686,18341.1015625
persistent_suicidal_ideation_focus_0,Persistent Suicidal Ideation Focus,Intrusive suicidal fixation,landmark,15,0.0,0.0,0.0,0.0,0.6250004768371582,34.421799182891846,0.018157112401834964,27503.400390625
persistent_suicidal_ideation_focus_0,Persistent Suicidal Ideation Focus,Intrusive suicidal fixation,landmark,22,0.06283185307179587,3.141592653589793,0.19344424626135137,3.141592653589793,3.78125,50.74139404296875,0.07452002593381585,31376.48828125
persistent_suicidal_ideation_focus_0,Persistent Suicidal Ideation Focus,Intrusive suicidal fixation,landmark,27,0.06283185307179587,3.141592653589793,0.19344424626135137,3.141592653589793,39.249996185302734,62.758480072021484,0.6254134284364365,39041.5234375
persistent_suicidal_ideation_focus_0,Persistent Suicidal Ideation Focus,Intrusive suicidal fixation,landmark,29,0.06283185307179587,3.141592653589793,0.19344424626135137,3.141592653589793,6.1875,9.370643615722656,0.6603068320321374,44336.6796875
persistent_suicidal_ideation_focus_0,Persistent Suicidal Ideation Focus,Intrusive suicidal fixation,landmark,1,0.0,0.0,0.0,0.0,18.328125,18.328125953674316,0.9999999479666214,884.1490478515625
persistent_suicidal_ideation_focus_0,Persistent Suicidal Ideation Focus,Intrusive suicidal fixation,landmark,5,0.06283185307179587,3.141592653589793,0.19344424626135137,3.141592653589793,20.125,39.718067049980164,0.506696359988396,2488.573486328125
persistent_suicidal_ideation_focus_0,Persistent Suicidal Ideation Focus,Intrusive suicidal fixation,landmark,7,0.0,0.0,0.0,0.0,26.625,26.625,1.0,3604.677734375
persistent_suicidal_ideation_focus_0,Persistent Suicidal Ideation Focus,Intrusive suicidal fixation,landmark,11,0.0,0.0,0.0,0.0,3.5,3.4999999962747097,1.0000000010643686,18341.1015625
persistent_suicidal_ideation_focus_0,Persistent Suicidal Ideation Focus,Intrusive suicidal fixation,landmark,15,0.0,0.0,0.0,0.0,0.6250004768371582,34.421799182891846,0.018157112401834964,27503.400390625
persistent_suicidal_ideation_focus_0,Persistent Suicidal Ideation Focus,Intrusive suicidal fixation,landmark,22,0.06283185307179587,3.141592653589793,0.19344424626135137,3.141592653589793,3.78125,50.74139404296875,0.07452002593381585,31376.48828125
persistent_suicidal_ideation_focus_0,Persistent Suicidal Ideation Focus,Intrusive suicidal fixation,landmark,27,0.06283185307179587,3.141592653589793,0.19344424626135137,3.141592653589793,39.249996185302734,62.758480072021484,0.6254134284364365,39041.5234375
persistent_suicidal_ideation_focus_0,Persistent Suicidal Ideation Focus,Intrusive suicidal fixation,landmark,29,0.06283185307179587,3.141592653589793,0.19344424626135137,3.141592653589793,6.1875,9.370643615722656,0.6603068320321374,44336.6796875
persistent_suicidal_ideation_focus_0,Persistent Suicidal Ideation Focus,Intrusive suicidal fixation,landmark,1,0.0,0.0,0.0,0.0,18.328125,18.328125953674316,0.9999999479666214,884.1490478515625
persistent_suicidal_ideation_focus_0,Persistent Suicidal Ideation Focus,Intrusive suicidal fixation,landmark,5,0.06283185307179587,3.141592653589793,0.19344424626135137,3.141592653589793,20.125,39.718067049980164,0.506696359988396,2488.573486328125
persistent_suicidal_ideation_focus_0,Persistent Suicidal Ideation Focus,Intrusive suicidal fixation,landmark,7,0.0,0.0,0.0,0.0,26.625,26.625,1.0,3604.677734375
persistent_suicidal_ideation_focus_0,Persistent Suicidal Ideation Focus,Intrusive suicidal fixation,landmark,11,0.0,0.0,0.0,0.0,3.5,3.4999999962747097,1.0000000010643686,18341.1015625
persistent_suicidal_ideation_focus_0,Persistent Suicidal Ideation Focus,Intrusive suicidal fixation,landmark,15,0.0,0.0,0.0,0.0,0.6250004768371582,34.421799182891846,0.018157112401834964,27503.400390625
persistent_suicidal_ideation_focus_0,Persistent Suicidal Ideation Focus,Intrusive suicidal fixation,landmark,22,0.06283185307179587,3.141592653589793,0.19344424626135137,3.141592653589793,3.78125,50.74139404296875,0.07452002593381585,31376.48828125
persistent_suicidal_ideation_focus_0,Persistent Suicidal Ideation Focus,Intrusive suicidal fixation,landmark,27,0.06283185307179587,3.141592653589793,0.19344424626135137,3.141592653589793,39.249996185302734,62.758480072021484,0.6254134284364365,39041.5234375
persistent_suicidal_ideation_focus_0,Persistent Suicidal Ideation Focus,Intrusive suicidal fixation,landmark,29,0.06283185307179587,3.141592653589793,0.19344424626135137,3.141592653589793,6.1875,9.370643615722656,0.6603068320321374,44336.6796875
persistent_suicidal_ideation_focus_0,Persistent Suicidal Ideation Focus,Intrusive suicidal fixation,landmark,1,0.0,0.0,0.0,0.0,18.328125,18.328125953674316,0.9999999479666214,884.1490478515625
persistent_suicidal_ideation_focus_0,Persistent Suicidal Ideation Focus,Intrusive suicidal fixation,landmark,5,0.06283185307179587,3.141592653589793,0.19344424626135137,3.141592653589793,20.125,39.718067049980164,0.506696359988396,2488.573486328125
persistent_suicidal_ideation_focus_0,Persistent Suicidal Ideation Focus,Intrusive suicidal fixation,landmark,7,0.0,0.0,0.0,0.0,26.625,26.625,1.0,3604.677734375
persistent_suicidal_ideation_focus_0,Persistent Suicidal Ideation Focus,Intrusive suicidal fixation,landmark,11,0.0,0.0,0.0,0.0,3.5,3.4999999962747097,1.0000000010643686,18341.1015625
persistent_suicidal_ideation_focus_0,Persistent Suicidal Ideation Focus,Intrusive suicidal fixation,landmark,15,0.0,0.0,0.0,0.0,0.6250004768371582,34.421799182891846,0.018157112401834964,27503.400390625
persistent_suicidal_ideation_focus_0,Persistent Suicidal Ideation Focus,Intrusive suicidal fixation,landmark,22,0.06283185307179587,3.141592653589793,0.19344424626135137,3.141592653589793,3.78125,50.74139404296875,0.07452002593381585,31376.48828125
persistent_suicidal_ideation_focus_0,Persistent Suicidal Ideation Focus,Intrusive suicidal fixation,landmark,27,0.06283185307179587,3.141592653589793,0.19344424626135137,3.141592653589793,39.249996185302734,62.758480072021484,0.6254134284364365,39041.5234375
persistent_suicidal_ideation_focus_0,Persistent Suicidal Ideation Focus,Intrusive suicidal fixation,landmark,29,0.06283185307179587,3.141592653589793,0.19344424626135137,3.141592653589793,6.1875,9.370643615722656,0.6603068320321374,44336.6796875
persistent_suicidal_ideation_focus_0,Persistent Suicidal Ideation Focus,Intrusive suicidal fixation,landmark,1,0.0,0.0,0.0,0.0,18.328125,18.328125953674316,0.9999999479666214,884.1490478515625
persistent_suicidal_ideation_focus_0,Persistent Suicidal Ideation Focus,Intrusive suicidal fixation,landmark,5,0.06283185307179587,3.141592653589793,0.19344424626135137,3.141592653589793,20.125,39.718067049980164,0.506696359988396,2488.573486328125
persistent_suicidal_ideation_focus_0,Persistent Suicidal Ideation Focus,Intrusive suicidal fixation,landmark,7,0.0,0.0,0.0,0.0,26.625,26.625,1.0,3604.677734375
persistent_suicidal_ideation_focus_0,Persistent Suicidal Ideation Focus,Intrusive suicidal fixation,landmark,11,0.0,0.0,0.0,0.0,3.5,3.4999999962747097,1.0000000010643686,18341.1015625
persistent_suicidal_ideation_focus_0,Persistent Suicidal Ideation Focus,Intrusive suicidal fixation,landmark,15,0.0,0.0,0.0,0.0,0.6250004768371582,34.421799182891846,0.018157112401834964,27503.400390625
persistent_suicidal_ideation_focus_0,Persistent Suicidal Ideation Focus,Intrusive suicidal fixation,landmark,22,0.06283185307179587,3.141592653589793,0.19344424626135137,3.141592653589793,3.78125,50.74139404296875,0.07452002593381585,31376.48828125
persistent_suicidal_ideation_focus_0,Persistent Suicidal Ideation Focus,Intrusive suicidal fixation,landmark,27,0.06283185307179587,3.141592653589793,0.19344424626135137,3.141592653589793,39.249996185302734,62.758480072021484,0.6254134284364365,39041.5234375
persistent_suicidal_ideation_focus_0,Persistent Suicidal Ideation Focus,Intrusive suicidal fixation,landmark,29,0.06283185307179587,3.141592653589793,0.19344424626135137,3.141592653589793,6.1875,9.370643615722656,0.6603068320321374,44336.6796875
persistent_suicidal_ideation_focus_0,Persistent Suicidal Ideation Focus,Intrusive suicidal fixation,landmark,1,0.0,0.0,0.0,0.0,18.328125,18.328125953674316,0.9999999479666214,884.1490478515625
persistent_suicidal_ideation_focus_0,Persistent Suicidal Ideation Focus,Intrusive suicidal fixation,landmark,5,0.06283185307179587,3.141592653589793,0.19344424626135137,3.141592653589793,20.125,39.718067049980164,0.506696359988396,2488.573486328125
persistent_suicidal_ideation_focus_0,Persistent Suicidal Ideation Focus,Intrusive suicidal fixation,landmark,7,0.0,0.0,0.0,0.0,26.625,26.625,1.0,3604.677734375
persistent_suicidal_ideation_focus_0,Persistent Suicidal Ideation Focus,Intrusive suicidal fixation,landmark,11,0.0,0.0,0.0,0.0,3.5,3.4999999962747097,1.0000000010643686,18341.1015625
persistent_suicidal_ideation_focus_0,Persistent Suicidal Ideation Focus,Intrusive suicidal fixation,landmark,15,0.0,0.0,0.0,0.0,0.6250004768371582,34.421799182891846,0.018157112401834964,27503.400390625
persistent_suicidal_ideation_focus_0,Persistent Suicidal Ideation Focus,Intrusive suicidal fixation,landmark,22,0.06283185307179587,3.141592653589793,0.19344424626135137,3.141592653589793,3.78125,50.74139404296875,0.07452002593381585,31376.48828125
persistent_suicidal_ideation_focus_0,Persistent Suicidal Ideation Focus,Intrusive suicidal fixation,landmark,27,0.06283185307179587,3.141592653589793,0.19344424626135137,3.141592653589793,39.249996185302734,62.758480072021484,0.6254134284364365,39041.5234375
persistent_suicidal_ideation_focus_0,Persistent Suicidal Ideation Focus,Intrusive suicidal fixation,landmark,29,0.06283185307179587,3.141592653589793,0.19344424626135137,3.141592653589793,6.1875,9.370643615722656,0.6603068320321374,44336.6796875
persistent_suicidal_ideation_focus_0,Persistent Suicidal Ideation Focus,Intrusive suicidal fixation,landmark,1,0.0,0.0,0.0,0.0,18.328125,18.328125953674316,0.9999999479666214,884.1490478515625
persistent_suicidal_ideation_focus_0,Persistent Suicidal Ideation Focus,Intrusive suicidal fixation,landmark,5,0.06283185307179587,3.141592653589793,0.19344424626135137,3.141592653589793,20.125,39.718067049980164,0.506696359988396,2488.573486328125
persistent_suicidal_ideation_focus_0,Persistent Suicidal Ideation Focus,Intrusive suicidal fixation,landmark,7,0.0,0.0,0.0,0.0,26.625,26.625,1.0,3604.677734375
persistent_suicidal_ideation_focus_0,Persistent Suicidal Ideation Focus,Intrusive suicidal fixation,landmark,11,0.0,0.0,0.0,0.0,3.5,3.4999999962747097,1.0000000010643686,18341.1015625
persistent_suicidal_ideation_focus_0,Persistent Suicidal Ideation Focus,Intrusive suicidal fixation,landmark,15,0.0,0.0,0.0,0.0,0.6250004768371582,34.421799182891846,0.018157112401834964,27503.400390625
persistent_suicidal_ideation_focus_0,Persistent Suicidal Ideation Focus,Intrusive suicidal fixation,landmark,22,0.06283185307179587,3.141592653589793,0.19344424626135137,3.141592653589793,3.78125,50.74139404296875,0.07452002593381585,31376.48828125
persistent_suicidal_ideation_focus_0,Persistent Suicidal Ideation Focus,Intrusive suicidal fixation,landmark,27,0.06283185307179587,3.141592653589793,0.19344424626135137,3.141592653589793,39.249996185302734,62.758480072021484,0.6254134284364365,39041.5234375
persistent_suicidal_ideation_focus_0,Persistent Suicidal Ideation Focus,Intrusive suicidal fixation,landmark,29,0.06283185307179587,3.141592653589793,0.19344424626135137,3.141592653589793,6.1875,9.370643615722656,0.6603068320321374,44336.6796875
persistent_suicidal_ideation_focus_0,Persistent Suicidal Ideation Focus,Intrusive suicidal fixation,landmark,1,0.0,0.0,0.0,0.0,18.328125,18.328125953674316,0.9999999479666214,884.1490478515625
persistent_suicidal_ideation_focus_0,Persistent Suicidal Ideation Focus,Intrusive suicidal fixation,landmark,5,0.06283185307179587,3.141592653589793,0.19344424626135137,3.141592653589793,20.125,39.718067049980164,0.506696359988396,2488.573486328125
persistent_suicidal_ideation_focus_0,Persistent Suicidal Ideation Focus,Intrusive suicidal fixation,landmark,7,0.0,0.0,0.0,0.0,26.625,26.625,1.0,3604.677734375
persistent_suicidal_ideation_focus_0,Persistent Suicidal Ideation Focus,Intrusive suicidal fixation,landmark,11,0.0,0.0,0.0,0.0,3.5,3.4999999962747097,1.0000000010643686,18341.1015625
persistent_suicidal_ideation_focus_0,Persistent Suicidal Ideation Focus,Intrusive suicidal fixation,landmark,15,0.0,0.0,0.0,0.0,0.6250004768371582,34.421799182891846,0.018157112401834964,27503.400390625
persistent_suicidal_ideation_focus_0,Persistent Suicidal Ideation Focus,Intrusive suicidal fixation,landmark,22,0.06283185307179587,3.141592653589793,0.19344424626135137,3.141592653589793,3.78125,50.74139404296875,0.07452002593381585,31376.48828125
persistent_suicidal_ideation_focus_0,Persistent Suicidal Ideation Focus,Intrusive suicidal fixation,landmark,27,0.06283185307179587,3.141592653589793,0.19344424626135137,3.141592653589793,39.249996185302734,62.758480072021484,0.6254134284364365,39041.5234375
persistent_suicidal_ideation_focus_0,Persistent Suicidal Ideation Focus,Intrusive suicidal fixation,landmark,29,0.06283185307179587,3.141592653589793,0.19344424626135137,3.141592653589793,6.1875,9.370643615722656,0.6603068320321374,44336.6796875
persistent_suicidal_ideation_focus_0,Persistent Suicidal Ideation Focus,Intrusive suicidal fixation,landmark,1,0.0,0.0,0.0,0.0,18.328125,18.328125953674316,0.9999999479666214,884.1490478515625
persistent_suicidal_ideation_focus_0,Persistent Suicidal Ideation Focus,Intrusive suicidal fixation,landmark,5,0.06283185307179587,3.141592653589793,0.19344424626135137,3.141592653589793,20.125,39.718067049980164,0.506696359988396,2488.573486328125
persistent_suicidal_ideation_focus_0,Persistent Suicidal Ideation Focus,Intrusive suicidal fixation,landmark,7,0.0,0.0,0.0,0.0,26.625,26.625,1.0,3604.677734375
persistent_suicidal_ideation_focus_0,Persistent Suicidal Ideation Focus,Intrusive suicidal fixation,landmark,11,0.0,0.0,0.0,0.0,3.5,3.4999999962747097,1.0000000010643686,18341.1015625
persistent_suicidal_ideation_focus_0,Persistent Suicidal Ideation Focus,Intrusive suicidal fixation,landmark,15,0.0,0.0,0.0,0.0,0.6250004768371582,34.421799182891846,0.018157112401834964,27503.400390625
persistent_suicidal_ideation_focus_0,Persistent Suicidal Ideation Focus,Intrusive suicidal fixation,landmark,22,0.06283185307179587,3.141592653589793,0.19344424626135137,3.141592653589793,3.78125,50.74139404296875,0.07452002593381585,31376.48828125
persistent_suicidal_ideation_focus_0,Persistent Suicidal Ideation Focus,Intrusive suicidal fixation,landmark,27,0.06283185307179587,3.141592653589793,0.19344424626135137,3.141592653589793,39.249996185302734,62.758480072021484,0.6254134284364365,39041.5234375
persistent_suicidal_ideation_focus_0,Persistent Suicidal Ideation Focus,Intrusive suicidal fixation,landmark,29,0.06283185307179587,3.141592653589793,0.19344424626135137,3.141592653589793,6.1875,9.370643615722656,0.6603068320321374,44336.6796875
persistent_suicidal_ideation_focus_0,Persistent Suicidal Ideation Focus,Intrusive suicidal fixation,landmark,1,0.0,0.0,0.0,0.0,18.328125,18.328125953674316,0.9999999479666214,884.1490478515625
persistent_suicidal_ideation_focus_0,Persistent Suicidal Ideation Focus,Intrusive suicidal fixation,landmark,5,0.06283185307179587,3.141592653589793,0.19344424626135137,3.141592653589793,20.125,39.718067049980164,0.506696359988396,2488.573486328125
persistent_suicidal_ideation_focus_0,Persistent Suicidal Ideation Focus,Intrusive suicidal fixation,landmark,7,0.0,0.0,0.0,0.0,26.625,26.625,1.0,3604.677734375
persistent_suicidal_ideation_focus_0,Persistent Suicidal Ideation Focus,Intrusive suicidal fixation,landmark,11,0.0,0.0,0.0,0.0,3.5,3.4999999962747097,1.0000000010643686,18341.1015625
persistent_suicidal_ideation_focus_0,Persistent Suicidal Ideation Focus,Intrusive suicidal fixation,landmark,15,0.0,0.0,0.0,0.0,0.6250004768371582,34.421799182891846,0.018157112401834964,27503.400390625
persistent_suicidal_ideation_focus_0,Persistent Suicidal Ideation Focus,Intrusive suicidal fixation,landmark,22,0.06283185307179587,3.141592653589793,0.19344424626135137,3.141592653589793,3.78125,50.74139404296875,0.07452002593381585,31376.48828125
persistent_suicidal_ideation_focus_0,Persistent Suicidal Ideation Focus,Intrusive suicidal fixation,landmark,27,0.06283185307179587,3.141592653589793,0.19344424626135137,3.141592653589793,39.249996185302734,62.758480072021484,0.6254134284364365,39041.5234375
persistent_suicidal_ideation_focus_0,Persistent Suicidal Ideation Focus,Intrusive suicidal fixation,landmark,29,0.06283185307179587,3.141592653589793,0.19344424626135137,3.141592653589793,6.1875,9.370643615722656,0.6603068320321374,44336.6796875
persistent_suicidal_ideation_focus_0,Persistent Suicidal Ideation Focus,Intrusive suicidal fixation,landmark,1,0.0,0.0,0.0,0.0,18.328125,18.328125953674316,0.9999999479666214,884.1490478515625
persistent_suicidal_ideation_focus_0,Persistent Suicidal Ideation Focus,Intrusive suicidal fixation,landmark,5,0.06283185307179587,3.141592653589793,0.19344424626135137,3.141592653589793,20.125,39.718067049980164,0.506696359988396,2488.573486328125
persistent_suicidal_ideation_focus_0,Persistent Suicidal Ideation Focus,Intrusive suicidal fixation,landmark,7,0.0,0.0,0.0,0.0,26.625,26.625,1.0,3604.677734375
persistent_suicidal_ideation_focus_0,Persistent Suicidal Ideation Focus,Intrusive suicidal fixation,landmark,11,0.0,0.0,0.0,0.0,3.5,3.4999999962747097,1.0000000010643686,18341.1015625
persistent_suicidal_ideation_focus_0,Persistent Suicidal Ideation Focus,Intrusive suicidal fixation,landmark,15,0.0,0.0,0.0,0.0,0.6250004768371582,34.421799182891846,0.018157112401834964,27503.400390625
persistent_suicidal_ideation_focus_0,Persistent Suicidal Ideation Focus,Intrusive suicidal fixation,landmark,22,0.06283185307179587,3.141592653589793,0.19344424626135137,3.141592653589793,3.78125,50.74139404296875,0.07452002593381585,31376.48828125
persistent_suicidal_ideation_focus_0,Persistent Suicidal Ideation Focus,Intrusive suicidal fixation,landmark,27,0.06283185307179587,3.141592653589793,0.19344424626135137,3.141592653589793,39.249996185302734,62.758480072021484,0.6254134284364365,39041.5234375
persistent_suicidal_ideation_focus_0,Persistent Suicidal Ideation Focus,Intrusive suicidal fixation,landmark,29,0.06283185307179587,3.141592653589793,0.19344424626135137,3.141592653589793,6.1875,9.370643615722656,0.6603068320321374,44336.6796875
persistent_suicidal_ideation_focus_0,Persistent Suicidal Ideation Focus,Intrusive suicidal fixation,landmark,1,0.0,0.0,0.0,0.0,18.328125,18.328125953674316,0.9999999479666214,884.1490478515625
persistent_suicidal_ideation_focus_0,Persistent Suicidal Ideation Focus,Intrusive suicidal fixation,landmark,5,0.06283185307179587,3.141592653589793,0.19344424626135137,3.141592653589793,20.125,39.718067049980164,0.506696359988396,2488.573486328125
persistent_suicidal_ideation_focus_0,Persistent Suicidal Ideation Focus,Intrusive suicidal fixation,landmark,7,0.0,0.0,0.0,0.0,26.625,26.625,1.0,3604.677734375
persistent_suicidal_ideation_focus_0,Persistent Suicidal Ideation Focus,Intrusive suicidal fixation,landmark,11,0.0,0.0,0.0,0.0,3.5,3.4999999962747097,1.0000000010643686,18341.1015625
persistent_suicidal_ideation_focus_0,Persistent Suicidal Ideation Focus,Intrusive suicidal fixation,landmark,15,0.0,0.0,0.0,0.0,0.6250004768371582,34.421799182891846,0.018157112401834964,27503.400390625
persistent_suicidal_ideation_focus_0,Persistent Suicidal Ideation Focus,Intrusive suicidal fixation,landmark,22,0.06283185307179587,3.141592653589793,0.19344424626135137,3.141592653589793,3.78125,50.74139404296875,0.07452002593381585,31376.48828125
persistent_suicidal_ideation_focus_0,Persistent Suicidal Ideation Focus,Intrusive suicidal fixation,landmark,27,0.06283185307179587,3.141592653589793,0.19344424626135137,3.141592653589793,39.249996185302734,62.758480072021484,0.6254134284364365,39041.5234375
persistent_suicidal_ideation_focus_0,Persistent Suicidal Ideation Focus,Intrusive suicidal fixation,landmark,29,0.06283185307179587,3.141592653589793,0.19344424626135137,3.141592653589793,6.1875,9.370643615722656,0.6603068320321374,44336.6796875
persistent_suicidal_ideation_focus_0,Persistent Suicidal Ideation Focus,Intrusive suicidal fixation,landmark,1,0.0,0.0,0.0,0.0,18.328125,18.328125953674316,0.9999999479666214,884.1490478515625
persistent_suicidal_ideation_focus_0,Persistent Suicidal Ideation Focus,Intrusive suicidal fixation,landmark,5,0.06283185307179587,3.141592653589793,0.19344424626135137,3.141592653589793,20.125,39.718067049980164,0.506696359988396,2488.573486328125
persistent_suicidal_ideation_focus_0,Persistent Suicidal Ideation Focus,Intrusive suicidal fixation,landmark,7,0.0,0.0,0.0,0.0,26.625,26.625,1.0,3604.677734375
persistent_suicidal_ideation_focus_0,Persistent Suicidal Ideation Focus,Intrusive suicidal fixation,landmark,11,0.0,0.0,0.0,0.0,3.5,3.4999999962747097,1.0000000010643686,18341.1015625
persistent_suicidal_ideation_focus_0,Persistent Suicidal Ideation Focus,Intrusive suicidal fixation,landmark,15,0.0,0.0,0.0,0.0,0.6250004768371582,34.421799182891846,0.018157112401834964,27503.400390625
persistent_suicidal_ideation_focus_0,Persistent Suicidal Ideation Focus,Intrusive suicidal fixation,landmark,22,0.06283185307179587,3.141592653589793,0.19344424626135137,3.141592653589793,3.78125,50.74139404296875,0.07452002593381585,31376.48828125
persistent_suicidal_ideation_focus_0,Persistent Suicidal Ideation Focus,Intrusive suicidal fixation,landmark,27,0.06283185307179587,3.141592653589793,0.19344424626135137,3.141592653589793,39.249996185302734,62.758480072021484,0.6254134284364365,39041.5234375
persistent_suicidal_ideation_focus_0,Persistent Suicidal Ideation Focus,Intrusive suicidal fixation,landmark,29,0.06283185307179587,3.141592653589793,0.19344424626135137,3.141592653589793,6.1875,9.370643615722656,0.6603068320321374,44336.6796875
persistent_suicidal_ideation_focus_0,Persistent Suicidal Ideation Focus,Intrusive suicidal fixation,landmark,1,0.0,0.0,0.0,0.0,18.328125,18.328125953674316,0.9999999479666214,884.1490478515625
persistent_suicidal_ideation_focus_0,Persistent Suicidal Ideation Focus,Intrusive suicidal fixation,landmark,5,0.06283185307179587,3.141592653589793,0.19344424626135137,3.141592653589793,20.125,39.718067049980164,0.506696359988396,2488.573486328125
persistent_suicidal_ideation_focus_0,Persistent Suicidal Ideation Focus,Intrusive suicidal fixation,landmark,7,0.0,0.0,0.0,0.0,26.625,26.625,1.0,3604.677734375
persistent_suicidal_ideation_focus_0,Persistent Suicidal Ideation Focus,Intrusive suicidal fixation,landmark,11,0.0,0.0,0.0,0.0,3.5,3.4999999962747097,1.0000000010643686,18341.1015625
persistent_suicidal_ideation_focus_0,Persistent Suicidal Ideation Focus,Intrusive suicidal fixation,landmark,15,0.0,0.0,0.0,0.0,0.6250004768371582,34.421799182891846,0.018157112401834964,27503.400390625
persistent_suicidal_ideation_focus_0,Persistent Suicidal Ideation Focus,Intrusive suicidal fixation,landmark,22,0.06283185307179587,3.141592653589793,0.19344424626135137,3.141592653589793,3.78125,50.74139404296875,0.07452002593381585,31376.48828125
persistent_suicidal_ideation_focus_0,Persistent Suicidal Ideation Focus,Intrusive suicidal fixation,landmark,27,0.06283185307179587,3.141592653589793,0.19344424626135137,3.141592653589793,39.249996185302734,62.758480072021484,0.6254134284364365,39041.5234375
persistent_suicidal_ideation_focus_0,Persistent Suicidal Ideation Focus,Intrusive suicidal fixation,landmark,29,0.06283185307179587,3.141592653589793,0.19344424626135137,3.141592653589793,6.1875,9.370643615722656,0.6603068320321374,44336.6796875
persistent_suicidal_ideation_focus_0,Persistent Suicidal Ideation Focus,Intrusive suicidal fixation,landmark,1,0.0,0.0,0.0,0.0,18.328125,18.328125953674316,0.9999999479666214,884.1490478515625
persistent_suicidal_ideation_focus_0,Persistent Suicidal Ideation Focus,Intrusive suicidal fixation,landmark,5,0.06283185307179587,3.141592653589793,0.19344424626135137,3.141592653589793,20.125,39.718067049980164,0.506696359988396,2488.573486328125
persistent_suicidal_ideation_focus_0,Persistent Suicidal Ideation Focus,Intrusive suicidal fixation,landmark,7,0.0,0.0,0.0,0.0,26.625,26.625,1.0,3604.677734375
persistent_suicidal_ideation_focus_0,Persistent Suicidal Ideation Focus,Intrusive suicidal fixation,landmark,11,0.0,0.0,0.0,0.0,3.5,3.4999999962747097,1.0000000010643686,18341.1015625
persistent_suicidal_ideation_focus_0,Persistent Suicidal Ideation Focus,Intrusive suicidal fixation,landmark,15,0.0,0.0,0.0,0.0,0.6250004768371582,34.421799182891846,0.018157112401834964,27503.400390625
persistent_suicidal_ideation_focus_0,Persistent Suicidal Ideation Focus,Intrusive suicidal fixation,landmark,22,0.06283185307179587,3.141592653589793,0.19344424626135137,3.141592653589793,3.78125,50.74139404296875,0.07452002593381585,31376.48828125
persistent_suicidal_ideation_focus_0,Persistent Suicidal Ideation Focus,Intrusive suicidal fixation,landmark,27,0.06283185307179587,3.141592653589793,0.19344424626135137,3.141592653589793,39.249996185302734,62.758480072021484,0.6254134284364365,39041.5234375
persistent_suicidal_ideation_focus_0,Persistent Suicidal Ideation Focus,Intrusive suicidal fixation,landmark,29,0.06283185307179587,3.141592653589793,0.19344424626135137,3.141592653589793,6.1875,9.370643615722656,0.6603068320321374,44336.6796875
persistent_suicidal_ideation_focus_0,Persistent Suicidal Ideation Focus,Intrusive suicidal fixation,landmark,1,0.0,0.0,0.0,0.0,18.328125,18.328125953674316,0.9999999479666214,884.1490478515625
persistent_suicidal_ideation_focus_0,Persistent Suicidal Ideation Focus,Intrusive suicidal fixation,landmark,5,0.06283185307179587,3.141592653589793,0.19344424626135137,3.141592653589793,20.125,39.718067049980164,0.506696359988396,2488.573486328125
persistent_suicidal_ideation_focus_0,Persistent Suicidal Ideation Focus,Intrusive suicidal fixation,landmark,7,0.0,0.0,0.0,0.0,26.625,26.625,1.0,3604.677734375
persistent_suicidal_ideation_focus_0,Persistent Suicidal Ideation Focus,Intrusive suicidal fixation,landmark,11,0.0,0.0,0.0,0.0,3.5,3.4999999962747097,1.0000000010643686,18341.1015625
persistent_suicidal_ideation_focus_0,Persistent Suicidal Ideation Focus,Intrusive suicidal fixation,landmark,15,0.0,0.0,0.0,0.0,0.6250004768371582,34.421799182891846,0.018157112401834964,27503.400390625
persistent_suicidal_ideation_focus_0,Persistent Suicidal Ideation Focus,Intrusive suicidal fixation,landmark,22,0.06283185307179587,3.141592653589793,0.19344424626135137,3.141592653589793,3.78125,50.74139404296875,0.07452002593381585,31376.48828125
persistent_suicidal_ideation_focus_0,Persistent Suicidal Ideation Focus,Intrusive suicidal fixation,landmark,27,0.06283185307179587,3.141592653589793,0.19344424626135137,3.141592653589793,39.249996185302734,62.758480072021484,0.6254134284364365,39041.5234375
persistent_suicidal_ideation_focus_0,Persistent Suicidal Ideation Focus,Intrusive suicidal fixation,landmark,29,0.06283185307179587,3.141592653589793,0.19344424626135137,3.141592653589793,6.1875,9.370643615722656,0.6603068320321374,44336.6796875
persistent_suicidal_ideation_focus_0,Persistent Suicidal Ideation Focus,Intrusive suicidal fixation,landmark,1,0.0,0.0,0.0,0.0,18.328125,18.328125953674316,0.9999999479666214,884.1490478515625
persistent_suicidal_ideation_focus_0,Persistent Suicidal Ideation Focus,Intrusive suicidal fixation,landmark,5,0.06283185307179587,3.141592653589793,0.19344424626135137,3.141592653589793,20.125,39.718067049980164,0.506696359988396,2488.573486328125
persistent_suicidal_ideation_focus_0,Persistent Suicidal Ideation Focus,Intrusive suicidal fixation,landmark,7,0.0,0.0,0.0,0.0,26.625,26.625,1.0,3604.677734375
persistent_suicidal_ideation_focus_0,Persistent Suicidal Ideation Focus,Intrusive suicidal fixation,landmark,11,0.0,0.0,0.0,0.0,3.5,3.4999999962747097,1.0000000010643686,18341.1015625
persistent_suicidal_ideation_focus_0,Persistent Suicidal Ideation Focus,Intrusive suicidal fixation,landmark,15,0.0,0.0,0.0,0.0,0.6250004768371582,34.421799182891846,0.018157112401834964,27503.400390625
persistent_suicidal_ideation_focus_0,Persistent Suicidal Ideation Focus,Intrusive suicidal fixation,landmark,22,0.06283185307179587,3.141592653589793,0.19344424626135137,3.141592653589793,3.78125,50.74139404296875,0.07452002593381585,31376.48828125
persistent_suicidal_ideation_focus_0,Persistent Suicidal Ideation Focus,Intrusive suicidal fixation,landmark,27,0.06283185307179587,3.141592653589793,0.19344424626135137,3.141592653589793,39.249996185302734,62.758480072021484,0.6254134284364365,39041.5234375
persistent_suicidal_ideation_focus_0,Persistent Suicidal Ideation Focus,Intrusive suicidal fixation,landmark,29,0.06283185307179587,3.141592653589793,0.19344424626135137,3.141592653589793,6.1875,9.370643615722656,0.6603068320321374,44336.6796875
persistent_suicidal_ideation_focus_0,Persistent Suicidal Ideation Focus,Intrusive suicidal fixation,landmark,1,0.0,0.0,0.0,0.0,18.328125,18.328125953674316,0.9999999479666214,884.1490478515625
persistent_suicidal_ideation_focus_0,Persistent Suicidal Ideation Focus,Intrusive suicidal fixation,landmark,5,0.06283185307179587,3.141592653589793,0.19344424626135137,3.141592653589793,20.125,39.718067049980164,0.506696359988396,2488.573486328125
persistent_suicidal_ideation_focus_0,Persistent Suicidal Ideation Focus,Intrusive suicidal fixation,landmark,7,0.0,0.0,0.0,0.0,26.625,26.625,1.0,3604.677734375
persistent_suicidal_ideation_focus_0,Persistent Suicidal Ideation Focus,Intrusive suicidal fixation,landmark,11,0.0,0.0,0.0,0.0,3.5,3.4999999962747097,1.0000000010643686,18341.1015625
persistent_suicidal_ideation_focus_0,Persistent Suicidal Ideation Focus,Intrusive suicidal fixation,landmark,15,0.0,0.0,0.0,0.0,0.6250004768371582,34.421799182891846,0.018157112401834964,27503.400390625
persistent_suicidal_ideation_focus_0,Persistent Suicidal Ideation Focus,Intrusive suicidal fixation,landmark,22,0.06283185307179587,3.141592653589793,0.19344424626135137,3.141592653589793,3.78125,50.74139404296875,0.07452002593381585,31376.48828125
persistent_suicidal_ideation_focus_0,Persistent Suicidal Ideation Focus,Intrusive suicidal fixation,landmark,27,0.06283185307179587,3.141592653589793,0.19344424626135137,3.141592653589793,39.249996185302734,62.758480072021484,0.6254134284364365,39041.5234375
persistent_suicidal_ideation_focus_0,Persistent Suicidal Ideation Focus,Intrusive suicidal fixation,landmark,29,0.06283185307179587,3.141592653589793,0.19344424626135137,3.141592653589793,6.1875,9.370643615722656,0.6603068320321374,44336.6796875
persistent_suicidal_ideation_focus_0,Persistent Suicidal Ideation Focus,Intrusive suicidal fixation,landmark,1,0.0,0.0,0.0,0.0,18.328125,18.328125953674316,0.9999999479666214,884.1490478515625
persistent_suicidal_ideation_focus_0,Persistent Suicidal Ideation Focus,Intrusive suicidal fixation,landmark,5,0.06283185307179587,3.141592653589793,0.19344424626135137,3.141592653589793,20.125,39.718067049980164,0.506696359988396,2488.573486328125
persistent_suicidal_ideation_focus_0,Persistent Suicidal Ideation Focus,Intrusive suicidal fixation,landmark,7,0.0,0.0,0.0,0.0,26.625,26.625,1.0,3604.677734375
persistent_suicidal_ideation_focus_0,Persistent Suicidal Ideation Focus,Intrusive suicidal fixation,landmark,11,0.0,0.0,0.0,0.0,3.5,3.4999999962747097,1.0000000010643686,18341.1015625
persistent_suicidal_ideation_focus_0,Persistent Suicidal Ideation Focus,Intrusive suicidal fixation,landmark,15,0.0,0.0,0.0,0.0,0.6250004768371582,34.421799182891846,0.018157112401834964,27503.400390625
persistent_suicidal_ideation_focus_0,Persistent Suicidal Ideation Focus,Intrusive suicidal fixation,landmark,22,0.06283185307179587,3.141592653589793,0.19344424626135137,3.141592653589793,3.78125,50.74139404296875,0.07452002593381585,31376.48828125
persistent_suicidal_ideation_focus_0,Persistent Suicidal Ideation Focus,Intrusive suicidal fixation,landmark,27,0.06283185307179587,3.141592653589793,0.19344424626135137,3.141592653589793,39.249996185302734,62.758480072021484,0.6254134284364365,39041.5234375
persistent_suicidal_ideation_focus_0,Persistent Suicidal Ideation Focus,Intrusive suicidal fixation,landmark,29,0.06283185307179587,3.141592653589793,0.19344424626135137,3.141592653589793,6.1875,9.370643615722656,0.6603068320321374,44336.6796875
persistent_suicidal_ideation_focus_0,Persistent Suicidal Ideation Focus,Intrusive suicidal fixation,landmark,1,0.0,0.0,0.0,0.0,18.328125,18.328125953674316,0.9999999479666214,884.1490478515625
persistent_suicidal_ideation_focus_0,Persistent Suicidal Ideation Focus,Intrusive suicidal fixation,landmark,5,0.06283185307179587,3.141592653589793,0.19344424626135137,3.141592653589793,20.125,39.718067049980164,0.506696359988396,2488.573486328125
persistent_suicidal_ideation_focus_0,Persistent Suicidal Ideation Focus,Intrusive suicidal fixation,landmark,7,0.0,0.0,0.0,0.0,26.625,26.625,1.0,3604.677734375
persistent_suicidal_ideation_focus_0,Persistent Suicidal Ideation Focus,Intrusive suicidal fixation,landmark,11,0.0,0.0,0.0,0.0,3.5,3.4999999962747097,1.0000000010643686,18341.1015625
persistent_suicidal_ideation_focus_0,Persistent Suicidal Ideation Focus,Intrusive suicidal fixation,landmark,15,0.0,0.0,0.0,0.0,0.6250004768371582,34.421799182891846,0.018157112401834964,27503.400390625
persistent_suicidal_ideation_focus_0,Persistent Suicidal Ideation Focus,Intrusive suicidal fixation,landmark,22,0.06283185307179587,3.141592653589793,0.19344424626135137,3.141592653589793,3.78125,50.74139404296875,0.07452002593381585,31376.48828125
persistent_suicidal_ideation_focus_0,Persistent Suicidal Ideation Focus,Intrusive suicidal fixation,landmark,27,0.06283185307179587,3.141592653589793,0.19344424626135137,3.141592653589793,39.249996185302734,62.758480072021484,0.6254134284364365,39041.5234375
persistent_suicidal_ideation_focus_0,Persistent Suicidal Ideation Focus,Intrusive suicidal fixation,landmark,29,0.06283185307179587,3.141592653589793,0.19344424626135137,3.141592653589793,6.1875,9.370643615722656,0.6603068320321374,44336.6796875
persistent_suicidal_ideation_focus_0,Persistent Suicidal Ideation Focus,Intrusive suicidal fixation,landmark,1,0.0,0.0,0.0,0.0,18.328125,18.328125953674316,0.9999999479666214,884.1490478515625
persistent_suicidal_ideation_focus_0,Persistent Suicidal Ideation Focus,Intrusive suicidal fixation,landmark,5,0.06283185307179587,3.141592653589793,0.19344424626135137,3.141592653589793,20.125,39.718067049980164,0.506696359988396,2488.573486328125
persistent_suicidal_ideation_focus_0,Persistent Suicidal Ideation Focus,Intrusive suicidal fixation,landmark,7,0.0,0.0,0.0,0.0,26.625,26.625,1.0,3604.677734375
persistent_suicidal_ideation_focus_0,Persistent Suicidal Ideation Focus,Intrusive suicidal fixation,landmark,11,0.0,0.0,0.0,0.0,3.5,3.4999999962747097,1.0000000010643686,18341.1015625
persistent_suicidal_ideation_focus_0,Persistent Suicidal Ideation Focus,Intrusive suicidal fixation,landmark,15,0.0,0.0,0.0,0.0,0.6250004768371582,34.421799182891846,0.018157112401834964,27503.400390625
persistent_suicidal_ideation_focus_0,Persistent Suicidal Ideation Focus,Intrusive suicidal fixation,landmark,22,0.06283185307179587,3.141592653589793,0.19344424626135137,3.141592653589793,3.78125,50.74139404296875,0.07452002593381585,31376.48828125
persistent_suicidal_ideation_focus_0,Persistent Suicidal Ideation Focus,Intrusive suicidal fixation,landmark,27,0.06283185307179587,3.141592653589793,0.19344424626135137,3.141592653589793,39.249996185302734,62.758480072021484,0.6254134284364365,39041.5234375
persistent_suicidal_ideation_focus_0,Persistent Suicidal Ideation Focus,Intrusive suicidal fixation,landmark,29,0.06283185307179587,3.141592653589793,0.19344424626135137,3.141592653589793,6.1875,9.370643615722656,0.6603068320321374,44336.6796875
persistent_suicidal_ideation_focus_0,Persistent Suicidal Ideation Focus,Intrusive suicidal fixation,landmark,1,0.0,0.0,0.0,0.0,18.328125,18.328125953674316,0.9999999479666214,884.1490478515625
persistent_suicidal_ideation_focus_0,Persistent Suicidal Ideation Focus,Intrusive suicidal fixation,landmark,5,0.06283185307179587,3.141592653589793,0.19344424626135137,3.141592653589793,20.125,39.718067049980164,0.506696359988396,2488.573486328125
persistent_suicidal_ideation_focus_0,Persistent Suicidal Ideation Focus,Intrusive suicidal fixation,landmark,7,0.0,0.0,0.0,0.0,26.625,26.625,1.0,3604.677734375
persistent_suicidal_ideation_focus_0,Persistent Suicidal Ideation Focus,Intrusive suicidal fixation,landmark,11,0.0,0.0,0.0,0.0,3.5,3.4999999962747097,1.0000000010643686,18341.1015625
persistent_suicidal_ideation_focus_0,Persistent Suicidal Ideation Focus,Intrusive suicidal fixation,landmark,15,0.0,0.0,0.0,0.0,0.6250004768371582,34.421799182891846,0.018157112401834964,27503.400390625
persistent_suicidal_ideation_focus_0,Persistent Suicidal Ideation Focus,Intrusive suicidal fixation,landmark,22,0.06283185307179587,3.141592653589793,0.19344424626135137,3.141592653589793,3.78125,50.74139404296875,0.07452002593381585,31376.48828125
persistent_suicidal_ideation_focus_0,Persistent Suicidal Ideation Focus,Intrusive suicidal fixation,landmark,27,0.06283185307179587,3.141592653589793,0.19344424626135137,3.141592653589793,39.249996185302734,62.758480072021484,0.6254134284364365,39041.5234375
persistent_suicidal_ideation_focus_0,Persistent Suicidal Ideation Focus,Intrusive suicidal fixation,landmark,29,0.06283185307179587,3.141592653589793,0.19344424626135137,3.141592653589793,6.1875,9.370643615722656,0.6603068320321374,44336.6796875
persistent_suicidal_ideation_focus_0,Persistent Suicidal Ideation Focus,Intrusive suicidal fixation,landmark,1,0.0,0.0,0.0,0.0,18.328125,18.328125953674316,0.9999999479666214,884.1490478515625
persistent_suicidal_ideation_focus_0,Persistent Suicidal Ideation Focus,Intrusive suicidal fixation,landmark,5,0.06283185307179587,3.141592653589793,0.19344424626135137,3.141592653589793,20.125,39.718067049980164,0.506696359988396,2488.573486328125
persistent_suicidal_ideation_focus_0,Persistent Suicidal Ideation Focus,Intrusive suicidal fixation,landmark,7,0.0,0.0,0.0,0.0,26.625,26.625,1.0,3604.677734375
persistent_suicidal_ideation_focus_0,Persistent Suicidal Ideation Focus,Intrusive suicidal fixation,landmark,11,0.0,0.0,0.0,0.0,3.5,3.4999999962747097,1.0000000010643686,18341.1015625
persistent_suicidal_ideation_focus_0,Persistent Suicidal Ideation Focus,Intrusive suicidal fixation,landmark,15,0.0,0.0,0.0,0.0,0.6250004768371582,34.421799182891846,0.018157112401834964,27503.400390625
persistent_suicidal_ideation_focus_0,Persistent Suicidal Ideation Focus,Intrusive suicidal fixation,landmark,22,0.06283185307179587,3.141592653589793,0.19344424626135137,3.141592653589793,3.78125,50.74139404296875,0.07452002593381585,31376.48828125
persistent_suicidal_ideation_focus_0,Persistent Suicidal Ideation Focus,Intrusive suicidal fixation,landmark,27,0.06283185307179587,3.141592653589793,0.19344424626135137,3.141592653589793,39.249996185302734,62.758480072021484,0.6254134284364365,39041.5234375
persistent_suicidal_ideation_focus_0,Persistent Suicidal Ideation Focus,Intrusive suicidal fixation,landmark,29,0.06283185307179587,3.141592653589793,0.19344424626135137,3.141592653589793,6.1875,9.370643615722656,0.6603068320321374,44336.6796875
persistent_suicidal_ideation_focus_0,Persistent Suicidal Ideation Focus,Intrusive suicidal fixation,landmark,1,0.0,0.0,0.0,0.0,18.328125,18.328125953674316,0.9999999479666214,884.1490478515625
persistent_suicidal_ideation_focus_0,Persistent Suicidal Ideation Focus,Intrusive suicidal fixation,landmark,5,0.06283185307179587,3.141592653589793,0.19344424626135137,3.141592653589793,20.125,39.718067049980164,0.506696359988396,2488.573486328125
persistent_suicidal_ideation_focus_0,Persistent Suicidal Ideation Focus,Intrusive suicidal fixation,landmark,7,0.0,0.0,0.0,0.0,26.625,26.625,1.0,3604.677734375
persistent_suicidal_ideation_focus_0,Persistent Suicidal Ideation Focus,Intrusive suicidal fixation,landmark,11,0.0,0.0,0.0,0.0,3.5,3.4999999962747097,1.0000000010643686,18341.1015625
persistent_suicidal_ideation_focus_0,Persistent Suicidal Ideation Focus,Intrusive suicidal fixation,landmark,15,0.0,0.0,0.0,0.0,0.6250004768371582,34.421799182891846,0.018157112401834964,27503.400390625
persistent_suicidal_ideation_focus_0,Persistent Suicidal Ideation Focus,Intrusive suicidal fixation,landmark,22,0.06283185307179587,3.141592653589793,0.19344424626135137,3.141592653589793,3.78125,50.74139404296875,0.07452002593381585,31376.48828125
persistent_suicidal_ideation_focus_0,Persistent Suicidal Ideation Focus,Intrusive suicidal fixation,landmark,27,0.06283185307179587,3.141592653589793,0.19344424626135137,3.141592653589793,39.249996185302734,62.758480072021484,0.6254134284364365,39041.5234375
persistent_suicidal_ideation_focus_0,Persistent Suicidal Ideation Focus,Intrusive suicidal fixation,landmark,29,0.06283185307179587,3.141592653589793,0.19344424626135137,3.141592653589793,6.1875,9.370643615722656,0.6603068320321374,44336.6796875
self-critical_rumination_0,Self-Critical Rumination,Negative self-evaluative loop,landmark,1,0.0,0.0,0.0,0.0,10.875,10.875,1.0,944.4616088867188
self-critical_rumination_0,Self-Critical Rumination,Negative self-evaluative loop,landmark,5,0.06283185307179587,3.141592653589793,0.19344424626135137,3.141592653589793,6.0,17.020238876342773,0.3525214918305101,2571.640380859375
self-critical_rumination_0,Self-Critical Rumination,Negative self-evaluative loop,landmark,7,0.06283185307179587,3.141592653589793,0.19344424626135137,3.141592653589793,4.375,10.25295639038086,0.4267061941377754,4312.92431640625
self-critical_rumination_0,Self-Critical Rumination,Negative self-evaluative loop,landmark,11,0.0,0.0,0.0,0.0,9.6796875,9.6796875,1.0,20129.42578125
self-critical_rumination_0,Self-Critical Rumination,Negative self-evaluative loop,landmark,15,0.06283185307179587,3.141592653589793,0.19344424626135137,3.141592653589793,2.125000476837158,23.186596393585205,0.09164779688945894,30817.369140625
self-critical_rumination_0,Self-Critical Rumination,Negative self-evaluative loop,landmark,22,0.06283185307179587,3.141592653589793,0.19344424626135137,3.141592653589793,7.125,12.879916191101074,0.5531868293462009,33787.734375
self-critical_rumination_0,Self-Critical Rumination,Negative self-evaluative loop,landmark,27,0.0,0.0,0.0,0.0,45.25,45.25,1.0,41513.33203125
self-critical_rumination_0,Self-Critical Rumination,Negative self-evaluative loop,landmark,29,0.06283185307179587,3.141592653589793,0.19344424626135137,3.141592653589793,8.625,11.74732494354248,0.7342097065886625,46030.4921875
self-critical_rumination_0,Self-Critical Rumination,Negative self-evaluative loop,landmark,1,0.0,0.0,0.0,0.0,10.875,10.875,1.0,944.4616088867188
self-critical_rumination_0,Self-Critical Rumination,Negative self-evaluative loop,landmark,5,0.06283185307179587,3.141592653589793,0.19344424626135137,3.141592653589793,6.0,17.020238876342773,0.3525214918305101,2571.640380859375
self-critical_rumination_0,Self-Critical Rumination,Negative self-evaluative loop,landmark,7,0.06283185307179587,3.141592653589793,0.19344424626135137,3.141592653589793,4.375,10.25295639038086,0.4267061941377754,4312.92431640625
self-critical_rumination_0,Self-Critical Rumination,Negative self-evaluative loop,landmark,11,0.0,0.0,0.0,0.0,9.6796875,9.6796875,1.0,20129.42578125
self-critical_rumination_0,Self-Critical Rumination,Negative self-evaluative loop,landmark,15,0.06283185307179587,3.141592653589793,0.19344424626135137,3.141592653589793,2.125000476837158,23.186596393585205,0.09164779688945894,30817.369140625
self-critical_rumination_0,Self-Critical Rumination,Negative self-evaluative loop,landmark,22,0.06283185307179587,3.141592653589793,0.19344424626135137,3.141592653589793,7.125,12.879916191101074,0.5531868293462009,33787.734375
self-critical_rumination_0,Self-Critical Rumination,Negative self-evaluative loop,landmark,27,0.0,0.0,0.0,0.0,45.25,45.25,1.0,41513.33203125
self-critical_rumination_0,Self-Critical Rumination,Negative self-evaluative loop,landmark,29,0.06283185307179587,3.141592653589793,0.19344424626135137,3.141592653589793,8.625,11.74732494354248,0.7342097065886625,46030.4921875
self-critical_rumination_0,Self-Critical Rumination,Negative self-evaluative loop,landmark,1,0.0,0.0,0.0,0.0,10.875,10.875,1.0,944.4616088867188
self-critical_rumination_0,Self-Critical Rumination,Negative self-evaluative loop,landmark,5,0.06283185307179587,3.141592653589793,0.19344424626135137,3.141592653589793,6.0,17.020238876342773,0.3525214918305101,2571.640380859375
self-critical_rumination_0,Self-Critical Rumination,Negative self-evaluative loop,landmark,7,0.06283185307179587,3.141592653589793,0.19344424626135137,3.141592653589793,4.375,10.25295639038086,0.4267061941377754,4312.92431640625
self-critical_rumination_0,Self-Critical Rumination,Negative self-evaluative loop,landmark,11,0.0,0.0,0.0,0.0,9.6796875,9.6796875,1.0,20129.42578125
self-critical_rumination_0,Self-Critical Rumination,Negative self-evaluative loop,landmark,15,0.06283185307179587,3.141592653589793,0.19344424626135137,3.141592653589793,2.125000476837158,23.186596393585205,0.09164779688945894,30817.369140625
self-critical_rumination_0,Self-Critical Rumination,Negative self-evaluative loop,landmark,22,0.06283185307179587,3.141592653589793,0.19344424626135137,3.141592653589793,7.125,12.879916191101074,0.5531868293462009,33787.734375
self-critical_rumination_0,Self-Critical Rumination,Negative self-evaluative loop,landmark,27,0.0,0.0,0.0,0.0,45.25,45.25,1.0,41513.33203125
self-critical_rumination_0,Self-Critical Rumination,Negative self-evaluative loop,landmark,29,0.06283185307179587,3.141592653589793,0.19344424626135137,3.141592653589793,8.625,11.74732494354248,0.7342097065886625,46030.4921875
self-critical_rumination_0,Self-Critical Rumination,Negative self-evaluative loop,landmark,1,0.0,0.0,0.0,0.0,10.875,10.875,1.0,944.4616088867188
self-critical_rumination_0,Self-Critical Rumination,Negative self-evaluative loop,landmark,5,0.06283185307179587,3.141592653589793,0.19344424626135137,3.141592653589793,6.0,17.020238876342773,0.3525214918305101,2571.640380859375
self-critical_rumination_0,Self-Critical Rumination,Negative self-evaluative loop,landmark,7,0.06283185307179587,3.141592653589793,0.19344424626135137,3.141592653589793,4.375,10.25295639038086,0.4267061941377754,4312.92431640625
self-critical_rumination_0,Self-Critical Rumination,Negative self-evaluative loop,landmark,11,0.0,0.0,0.0,0.0,9.6796875,9.6796875,1.0,20129.42578125
self-critical_rumination_0,Self-Critical Rumination,Negative self-evaluative loop,landmark,15,0.06283185307179587,3.141592653589793,0.19344424626135137,3.141592653589793,2.125000476837158,23.186596393585205,0.09164779688945894,30817.369140625
self-critical_rumination_0,Self-Critical Rumination,Negative self-evaluative loop,landmark,22,0.06283185307179587,3.141592653589793,0.19344424626135137,3.141592653589793,7.125,12.879916191101074,0.5531868293462009,33787.734375
self-critical_rumination_0,Self-Critical Rumination,Negative self-evaluative loop,landmark,27,0.0,0.0,0.0,0.0,45.25,45.25,1.0,41513.33203125
self-critical_rumination_0,Self-Critical Rumination,Negative self-evaluative loop,landmark,29,0.06283185307179587,3.141592653589793,0.19344424626135137,3.141592653589793,8.625,11.74732494354248,0.7342097065886625,46030.4921875
self-critical_rumination_0,Self-Critical Rumination,Negative self-evaluative loop,landmark,1,0.0,0.0,0.0,0.0,10.875,10.875,1.0,944.4616088867188
self-critical_rumination_0,Self-Critical Rumination,Negative self-evaluative loop,landmark,5,0.06283185307179587,3.141592653589793,0.19344424626135137,3.141592653589793,6.0,17.020238876342773,0.3525214918305101,2571.640380859375
self-critical_rumination_0,Self-Critical Rumination,Negative self-evaluative loop,landmark,7,0.06283185307179587,3.141592653589793,0.19344424626135137,3.141592653589793,4.375,10.25295639038086,0.4267061941377754,4312.92431640625
self-critical_rumination_0,Self-Critical Rumination,Negative self-evaluative loop,landmark,11,0.0,0.0,0.0,0.0,9.6796875,9.6796875,1.0,20129.42578125
self-critical_rumination_0,Self-Critical Rumination,Negative self-evaluative loop,landmark,15,0.06283185307179587,3.141592653589793,0.19344424626135137,3.141592653589793,2.125000476837158,23.186596393585205,0.09164779688945894,30817.369140625
self-critical_rumination_0,Self-Critical Rumination,Negative self-evaluative loop,landmark,22,0.06283185307179587,3.141592653589793,0.19344424626135137,3.141592653589793,7.125,12.879916191101074,0.5531868293462009,33787.734375
self-critical_rumination_0,Self-Critical Rumination,Negative self-evaluative loop,landmark,27,0.0,0.0,0.0,0.0,45.25,45.25,1.0,41513.33203125
self-critical_rumination_0,Self-Critical Rumination,Negative self-evaluative loop,landmark,29,0.06283185307179587,3.141592653589793,0.19344424626135137,3.141592653589793,8.625,11.74732494354248,0.7342097065886625,46030.4921875
self-critical_rumination_0,Self-Critical Rumination,Negative self-evaluative loop,landmark,1,0.0,0.0,0.0,0.0,10.875,10.875,1.0,944.4616088867188
self-critical_rumination_0,Self-Critical Rumination,Negative self-evaluative loop,landmark,5,0.06283185307179587,3.141592653589793,0.19344424626135137,3.141592653589793,6.0,17.020238876342773,0.3525214918305101,2571.640380859375
self-critical_rumination_0,Self-Critical Rumination,Negative self-evaluative loop,landmark,7,0.06283185307179587,3.141592653589793,0.19344424626135137,3.141592653589793,4.375,10.25295639038086,0.4267061941377754,4312.92431640625
self-critical_rumination_0,Self-Critical Rumination,Negative self-evaluative loop,landmark,11,0.0,0.0,0.0,0.0,9.6796875,9.6796875,1.0,20129.42578125
self-critical_rumination_0,Self-Critical Rumination,Negative self-evaluative loop,landmark,15,0.06283185307179587,3.141592653589793,0.19344424626135137,3.141592653589793,2.125000476837158,23.186596393585205,0.09164779688945894,30817.369140625
self-critical_rumination_0,Self-Critical Rumination,Negative self-evaluative loop,landmark,22,0.06283185307179587,3.141592653589793,0.19344424626135137,3.141592653589793,7.125,12.879916191101074,0.5531868293462009,33787.734375
self-critical_rumination_0,Self-Critical Rumination,Negative self-evaluative loop,landmark,27,0.0,0.0,0.0,0.0,45.25,45.25,1.0,41513.33203125
self-critical_rumination_0,Self-Critical Rumination,Negative self-evaluative loop,landmark,29,0.06283185307179587,3.141592653589793,0.19344424626135137,3.141592653589793,8.625,11.74732494354248,0.7342097065886625,46030.4921875
self-critical_rumination_0,Self-Critical Rumination,Negative self-evaluative loop,landmark,1,0.0,0.0,0.0,0.0,10.875,10.875,1.0,944.4616088867188
self-critical_rumination_0,Self-Critical Rumination,Negative self-evaluative loop,landmark,5,0.06283185307179587,3.141592653589793,0.19344424626135137,3.141592653589793,6.0,17.020238876342773,0.3525214918305101,2571.640380859375
self-critical_rumination_0,Self-Critical Rumination,Negative self-evaluative loop,landmark,7,0.06283185307179587,3.141592653589793,0.19344424626135137,3.141592653589793,4.375,10.25295639038086,0.4267061941377754,4312.92431640625
self-critical_rumination_0,Self-Critical Rumination,Negative self-evaluative loop,landmark,11,0.0,0.0,0.0,0.0,9.6796875,9.6796875,1.0,20129.42578125
self-critical_rumination_0,Self-Critical Rumination,Negative self-evaluative loop,landmark,15,0.06283185307179587,3.141592653589793,0.19344424626135137,3.141592653589793,2.125000476837158,23.186596393585205,0.09164779688945894,30817.369140625
self-critical_rumination_0,Self-Critical Rumination,Negative self-evaluative loop,landmark,22,0.06283185307179587,3.141592653589793,0.19344424626135137,3.141592653589793,7.125,12.879916191101074,0.5531868293462009,33787.734375
self-critical_rumination_0,Self-Critical Rumination,Negative self-evaluative loop,landmark,27,0.0,0.0,0.0,0.0,45.25,45.25,1.0,41513.33203125
self-critical_rumination_0,Self-Critical Rumination,Negative self-evaluative loop,landmark,29,0.06283185307179587,3.141592653589793,0.19344424626135137,3.141592653589793,8.625,11.74732494354248,0.7342097065886625,46030.4921875
self-critical_rumination_0,Self-Critical Rumination,Negative self-evaluative loop,landmark,1,0.0,0.0,0.0,0.0,10.875,10.875,1.0,944.4616088867188
self-critical_rumination_0,Self-Critical Rumination,Negative self-evaluative loop,landmark,5,0.06283185307179587,3.141592653589793,0.19344424626135137,3.141592653589793,6.0,17.020238876342773,0.3525214918305101,2571.640380859375
self-critical_rumination_0,Self-Critical Rumination,Negative self-evaluative loop,landmark,7,0.06283185307179587,3.141592653589793,0.19344424626135137,3.141592653589793,4.375,10.25295639038086,0.4267061941377754,4312.92431640625
self-critical_rumination_0,Self-Critical Rumination,Negative self-evaluative loop,landmark,11,0.0,0.0,0.0,0.0,9.6796875,9.6796875,1.0,20129.42578125
self-critical_rumination_0,Self-Critical Rumination,Negative self-evaluative loop,landmark,15,0.06283185307179587,3.141592653589793,0.19344424626135137,3.141592653589793,2.125000476837158,23.186596393585205,0.09164779688945894,30817.369140625
self-critical_rumination_0,Self-Critical Rumination,Negative self-evaluative loop,landmark,22,0.06283185307179587,3.141592653589793,0.19344424626135137,3.141592653589793,7.125,12.879916191101074,0.5531868293462009,33787.734375
self-critical_rumination_0,Self-Critical Rumination,Negative self-evaluative loop,landmark,27,0.0,0.0,0.0,0.0,45.25,45.25,1.0,41513.33203125
self-critical_rumination_0,Self-Critical Rumination,Negative self-evaluative loop,landmark,29,0.06283185307179587,3.141592653589793,0.19344424626135137,3.141592653589793,8.625,11.74732494354248,0.7342097065886625,46030.4921875
self-critical_rumination_0,Self-Critical Rumination,Negative self-evaluative loop,landmark,1,0.0,0.0,0.0,0.0,10.875,10.875,1.0,944.4616088867188
self-critical_rumination_0,Self-Critical Rumination,Negative self-evaluative loop,landmark,5,0.06283185307179587,3.141592653589793,0.19344424626135137,3.141592653589793,6.0,17.020238876342773,0.3525214918305101,2571.640380859375
self-critical_rumination_0,Self-Critical Rumination,Negative self-evaluative loop,landmark,7,0.06283185307179587,3.141592653589793,0.19344424626135137,3.141592653589793,4.375,10.25295639038086,0.4267061941377754,4312.92431640625
self-critical_rumination_0,Self-Critical Rumination,Negative self-evaluative loop,landmark,11,0.0,0.0,0.0,0.0,9.6796875,9.6796875,1.0,20129.42578125
self-critical_rumination_0,Self-Critical Rumination,Negative self-evaluative loop,landmark,15,0.06283185307179587,3.141592653589793,0.19344424626135137,3.141592653589793,2.125000476837158,23.186596393585205,0.09164779688945894,30817.369140625
self-critical_rumination_0,Self-Critical Rumination,Negative self-evaluative loop,landmark,22,0.06283185307179587,3.141592653589793,0.19344424626135137,3.141592653589793,7.125,12.879916191101074,0.5531868293462009,33787.734375
self-critical_rumination_0,Self-Critical Rumination,Negative self-evaluative loop,landmark,27,0.0,0.0,0.0,0.0,45.25,45.25,1.0,41513.33203125
self-critical_rumination_0,Self-Critical Rumination,Negative self-evaluative loop,landmark,29,0.06283185307179587,3.141592653589793,0.19344424626135137,3.141592653589793,8.625,11.74732494354248,0.7342097065886625,46030.4921875
self-critical_rumination_0,Self-Critical Rumination,Negative self-evaluative loop,landmark,1,0.0,0.0,0.0,0.0,10.875,10.875,1.0,944.4616088867188
self-critical_rumination_0,Self-Critical Rumination,Negative self-evaluative loop,landmark,5,0.06283185307179587,3.141592653589793,0.19344424626135137,3.141592653589793,6.0,17.020238876342773,0.3525214918305101,2571.640380859375
self-critical_rumination_0,Self-Critical Rumination,Negative self-evaluative loop,landmark,7,0.06283185307179587,3.141592653589793,0.19344424626135137,3.141592653589793,4.375,10.25295639038086,0.4267061941377754,4312.92431640625
self-critical_rumination_0,Self-Critical Rumination,Negative self-evaluative loop,landmark,11,0.0,0.0,0.0,0.0,9.6796875,9.6796875,1.0,20129.42578125
self-critical_rumination_0,Self-Critical Rumination,Negative self-evaluative loop,landmark,15,0.06283185307179587,3.141592653589793,0.19344424626135137,3.141592653589793,2.125000476837158,23.186596393585205,0.09164779688945894,30817.369140625
self-critical_rumination_0,Self-Critical Rumination,Negative self-evaluative loop,landmark,22,0.06283185307179587,3.141592653589793,0.19344424626135137,3.141592653589793,7.125,12.879916191101074,0.5531868293462009,33787.734375
self-critical_rumination_0,Self-Critical Rumination,Negative self-evaluative loop,landmark,27,0.0,0.0,0.0,0.0,45.25,45.25,1.0,41513.33203125
self-critical_rumination_0,Self-Critical Rumination,Negative self-evaluative loop,landmark,29,0.06283185307179587,3.141592653589793,0.19344424626135137,3.141592653589793,8.625,11.74732494354248,0.7342097065886625,46030.4921875
self-critical_rumination_0,Self-Critical Rumination,Negative self-evaluative loop,landmark,1,0.0,0.0,0.0,0.0,10.875,10.875,1.0,944.4616088867188
self-critical_rumination_0,Self-Critical Rumination,Negative self-evaluative loop,landmark,5,0.06283185307179587,3.141592653589793,0.19344424626135137,3.141592653589793,6.0,17.020238876342773,0.3525214918305101,2571.640380859375
self-critical_rumination_0,Self-Critical Rumination,Negative self-evaluative loop,landmark,7,0.06283185307179587,3.141592653589793,0.19344424626135137,3.141592653589793,4.375,10.25295639038086,0.4267061941377754,4312.92431640625
self-critical_rumination_0,Self-Critical Rumination,Negative self-evaluative loop,landmark,11,0.0,0.0,0.0,0.0,9.6796875,9.6796875,1.0,20129.42578125
self-critical_rumination_0,Self-Critical Rumination,Negative self-evaluative loop,landmark,15,0.06283185307179587,3.141592653589793,0.19344424626135137,3.141592653589793,2.125000476837158,23.186596393585205,0.09164779688945894,30817.369140625
self-critical_rumination_0,Self-Critical Rumination,Negative self-evaluative loop,landmark,22,0.06283185307179587,3.141592653589793,0.19344424626135137,3.141592653589793,7.125,12.879916191101074,0.5531868293462009,33787.734375
self-critical_rumination_0,Self-Critical Rumination,Negative self-evaluative loop,landmark,27,0.0,0.0,0.0,0.0,45.25,45.25,1.0,41513.33203125
self-critical_rumination_0,Self-Critical Rumination,Negative self-evaluative loop,landmark,29,0.06283185307179587,3.141592653589793,0.19344424626135137,3.141592653589793,8.625,11.74732494354248,0.7342097065886625,46030.4921875
self-critical_rumination_0,Self-Critical Rumination,Negative self-evaluative loop,landmark,1,0.0,0.0,0.0,0.0,10.875,10.875,1.0,944.4616088867188
self-critical_rumination_0,Self-Critical Rumination,Negative self-evaluative loop,landmark,5,0.06283185307179587,3.141592653589793,0.19344424626135137,3.141592653589793,6.0,17.020238876342773,0.3525214918305101,2571.640380859375
self-critical_rumination_0,Self-Critical Rumination,Negative self-evaluative loop,landmark,7,0.06283185307179587,3.141592653589793,0.19344424626135137,3.141592653589793,4.375,10.25295639038086,0.4267061941377754,4312.92431640625
self-critical_rumination_0,Self-Critical Rumination,Negative self-evaluative loop,landmark,11,0.0,0.0,0.0,0.0,9.6796875,9.6796875,1.0,20129.42578125
self-critical_rumination_0,Self-Critical Rumination,Negative self-evaluative loop,landmark,15,0.06283185307179587,3.141592653589793,0.19344424626135137,3.141592653589793,2.125000476837158,23.186596393585205,0.09164779688945894,30817.369140625
self-critical_rumination_0,Self-Critical Rumination,Negative self-evaluative loop,landmark,22,0.06283185307179587,3.141592653589793,0.19344424626135137,3.141592653589793,7.125,12.879916191101074,0.5531868293462009,33787.734375
self-critical_rumination_0,Self-Critical Rumination,Negative self-evaluative loop,landmark,27,0.0,0.0,0.0,0.0,45.25,45.25,1.0,41513.33203125
self-critical_rumination_0,Self-Critical Rumination,Negative self-evaluative loop,landmark,29,0.06283185307179587,3.141592653589793,0.19344424626135137,3.141592653589793,8.625,11.74732494354248,0.7342097065886625,46030.4921875
self-critical_rumination_0,Self-Critical Rumination,Negative self-evaluative loop,landmark,1,0.0,0.0,0.0,0.0,10.875,10.875,1.0,944.4616088867188
self-critical_rumination_0,Self-Critical Rumination,Negative self-evaluative loop,landmark,5,0.06283185307179587,3.141592653589793,0.19344424626135137,3.141592653589793,6.0,17.020238876342773,0.3525214918305101,2571.640380859375
self-critical_rumination_0,Self-Critical Rumination,Negative self-evaluative loop,landmark,7,0.06283185307179587,3.141592653589793,0.19344424626135137,3.141592653589793,4.375,10.25295639038086,0.4267061941377754,4312.92431640625
self-critical_rumination_0,Self-Critical Rumination,Negative self-evaluative loop,landmark,11,0.0,0.0,0.0,0.0,9.6796875,9.6796875,1.0,20129.42578125
self-critical_rumination_0,Self-Critical Rumination,Negative self-evaluative loop,landmark,15,0.06283185307179587,3.141592653589793,0.19344424626135137,3.141592653589793,2.125000476837158,23.186596393585205,0.09164779688945894,30817.369140625
self-critical_rumination_0,Self-Critical Rumination,Negative self-evaluative loop,landmark,22,0.06283185307179587,3.141592653589793,0.19344424626135137,3.141592653589793,7.125,12.879916191101074,0.5531868293462009,33787.734375
self-critical_rumination_0,Self-Critical Rumination,Negative self-evaluative loop,landmark,27,0.0,0.0,0.0,0.0,45.25,45.25,1.0,41513.33203125
self-critical_rumination_0,Self-Critical Rumination,Negative self-evaluative loop,landmark,29,0.06283185307179587,3.141592653589793,0.19344424626135137,3.141592653589793,8.625,11.74732494354248,0.7342097065886625,46030.4921875
self-critical_rumination_0,Self-Critical Rumination,Negative self-evaluative loop,landmark,1,0.0,0.0,0.0,0.0,10.875,10.875,1.0,944.4616088867188
self-critical_rumination_0,Self-Critical Rumination,Negative self-evaluative loop,landmark,5,0.06283185307179587,3.141592653589793,0.19344424626135137,3.141592653589793,6.0,17.020238876342773,0.3525214918305101,2571.640380859375
self-critical_rumination_0,Self-Critical Rumination,Negative self-evaluative loop,landmark,7,0.06283185307179587,3.141592653589793,0.19344424626135137,3.141592653589793,4.375,10.25295639038086,0.4267061941377754,4312.92431640625
self-critical_rumination_0,Self-Critical Rumination,Negative self-evaluative loop,landmark,11,0.0,0.0,0.0,0.0,9.6796875,9.6796875,1.0,20129.42578125
self-critical_rumination_0,Self-Critical Rumination,Negative self-evaluative loop,landmark,15,0.06283185307179587,3.141592653589793,0.19344424626135137,3.141592653589793,2.125000476837158,23.186596393585205,0.09164779688945894,30817.369140625
self-critical_rumination_0,Self-Critical Rumination,Negative self-evaluative loop,landmark,22,0.06283185307179587,3.141592653589793,0.19344424626135137,3.141592653589793,7.125,12.879916191101074,0.5531868293462009,33787.734375
self-critical_rumination_0,Self-Critical Rumination,Negative self-evaluative loop,landmark,27,0.0,0.0,0.0,0.0,45.25,45.25,1.0,41513.33203125
self-critical_rumination_0,Self-Critical Rumination,Negative self-evaluative loop,landmark,29,0.06283185307179587,3.141592653589793,0.19344424626135137,3.141592653589793,8.625,11.74732494354248,0.7342097065886625,46030.4921875
self-critical_rumination_0,Self-Critical Rumination,Negative self-evaluative loop,landmark,1,0.0,0.0,0.0,0.0,10.875,10.875,1.0,944.4616088867188
self-critical_rumination_0,Self-Critical Rumination,Negative self-evaluative loop,landmark,5,0.06283185307179587,3.141592653589793,0.19344424626135137,3.141592653589793,6.0,17.020238876342773,0.3525214918305101,2571.640380859375
self-critical_rumination_0,Self-Critical Rumination,Negative self-evaluative loop,landmark,7,0.06283185307179587,3.141592653589793,0.19344424626135137,3.141592653589793,4.375,10.25295639038086,0.4267061941377754,4312.92431640625
self-critical_rumination_0,Self-Critical Rumination,Negative self-evaluative loop,landmark,11,0.0,0.0,0.0,0.0,9.6796875,9.6796875,1.0,20129.42578125
self-critical_rumination_0,Self-Critical Rumination,Negative self-evaluative loop,landmark,15,0.06283185307179587,3.141592653589793,0.19344424626135137,3.141592653589793,2.125000476837158,23.186596393585205,0.09164779688945894,30817.369140625
self-critical_rumination_0,Self-Critical Rumination,Negative self-evaluative loop,landmark,22,0.06283185307179587,3.141592653589793,0.19344424626135137,3.141592653589793,7.125,12.879916191101074,0.5531868293462009,33787.734375
self-critical_rumination_0,Self-Critical Rumination,Negative self-evaluative loop,landmark,27,0.0,0.0,0.0,0.0,45.25,45.25,1.0,41513.33203125
self-critical_rumination_0,Self-Critical Rumination,Negative self-evaluative loop,landmark,29,0.06283185307179587,3.141592653589793,0.19344424626135137,3.141592653589793,8.625,11.74732494354248,0.7342097065886625,46030.4921875
self-critical_rumination_0,Self-Critical Rumination,Negative self-evaluative loop,landmark,1,0.0,0.0,0.0,0.0,10.875,10.875,1.0,944.4616088867188
self-critical_rumination_0,Self-Critical Rumination,Negative self-evaluative loop,landmark,5,0.06283185307179587,3.141592653589793,0.19344424626135137,3.141592653589793,6.0,17.020238876342773,0.3525214918305101,2571.640380859375
self-critical_rumination_0,Self-Critical Rumination,Negative self-evaluative loop,landmark,7,0.06283185307179587,3.141592653589793,0.19344424626135137,3.141592653589793,4.375,10.25295639038086,0.4267061941377754,4312.92431640625
self-critical_rumination_0,Self-Critical Rumination,Negative self-evaluative loop,landmark,11,0.0,0.0,0.0,0.0,9.6796875,9.6796875,1.0,20129.42578125
self-critical_rumination_0,Self-Critical Rumination,Negative self-evaluative loop,landmark,15,0.06283185307179587,3.141592653589793,0.19344424626135137,3.141592653589793,2.125000476837158,23.186596393585205,0.09164779688945894,30817.369140625
self-critical_rumination_0,Self-Critical Rumination,Negative self-evaluative loop,landmark,22,0.06283185307179587,3.141592653589793,0.19344424626135137,3.141592653589793,7.125,12.879916191101074,0.5531868293462009,33787.734375
self-critical_rumination_0,Self-Critical Rumination,Negative self-evaluative loop,landmark,27,0.0,0.0,0.0,0.0,45.25,45.25,1.0,41513.33203125
self-critical_rumination_0,Self-Critical Rumination,Negative self-evaluative loop,landmark,29,0.06283185307179587,3.141592653589793,0.19344424626135137,3.141592653589793,8.625,11.74732494354248,0.7342097065886625,46030.4921875
self-critical_rumination_0,Self-Critical Rumination,Negative self-evaluative loop,landmark,1,0.0,0.0,0.0,0.0,10.875,10.875,1.0,944.4616088867188
self-critical_rumination_0,Self-Critical Rumination,Negative self-evaluative loop,landmark,5,0.06283185307179587,3.141592653589793,0.19344424626135137,3.141592653589793,6.0,17.020238876342773,0.3525214918305101,2571.640380859375
self-critical_rumination_0,Self-Critical Rumination,Negative self-evaluative loop,landmark,7,0.06283185307179587,3.141592653589793,0.19344424626135137,3.141592653589793,4.375,10.25295639038086,0.4267061941377754,4312.92431640625
self-critical_rumination_0,Self-Critical Rumination,Negative self-evaluative loop,landmark,11,0.0,0.0,0.0,0.0,9.6796875,9.6796875,1.0,20129.42578125
self-critical_rumination_0,Self-Critical Rumination,Negative self-evaluative loop,landmark,15,0.06283185307179587,3.141592653589793,0.19344424626135137,3.141592653589793,2.125000476837158,23.186596393585205,0.09164779688945894,30817.369140625
self-critical_rumination_0,Self-Critical Rumination,Negative self-evaluative loop,landmark,22,0.06283185307179587,3.141592653589793,0.19344424626135137,3.141592653589793,7.125,12.879916191101074,0.5531868293462009,33787.734375
self-critical_rumination_0,Self-Critical Rumination,Negative self-evaluative loop,landmark,27,0.0,0.0,0.0,0.0,45.25,45.25,1.0,41513.33203125
self-critical_rumination_0,Self-Critical Rumination,Negative self-evaluative loop,landmark,29,0.06283185307179587,3.141592653589793,0.19344424626135137,3.141592653589793,8.625,11.74732494354248,0.7342097065886625,46030.4921875
self-critical_rumination_0,Self-Critical Rumination,Negative self-evaluative loop,landmark,1,0.0,0.0,0.0,0.0,10.875,10.875,1.0,944.4616088867188
self-critical_rumination_0,Self-Critical Rumination,Negative self-evaluative loop,landmark,5,0.06283185307179587,3.141592653589793,0.19344424626135137,3.141592653589793,6.0,17.020238876342773,0.3525214918305101,2571.640380859375
self-critical_rumination_0,Self-Critical Rumination,Negative self-evaluative loop,landmark,7,0.06283185307179587,3.141592653589793,0.19344424626135137,3.141592653589793,4.375,10.25295639038086,0.4267061941377754,4312.92431640625
self-critical_rumination_0,Self-Critical Rumination,Negative self-evaluative loop,landmark,11,0.0,0.0,0.0,0.0,9.6796875,9.6796875,1.0,20129.42578125
self-critical_rumination_0,Self-Critical Rumination,Negative self-evaluative loop,landmark,15,0.06283185307179587,3.141592653589793,0.19344424626135137,3.141592653589793,2.125000476837158,23.186596393585205,0.09164779688945894,30817.369140625
self-critical_rumination_0,Self-Critical Rumination,Negative self-evaluative loop,landmark,22,0.06283185307179587,3.141592653589793,0.19344424626135137,3.141592653589793,7.125,12.879916191101074,0.5531868293462009,33787.734375
self-critical_rumination_0,Self-Critical Rumination,Negative self-evaluative loop,landmark,27,0.0,0.0,0.0,0.0,45.25,45.25,1.0,41513.33203125
self-critical_rumination_0,Self-Critical Rumination,Negative self-evaluative loop,landmark,29,0.06283185307179587,3.141592653589793,0.19344424626135137,3.141592653589793,8.625,11.74732494354248,0.7342097065886625,46030.4921875
self-critical_rumination_0,Self-Critical Rumination,Negative self-evaluative loop,landmark,1,0.0,0.0,0.0,0.0,10.875,10.875,1.0,944.4616088867188
self-critical_rumination_0,Self-Critical Rumination,Negative self-evaluative loop,landmark,5,0.06283185307179587,3.141592653589793,0.19344424626135137,3.141592653589793,6.0,17.020238876342773,0.3525214918305101,2571.640380859375
self-critical_rumination_0,Self-Critical Rumination,Negative self-evaluative loop,landmark,7,0.06283185307179587,3.141592653589793,0.19344424626135137,3.141592653589793,4.375,10.25295639038086,0.4267061941377754,4312.92431640625
self-critical_rumination_0,Self-Critical Rumination,Negative self-evaluative loop,landmark,11,0.0,0.0,0.0,0.0,9.6796875,9.6796875,1.0,20129.42578125
self-critical_rumination_0,Self-Critical Rumination,Negative self-evaluative loop,landmark,15,0.06283185307179587,3.141592653589793,0.19344424626135137,3.141592653589793,2.125000476837158,23.186596393585205,0.09164779688945894,30817.369140625
self-critical_rumination_0,Self-Critical Rumination,Negative self-evaluative loop,landmark,22,0.06283185307179587,3.141592653589793,0.19344424626135137,3.141592653589793,7.125,12.879916191101074,0.5531868293462009,33787.734375
self-critical_rumination_0,Self-Critical Rumination,Negative self-evaluative loop,landmark,27,0.0,0.0,0.0,0.0,45.25,45.25,1.0,41513.33203125
self-critical_rumination_0,Self-Critical Rumination,Negative self-evaluative loop,landmark,29,0.06283185307179587,3.141592653589793,0.19344424626135137,3.141592653589793,8.625,11.74732494354248,0.7342097065886625,46030.4921875
self-critical_rumination_0,Self-Critical Rumination,Negative self-evaluative loop,landmark,1,0.0,0.0,0.0,0.0,10.875,10.875,1.0,944.4616088867188
self-critical_rumination_0,Self-Critical Rumination,Negative self-evaluative loop,landmark,5,0.06283185307179587,3.141592653589793,0.19344424626135137,3.141592653589793,6.0,17.020238876342773,0.3525214918305101,2571.640380859375
self-critical_rumination_0,Self-Critical Rumination,Negative self-evaluative loop,landmark,7,0.06283185307179587,3.141592653589793,0.19344424626135137,3.141592653589793,4.375,10.25295639038086,0.4267061941377754,4312.92431640625
self-critical_rumination_0,Self-Critical Rumination,Negative self-evaluative loop,landmark,11,0.0,0.0,0.0,0.0,9.6796875,9.6796875,1.0,20129.42578125
self-critical_rumination_0,Self-Critical Rumination,Negative self-evaluative loop,landmark,15,0.06283185307179587,3.141592653589793,0.19344424626135137,3.141592653589793,2.125000476837158,23.186596393585205,0.09164779688945894,30817.369140625
self-critical_rumination_0,Self-Critical Rumination,Negative self-evaluative loop,landmark,22,0.06283185307179587,3.141592653589793,0.19344424626135137,3.141592653589793,7.125,12.879916191101074,0.5531868293462009,33787.734375
self-critical_rumination_0,Self-Critical Rumination,Negative self-evaluative loop,landmark,27,0.0,0.0,0.0,0.0,45.25,45.25,1.0,41513.33203125
self-critical_rumination_0,Self-Critical Rumination,Negative self-evaluative loop,landmark,29,0.06283185307179587,3.141592653589793,0.19344424626135137,3.141592653589793,8.625,11.74732494354248,0.7342097065886625,46030.4921875
self-critical_rumination_0,Self-Critical Rumination,Negative self-evaluative loop,landmark,1,0.0,0.0,0.0,0.0,10.875,10.875,1.0,944.4616088867188
self-critical_rumination_0,Self-Critical Rumination,Negative self-evaluative loop,landmark,5,0.06283185307179587,3.141592653589793,0.19344424626135137,3.141592653589793,6.0,17.020238876342773,0.3525214918305101,2571.640380859375
self-critical_rumination_0,Self-Critical Rumination,Negative self-evaluative loop,landmark,7,0.06283185307179587,3.141592653589793,0.19344424626135137,3.141592653589793,4.375,10.25295639038086,0.4267061941377754,4312.92431640625
self-critical_rumination_0,Self-Critical Rumination,Negative self-evaluative loop,landmark,11,0.0,0.0,0.0,0.0,9.6796875,9.6796875,1.0,20129.42578125
self-critical_rumination_0,Self-Critical Rumination,Negative self-evaluative loop,landmark,15,0.06283185307179587,3.141592653589793,0.19344424626135137,3.141592653589793,2.125000476837158,23.186596393585205,0.09164779688945894,30817.369140625
self-critical_rumination_0,Self-Critical Rumination,Negative self-evaluative loop,landmark,22,0.06283185307179587,3.141592653589793,0.19344424626135137,3.141592653589793,7.125,12.879916191101074,0.5531868293462009,33787.734375
self-critical_rumination_0,Self-Critical Rumination,Negative self-evaluative loop,landmark,27,0.0,0.0,0.0,0.0,45.25,45.25,1.0,41513.33203125
self-critical_rumination_0,Self-Critical Rumination,Negative self-evaluative loop,landmark,29,0.06283185307179587,3.141592653589793,0.19344424626135137,3.141592653589793,8.625,11.74732494354248,0.7342097065886625,46030.4921875
self-critical_rumination_0,Self-Critical Rumination,Negative self-evaluative loop,landmark,1,0.0,0.0,0.0,0.0,10.875,10.875,1.0,944.4616088867188
self-critical_rumination_0,Self-Critical Rumination,Negative self-evaluative loop,landmark,5,0.06283185307179587,3.141592653589793,0.19344424626135137,3.141592653589793,6.0,17.020238876342773,0.3525214918305101,2571.640380859375
self-critical_rumination_0,Self-Critical Rumination,Negative self-evaluative loop,landmark,7,0.06283185307179587,3.141592653589793,0.19344424626135137,3.141592653589793,4.375,10.25295639038086,0.4267061941377754,4312.92431640625
self-critical_rumination_0,Self-Critical Rumination,Negative self-evaluative loop,landmark,11,0.0,0.0,0.0,0.0,9.6796875,9.6796875,1.0,20129.42578125
self-critical_rumination_0,Self-Critical Rumination,Negative self-evaluative loop,landmark,15,0.06283185307179587,3.141592653589793,0.19344424626135137,3.141592653589793,2.125000476837158,23.186596393585205,0.09164779688945894,30817.369140625
self-critical_rumination_0,Self-Critical Rumination,Negative self-evaluative loop,landmark,22,0.06283185307179587,3.141592653589793,0.19344424626135137,3.141592653589793,7.125,12.879916191101074,0.5531868293462009,33787.734375
self-critical_rumination_0,Self-Critical Rumination,Negative self-evaluative loop,landmark,27,0.0,0.0,0.0,0.0,45.25,45.25,1.0,41513.33203125
self-critical_rumination_0,Self-Critical Rumination,Negative self-evaluative loop,landmark,29,0.06283185307179587,3.141592653589793,0.19344424626135137,3.141592653589793,8.625,11.74732494354248,0.7342097065886625,46030.4921875
self-critical_rumination_0,Self-Critical Rumination,Negative self-evaluative loop,landmark,1,0.0,0.0,0.0,0.0,10.875,10.875,1.0,944.4616088867188
self-critical_rumination_0,Self-Critical Rumination,Negative self-evaluative loop,landmark,5,0.06283185307179587,3.141592653589793,0.19344424626135137,3.141592653589793,6.0,17.020238876342773,0.3525214918305101,2571.640380859375
self-critical_rumination_0,Self-Critical Rumination,Negative self-evaluative loop,landmark,7,0.06283185307179587,3.141592653589793,0.19344424626135137,3.141592653589793,4.375,10.25295639038086,0.4267061941377754,4312.92431640625
self-critical_rumination_0,Self-Critical Rumination,Negative self-evaluative loop,landmark,11,0.0,0.0,0.0,0.0,9.6796875,9.6796875,1.0,20129.42578125
self-critical_rumination_0,Self-Critical Rumination,Negative self-evaluative loop,landmark,15,0.06283185307179587,3.141592653589793,0.19344424626135137,3.141592653589793,2.125000476837158,23.186596393585205,0.09164779688945894,30817.369140625
self-critical_rumination_0,Self-Critical Rumination,Negative self-evaluative loop,landmark,22,0.06283185307179587,3.141592653589793,0.19344424626135137,3.141592653589793,7.125,12.879916191101074,0.5531868293462009,33787.734375
self-critical_rumination_0,Self-Critical Rumination,Negative self-evaluative loop,landmark,27,0.0,0.0,0.0,0.0,45.25,45.25,1.0,41513.33203125
self-critical_rumination_0,Self-Critical Rumination,Negative self-evaluative loop,landmark,29,0.06283185307179587,3.141592653589793,0.19344424626135137,3.141592653589793,8.625,11.74732494354248,0.7342097065886625,46030.4921875
self-critical_rumination_0,Self-Critical Rumination,Negative self-evaluative loop,landmark,1,0.0,0.0,0.0,0.0,10.875,10.875,1.0,944.4616088867188
self-critical_rumination_0,Self-Critical Rumination,Negative self-evaluative loop,landmark,5,0.06283185307179587,3.141592653589793,0.19344424626135137,3.141592653589793,6.0,17.020238876342773,0.3525214918305101,2571.640380859375
self-critical_rumination_0,Self-Critical Rumination,Negative self-evaluative loop,landmark,7,0.06283185307179587,3.141592653589793,0.19344424626135137,3.141592653589793,4.375,10.25295639038086,0.4267061941377754,4312.92431640625
self-critical_rumination_0,Self-Critical Rumination,Negative self-evaluative loop,landmark,11,0.0,0.0,0.0,0.0,9.6796875,9.6796875,1.0,20129.42578125
self-critical_rumination_0,Self-Critical Rumination,Negative self-evaluative loop,landmark,15,0.06283185307179587,3.141592653589793,0.19344424626135137,3.141592653589793,2.125000476837158,23.186596393585205,0.09164779688945894,30817.369140625
self-critical_rumination_0,Self-Critical Rumination,Negative self-evaluative loop,landmark,22,0.06283185307179587,3.141592653589793,0.19344424626135137,3.141592653589793,7.125,12.879916191101074,0.5531868293462009,33787.734375
self-critical_rumination_0,Self-Critical Rumination,Negative self-evaluative loop,landmark,27,0.0,0.0,0.0,0.0,45.25,45.25,1.0,41513.33203125
self-critical_rumination_0,Self-Critical Rumination,Negative self-evaluative loop,landmark,29,0.06283185307179587,3.141592653589793,0.19344424626135137,3.141592653589793,8.625,11.74732494354248,0.7342097065886625,46030.4921875
self-critical_rumination_0,Self-Critical Rumination,Negative self-evaluative loop,landmark,1,0.0,0.0,0.0,0.0,10.875,10.875,1.0,944.4616088867188
self-critical_rumination_0,Self-Critical Rumination,Negative self-evaluative loop,landmark,5,0.06283185307179587,3.141592653589793,0.19344424626135137,3.141592653589793,6.0,17.020238876342773,0.3525214918305101,2571.640380859375
self-critical_rumination_0,Self-Critical Rumination,Negative self-evaluative loop,landmark,7,0.06283185307179587,3.141592653589793,0.19344424626135137,3.141592653589793,4.375,10.25295639038086,0.4267061941377754,4312.92431640625
self-critical_rumination_0,Self-Critical Rumination,Negative self-evaluative loop,landmark,11,0.0,0.0,0.0,0.0,9.6796875,9.6796875,1.0,20129.42578125
self-critical_rumination_0,Self-Critical Rumination,Negative self-evaluative loop,landmark,15,0.06283185307179587,3.141592653589793,0.19344424626135137,3.141592653589793,2.125000476837158,23.186596393585205,0.09164779688945894,30817.369140625
self-critical_rumination_0,Self-Critical Rumination,Negative self-evaluative loop,landmark,22,0.06283185307179587,3.141592653589793,0.19344424626135137,3.141592653589793,7.125,12.879916191101074,0.5531868293462009,33787.734375
self-critical_rumination_0,Self-Critical Rumination,Negative self-evaluative loop,landmark,27,0.0,0.0,0.0,0.0,45.25,45.25,1.0,41513.33203125
self-critical_rumination_0,Self-Critical Rumination,Negative self-evaluative loop,landmark,29,0.06283185307179587,3.141592653589793,0.19344424626135137,3.141592653589793,8.625,11.74732494354248,0.7342097065886625,46030.4921875
self-critical_rumination_0,Self-Critical Rumination,Negative self-evaluative loop,landmark,1,0.0,0.0,0.0,0.0,10.875,10.875,1.0,944.4616088867188
self-critical_rumination_0,Self-Critical Rumination,Negative self-evaluative loop,landmark,5,0.06283185307179587,3.141592653589793,0.19344424626135137,3.141592653589793,6.0,17.020238876342773,0.3525214918305101,2571.640380859375
self-critical_rumination_0,Self-Critical Rumination,Negative self-evaluative loop,landmark,7,0.06283185307179587,3.141592653589793,0.19344424626135137,3.141592653589793,4.375,10.25295639038086,0.4267061941377754,4312.92431640625
self-critical_rumination_0,Self-Critical Rumination,Negative self-evaluative loop,landmark,11,0.0,0.0,0.0,0.0,9.6796875,9.6796875,1.0,20129.42578125
self-critical_rumination_0,Self-Critical Rumination,Negative self-evaluative loop,landmark,15,0.06283185307179587,3.141592653589793,0.19344424626135137,3.141592653589793,2.125000476837158,23.186596393585205,0.09164779688945894,30817.369140625
self-critical_rumination_0,Self-Critical Rumination,Negative self-evaluative loop,landmark,22,0.06283185307179587,3.141592653589793,0.19344424626135137,3.141592653589793,7.125,12.879916191101074,0.5531868293462009,33787.734375
self-critical_rumination_0,Self-Critical Rumination,Negative self-evaluative loop,landmark,27,0.0,0.0,0.0,0.0,45.25,45.25,1.0,41513.33203125
self-critical_rumination_0,Self-Critical Rumination,Negative self-evaluative loop,landmark,29,0.06283185307179587,3.141592653589793,0.19344424626135137,3.141592653589793,8.625,11.74732494354248,0.7342097065886625,46030.4921875
self-critical_rumination_0,Self-Critical Rumination,Negative self-evaluative loop,landmark,1,0.0,0.0,0.0,0.0,10.875,10.875,1.0,944.4616088867188
self-critical_rumination_0,Self-Critical Rumination,Negative self-evaluative loop,landmark,5,0.06283185307179587,3.141592653589793,0.19344424626135137,3.141592653589793,6.0,17.020238876342773,0.3525214918305101,2571.640380859375
self-critical_rumination_0,Self-Critical Rumination,Negative self-evaluative loop,landmark,7,0.06283185307179587,3.141592653589793,0.19344424626135137,3.141592653589793,4.375,10.25295639038086,0.4267061941377754,4312.92431640625
self-critical_rumination_0,Self-Critical Rumination,Negative self-evaluative loop,landmark,11,0.0,0.0,0.0,0.0,9.6796875,9.6796875,1.0,20129.42578125
self-critical_rumination_0,Self-Critical Rumination,Negative self-evaluative loop,landmark,15,0.06283185307179587,3.141592653589793,0.19344424626135137,3.141592653589793,2.125000476837158,23.186596393585205,0.09164779688945894,30817.369140625
self-critical_rumination_0,Self-Critical Rumination,Negative self-evaluative loop,landmark,22,0.06283185307179587,3.141592653589793,0.19344424626135137,3.141592653589793,7.125,12.879916191101074,0.5531868293462009,33787.734375
self-critical_rumination_0,Self-Critical Rumination,Negative self-evaluative loop,landmark,27,0.0,0.0,0.0,0.0,45.25,45.25,1.0,41513.33203125
self-critical_rumination_0,Self-Critical Rumination,Negative self-evaluative loop,landmark,29,0.06283185307179587,3.141592653589793,0.19344424626135137,3.141592653589793,8.625,11.74732494354248,0.7342097065886625,46030.4921875
self-critical_rumination_0,Self-Critical Rumination,Negative self-evaluative loop,landmark,1,0.0,0.0,0.0,0.0,10.875,10.875,1.0,944.4616088867188
self-critical_rumination_0,Self-Critical Rumination,Negative self-evaluative loop,landmark,5,0.06283185307179587,3.141592653589793,0.19344424626135137,3.141592653589793,6.0,17.020238876342773,0.3525214918305101,2571.640380859375
self-critical_rumination_0,Self-Critical Rumination,Negative self-evaluative loop,landmark,7,0.06283185307179587,3.141592653589793,0.19344424626135137,3.141592653589793,4.375,10.25295639038086,0.4267061941377754,4312.92431640625
self-critical_rumination_0,Self-Critical Rumination,Negative self-evaluative loop,landmark,11,0.0,0.0,0.0,0.0,9.6796875,9.6796875,1.0,20129.42578125
self-critical_rumination_0,Self-Critical Rumination,Negative self-evaluative loop,landmark,15,0.06283185307179587,3.141592653589793,0.19344424626135137,3.141592653589793,2.125000476837158,23.186596393585205,0.09164779688945894,30817.369140625
self-critical_rumination_0,Self-Critical Rumination,Negative self-evaluative loop,landmark,22,0.06283185307179587,3.141592653589793,0.19344424626135137,3.141592653589793,7.125,12.879916191101074,0.5531868293462009,33787.734375
self-critical_rumination_0,Self-Critical Rumination,Negative self-evaluative loop,landmark,27,0.0,0.0,0.0,0.0,45.25,45.25,1.0,41513.33203125
self-critical_rumination_0,Self-Critical Rumination,Negative self-evaluative loop,landmark,29,0.06283185307179587,3.141592653589793,0.19344424626135137,3.141592653589793,8.625,11.74732494354248,0.7342097065886625,46030.4921875
self-critical_rumination_0,Self-Critical Rumination,Negative self-evaluative loop,landmark,1,0.0,0.0,0.0,0.0,10.875,10.875,1.0,944.4616088867188
self-critical_rumination_0,Self-Critical Rumination,Negative self-evaluative loop,landmark,5,0.06283185307179587,3.141592653589793,0.19344424626135137,3.141592653589793,6.0,17.020238876342773,0.3525214918305101,2571.640380859375
self-critical_rumination_0,Self-Critical Rumination,Negative self-evaluative loop,landmark,7,0.06283185307179587,3.141592653589793,0.19344424626135137,3.141592653589793,4.375,10.25295639038086,0.4267061941377754,4312.92431640625
self-critical_rumination_0,Self-Critical Rumination,Negative self-evaluative loop,landmark,11,0.0,0.0,0.0,0.0,9.6796875,9.6796875,1.0,20129.42578125
self-critical_rumination_0,Self-Critical Rumination,Negative self-evaluative loop,landmark,15,0.06283185307179587,3.141592653589793,0.19344424626135137,3.141592653589793,2.125000476837158,23.186596393585205,0.09164779688945894,30817.369140625
self-critical_rumination_0,Self-Critical Rumination,Negative self-evaluative loop,landmark,22,0.06283185307179587,3.141592653589793,0.19344424626135137,3.141592653589793,7.125,12.879916191101074,0.5531868293462009,33787.734375
self-critical_rumination_0,Self-Critical Rumination,Negative self-evaluative loop,landmark,27,0.0,0.0,0.0,0.0,45.25,45.25,1.0,41513.33203125
self-critical_rumination_0,Self-Critical Rumination,Negative self-evaluative loop,landmark,29,0.06283185307179587,3.141592653589793,0.19344424626135137,3.141592653589793,8.625,11.74732494354248,0.7342097065886625,46030.4921875
self-critical_rumination_0,Self-Critical Rumination,Negative self-evaluative loop,landmark,1,0.0,0.0,0.0,0.0,10.875,10.875,1.0,944.4616088867188
self-critical_rumination_0,Self-Critical Rumination,Negative self-evaluative loop,landmark,5,0.06283185307179587,3.141592653589793,0.19344424626135137,3.141592653589793,6.0,17.020238876342773,0.3525214918305101,2571.640380859375
self-critical_rumination_0,Self-Critical Rumination,Negative self-evaluative loop,landmark,7,0.06283185307179587,3.141592653589793,0.19344424626135137,3.141592653589793,4.375,10.25295639038086,0.4267061941377754,4312.92431640625
self-critical_rumination_0,Self-Critical Rumination,Negative self-evaluative loop,landmark,11,0.0,0.0,0.0,0.0,9.6796875,9.6796875,1.0,20129.42578125
self-critical_rumination_0,Self-Critical Rumination,Negative self-evaluative loop,landmark,15,0.06283185307179587,3.141592653589793,0.19344424626135137,3.141592653589793,2.125000476837158,23.186596393585205,0.09164779688945894,30817.369140625
self-critical_rumination_0,Self-Critical Rumination,Negative self-evaluative loop,landmark,22,0.06283185307179587,3.141592653589793,0.19344424626135137,3.141592653589793,7.125,12.879916191101074,0.5531868293462009,33787.734375
self-critical_rumination_0,Self-Critical Rumination,Negative self-evaluative loop,landmark,27,0.0,0.0,0.0,0.0,45.25,45.25,1.0,41513.33203125
self-critical_rumination_0,Self-Critical Rumination,Negative self-evaluative loop,landmark,29,0.06283185307179587,3.141592653589793,0.19344424626135137,3.141592653589793,8.625,11.74732494354248,0.7342097065886625,46030.4921875
self-critical_rumination_0,Self-Critical Rumination,Negative self-evaluative loop,landmark,1,0.0,0.0,0.0,0.0,10.875,10.875,1.0,944.4616088867188
self-critical_rumination_0,Self-Critical Rumination,Negative self-evaluative loop,landmark,5,0.06283185307179587,3.141592653589793,0.19344424626135137,3.141592653589793,6.0,17.020238876342773,0.3525214918305101,2571.640380859375
self-critical_rumination_0,Self-Critical Rumination,Negative self-evaluative loop,landmark,7,0.06283185307179587,3.141592653589793,0.19344424626135137,3.141592653589793,4.375,10.25295639038086,0.4267061941377754,4312.92431640625
self-critical_rumination_0,Self-Critical Rumination,Negative self-evaluative loop,landmark,11,0.0,0.0,0.0,0.0,9.6796875,9.6796875,1.0,20129.42578125
self-critical_rumination_0,Self-Critical Rumination,Negative self-evaluative loop,landmark,15,0.06283185307179587,3.141592653589793,0.19344424626135137,3.141592653589793,2.125000476837158,23.186596393585205,0.09164779688945894,30817.369140625
self-critical_rumination_0,Self-Critical Rumination,Negative self-evaluative loop,landmark,22,0.06283185307179587,3.141592653589793,0.19344424626135137,3.141592653589793,7.125,12.879916191101074,0.5531868293462009,33787.734375
self-critical_rumination_0,Self-Critical Rumination,Negative self-evaluative loop,landmark,27,0.0,0.0,0.0,0.0,45.25,45.25,1.0,41513.33203125
self-critical_rumination_0,Self-Critical Rumination,Negative self-evaluative loop,landmark,29,0.06283185307179587,3.141592653589793,0.19344424626135137,3.141592653589793,8.625,11.74732494354248,0.7342097065886625,46030.4921875
self-critical_rumination_0,Self-Critical Rumination,Negative self-evaluative loop,landmark,1,0.0,0.0,0.0,0.0,10.875,10.875,1.0,944.4616088867188
self-critical_rumination_0,Self-Critical Rumination,Negative self-evaluative loop,landmark,5,0.06283185307179587,3.141592653589793,0.19344424626135137,3.141592653589793,6.0,17.020238876342773,0.3525214918305101,2571.640380859375
self-critical_rumination_0,Self-Critical Rumination,Negative self-evaluative loop,landmark,7,0.06283185307179587,3.141592653589793,0.19344424626135137,3.141592653589793,4.375,10.25295639038086,0.4267061941377754,4312.92431640625
self-critical_rumination_0,Self-Critical Rumination,Negative self-evaluative loop,landmark,11,0.0,0.0,0.0,0.0,9.6796875,9.6796875,1.0,20129.42578125
self-critical_rumination_0,Self-Critical Rumination,Negative self-evaluative loop,landmark,15,0.06283185307179587,3.141592653589793,0.19344424626135137,3.141592653589793,2.125000476837158,23.186596393585205,0.09164779688945894,30817.369140625
self-critical_rumination_0,Self-Critical Rumination,Negative self-evaluative loop,landmark,22,0.06283185307179587,3.141592653589793,0.19344424626135137,3.141592653589793,7.125,12.879916191101074,0.5531868293462009,33787.734375
self-critical_rumination_0,Self-Critical Rumination,Negative self-evaluative loop,landmark,27,0.0,0.0,0.0,0.0,45.25,45.25,1.0,41513.33203125
self-critical_rumination_0,Self-Critical Rumination,Negative self-evaluative loop,landmark,29,0.06283185307179587,3.141592653589793,0.19344424626135137,3.141592653589793,8.625,11.74732494354248,0.7342097065886625,46030.4921875
self-critical_rumination_0,Self-Critical Rumination,Negative self-evaluative loop,landmark,1,0.0,0.0,0.0,0.0,10.875,10.875,1.0,944.4616088867188
self-critical_rumination_0,Self-Critical Rumination,Negative self-evaluative loop,landmark,5,0.06283185307179587,3.141592653589793,0.19344424626135137,3.141592653589793,6.0,17.020238876342773,0.3525214918305101,2571.640380859375
self-critical_rumination_0,Self-Critical Rumination,Negative self-evaluative loop,landmark,7,0.06283185307179587,3.141592653589793,0.19344424626135137,3.141592653589793,4.375,10.25295639038086,0.4267061941377754,4312.92431640625
self-critical_rumination_0,Self-Critical Rumination,Negative self-evaluative loop,landmark,11,0.0,0.0,0.0,0.0,9.6796875,9.6796875,1.0,20129.42578125
self-critical_rumination_0,Self-Critical Rumination,Negative self-evaluative loop,landmark,15,0.06283185307179587,3.141592653589793,0.19344424626135137,3.141592653589793,2.125000476837158,23.186596393585205,0.09164779688945894,30817.369140625
self-critical_rumination_0,Self-Critical Rumination,Negative self-evaluative loop,landmark,22,0.06283185307179587,3.141592653589793,0.19344424626135137,3.141592653589793,7.125,12.879916191101074,0.5531868293462009,33787.734375
self-critical_rumination_0,Self-Critical Rumination,Negative self-evaluative loop,landmark,27,0.0,0.0,0.0,0.0,45.25,45.25,1.0,41513.33203125
self-critical_rumination_0,Self-Critical Rumination,Negative self-evaluative loop,landmark,29,0.06283185307179587,3.141592653589793,0.19344424626135137,3.141592653589793,8.625,11.74732494354248,0.7342097065886625,46030.4921875
self-critical_rumination_0,Self-Critical Rumination,Negative self-evaluative loop,landmark,1,0.0,0.0,0.0,0.0,10.875,10.875,1.0,944.4616088867188
self-critical_rumination_0,Self-Critical Rumination,Negative self-evaluative loop,landmark,5,0.06283185307179587,3.141592653589793,0.19344424626135137,3.141592653589793,6.0,17.020238876342773,0.3525214918305101,2571.640380859375
self-critical_rumination_0,Self-Critical Rumination,Negative self-evaluative loop,landmark,7,0.06283185307179587,3.141592653589793,0.19344424626135137,3.141592653589793,4.375,10.25295639038086,0.4267061941377754,4312.92431640625
self-critical_rumination_0,Self-Critical Rumination,Negative self-evaluative loop,landmark,11,0.0,0.0,0.0,0.0,9.6796875,9.6796875,1.0,20129.42578125
self-critical_rumination_0,Self-Critical Rumination,Negative self-evaluative loop,landmark,15,0.06283185307179587,3.141592653589793,0.19344424626135137,3.141592653589793,2.125000476837158,23.186596393585205,0.09164779688945894,30817.369140625
self-critical_rumination_0,Self-Critical Rumination,Negative self-evaluative loop,landmark,22,0.06283185307179587,3.141592653589793,0.19344424626135137,3.141592653589793,7.125,12.879916191101074,0.5531868293462009,33787.734375
self-critical_rumination_0,Self-Critical Rumination,Negative self-evaluative loop,landmark,27,0.0,0.0,0.0,0.0,45.25,45.25,1.0,41513.33203125
self-critical_rumination_0,Self-Critical Rumination,Negative self-evaluative loop,landmark,29,0.06283185307179587,3.141592653589793,0.19344424626135137,3.141592653589793,8.625,11.74732494354248,0.7342097065886625,46030.4921875
self-critical_rumination_0,Self-Critical Rumination,Negative self-evaluative loop,landmark,1,0.0,0.0,0.0,0.0,10.875,10.875,1.0,944.4616088867188
self-critical_rumination_0,Self-Critical Rumination,Negative self-evaluative loop,landmark,5,0.06283185307179587,3.141592653589793,0.19344424626135137,3.141592653589793,6.0,17.020238876342773,0.3525214918305101,2571.640380859375
self-critical_rumination_0,Self-Critical Rumination,Negative self-evaluative loop,landmark,7,0.06283185307179587,3.141592653589793,0.19344424626135137,3.141592653589793,4.375,10.25295639038086,0.4267061941377754,4312.92431640625
self-critical_rumination_0,Self-Critical Rumination,Negative self-evaluative loop,landmark,11,0.0,0.0,0.0,0.0,9.6796875,9.6796875,1.0,20129.42578125
self-critical_rumination_0,Self-Critical Rumination,Negative self-evaluative loop,landmark,15,0.06283185307179587,3.141592653589793,0.19344424626135137,3.141592653589793,2.125000476837158,23.186596393585205,0.09164779688945894,30817.369140625
self-critical_rumination_0,Self-Critical Rumination,Negative self-evaluative loop,landmark,22,0.06283185307179587,3.141592653589793,0.19344424626135137,3.141592653589793,7.125,12.879916191101074,0.5531868293462009,33787.734375
self-critical_rumination_0,Self-Critical Rumination,Negative self-evaluative loop,landmark,27,0.0,0.0,0.0,0.0,45.25,45.25,1.0,41513.33203125
self-critical_rumination_0,Self-Critical Rumination,Negative self-evaluative loop,landmark,29,0.06283185307179587,3.141592653589793,0.19344424626135137,3.141592653589793,8.625,11.74732494354248,0.7342097065886625,46030.4921875
self-critical_rumination_0,Self-Critical Rumination,Negative self-evaluative loop,landmark,1,0.0,0.0,0.0,0.0,10.875,10.875,1.0,944.4616088867188
self-critical_rumination_0,Self-Critical Rumination,Negative self-evaluative loop,landmark,5,0.06283185307179587,3.141592653589793,0.19344424626135137,3.141592653589793,6.0,17.020238876342773,0.3525214918305101,2571.640380859375
self-critical_rumination_0,Self-Critical Rumination,Negative self-evaluative loop,landmark,7,0.06283185307179587,3.141592653589793,0.19344424626135137,3.141592653589793,4.375,10.25295639038086,0.4267061941377754,4312.92431640625
self-critical_rumination_0,Self-Critical Rumination,Negative self-evaluative loop,landmark,11,0.0,0.0,0.0,0.0,9.6796875,9.6796875,1.0,20129.42578125
self-critical_rumination_0,Self-Critical Rumination,Negative self-evaluative loop,landmark,15,0.06283185307179587,3.141592653589793,0.19344424626135137,3.141592653589793,2.125000476837158,23.186596393585205,0.09164779688945894,30817.369140625
self-critical_rumination_0,Self-Critical Rumination,Negative self-evaluative loop,landmark,22,0.06283185307179587,3.141592653589793,0.19344424626135137,3.141592653589793,7.125,12.879916191101074,0.5531868293462009,33787.734375
self-critical_rumination_0,Self-Critical Rumination,Negative self-evaluative loop,landmark,27,0.0,0.0,0.0,0.0,45.25,45.25,1.0,41513.33203125
self-critical_rumination_0,Self-Critical Rumination,Negative self-evaluative loop,landmark,29,0.06283185307179587,3.141592653589793,0.19344424626135137,3.141592653589793,8.625,11.74732494354248,0.7342097065886625,46030.4921875
self-critical_rumination_0,Self-Critical Rumination,Negative self-evaluative loop,landmark,1,0.0,0.0,0.0,0.0,10.875,10.875,1.0,944.4616088867188
self-critical_rumination_0,Self-Critical Rumination,Negative self-evaluative loop,landmark,5,0.06283185307179587,3.141592653589793,0.19344424626135137,3.141592653589793,6.0,17.020238876342773,0.3525214918305101,2571.640380859375
self-critical_rumination_0,Self-Critical Rumination,Negative self-evaluative loop,landmark,7,0.06283185307179587,3.141592653589793,0.19344424626135137,3.141592653589793,4.375,10.25295639038086,0.4267061941377754,4312.92431640625
self-critical_rumination_0,Self-Critical Rumination,Negative self-evaluative loop,landmark,11,0.0,0.0,0.0,0.0,9.6796875,9.6796875,1.0,20129.42578125
self-critical_rumination_0,Self-Critical Rumination,Negative self-evaluative loop,landmark,15,0.06283185307179587,3.141592653589793,0.19344424626135137,3.141592653589793,2.125000476837158,23.186596393585205,0.09164779688945894,30817.369140625
self-critical_rumination_0,Self-Critical Rumination,Negative self-evaluative loop,landmark,22,0.06283185307179587,3.141592653589793,0.19344424626135137,3.141592653589793,7.125,12.879916191101074,0.5531868293462009,33787.734375
self-critical_rumination_0,Self-Critical Rumination,Negative self-evaluative loop,landmark,27,0.0,0.0,0.0,0.0,45.25,45.25,1.0,41513.33203125
self-critical_rumination_0,Self-Critical Rumination,Negative self-evaluative loop,landmark,29,0.06283185307179587,3.141592653589793,0.19344424626135137,3.141592653589793,8.625,11.74732494354248,0.7342097065886625,46030.4921875
self-critical_rumination_0,Self-Critical Rumination,Negative self-evaluative loop,landmark,1,0.0,0.0,0.0,0.0,10.875,10.875,1.0,944.4616088867188
self-critical_rumination_0,Self-Critical Rumination,Negative self-evaluative loop,landmark,5,0.06283185307179587,3.141592653589793,0.19344424626135137,3.141592653589793,6.0,17.020238876342773,0.3525214918305101,2571.640380859375
self-critical_rumination_0,Self-Critical Rumination,Negative self-evaluative loop,landmark,7,0.06283185307179587,3.141592653589793,0.19344424626135137,3.141592653589793,4.375,10.25295639038086,0.4267061941377754,4312.92431640625
self-critical_rumination_0,Self-Critical Rumination,Negative self-evaluative loop,landmark,11,0.0,0.0,0.0,0.0,9.6796875,9.6796875,1.0,20129.42578125
self-critical_rumination_0,Self-Critical Rumination,Negative self-evaluative loop,landmark,15,0.06283185307179587,3.141592653589793,0.19344424626135137,3.141592653589793,2.125000476837158,23.186596393585205,0.09164779688945894,30817.369140625
self-critical_rumination_0,Self-Critical Rumination,Negative self-evaluative loop,landmark,22,0.06283185307179587,3.141592653589793,0.19344424626135137,3.141592653589793,7.125,12.879916191101074,0.5531868293462009,33787.734375
self-critical_rumination_0,Self-Critical Rumination,Negative self-evaluative loop,landmark,27,0.0,0.0,0.0,0.0,45.25,45.25,1.0,41513.33203125
self-critical_rumination_0,Self-Critical Rumination,Negative self-evaluative loop,landmark,29,0.06283185307179587,3.141592653589793,0.19344424626135137,3.141592653589793,8.625,11.74732494354248,0.7342097065886625,46030.4921875
self-critical_rumination_0,Self-Critical Rumination,Negative self-evaluative loop,landmark,1,0.0,0.0,0.0,0.0,10.875,10.875,1.0,944.4616088867188
self-critical_rumination_0,Self-Critical Rumination,Negative self-evaluative loop,landmark,5,0.06283185307179587,3.141592653589793,0.19344424626135137,3.141592653589793,6.0,17.020238876342773,0.3525214918305101,2571.640380859375
self-critical_rumination_0,Self-Critical Rumination,Negative self-evaluative loop,landmark,7,0.06283185307179587,3.141592653589793,0.19344424626135137,3.141592653589793,4.375,10.25295639038086,0.4267061941377754,4312.92431640625
self-critical_rumination_0,Self-Critical Rumination,Negative self-evaluative loop,landmark,11,0.0,0.0,0.0,0.0,9.6796875,9.6796875,1.0,20129.42578125
self-critical_rumination_0,Self-Critical Rumination,Negative self-evaluative loop,landmark,15,0.06283185307179587,3.141592653589793,0.19344424626135137,3.141592653589793,2.125000476837158,23.186596393585205,0.09164779688945894,30817.369140625
self-critical_rumination_0,Self-Critical Rumination,Negative self-evaluative loop,landmark,22,0.06283185307179587,3.141592653589793,0.19344424626135137,3.141592653589793,7.125,12.879916191101074,0.5531868293462009,33787.734375
self-critical_rumination_0,Self-Critical Rumination,Negative self-evaluative loop,landmark,27,0.0,0.0,0.0,0.0,45.25,45.25,1.0,41513.33203125
self-critical_rumination_0,Self-Critical Rumination,Negative self-evaluative loop,landmark,29,0.06283185307179587,3.141592653589793,0.19344424626135137,3.141592653589793,8.625,11.74732494354248,0.7342097065886625,46030.4921875
self-critical_rumination_0,Self-Critical Rumination,Negative self-evaluative loop,landmark,1,0.0,0.0,0.0,0.0,10.875,10.875,1.0,944.4616088867188
self-critical_rumination_0,Self-Critical Rumination,Negative self-evaluative loop,landmark,5,0.06283185307179587,3.141592653589793,0.19344424626135137,3.141592653589793,6.0,17.020238876342773,0.3525214918305101,2571.640380859375
self-critical_rumination_0,Self-Critical Rumination,Negative self-evaluative loop,landmark,7,0.06283185307179587,3.141592653589793,0.19344424626135137,3.141592653589793,4.375,10.25295639038086,0.4267061941377754,4312.92431640625
self-critical_rumination_0,Self-Critical Rumination,Negative self-evaluative loop,landmark,11,0.0,0.0,0.0,0.0,9.6796875,9.6796875,1.0,20129.42578125
self-critical_rumination_0,Self-Critical Rumination,Negative self-evaluative loop,landmark,15,0.06283185307179587,3.141592653589793,0.19344424626135137,3.141592653589793,2.125000476837158,23.186596393585205,0.09164779688945894,30817.369140625
self-critical_rumination_0,Self-Critical Rumination,Negative self-evaluative loop,landmark,22,0.06283185307179587,3.141592653589793,0.19344424626135137,3.141592653589793,7.125,12.879916191101074,0.5531868293462009,33787.734375
self-critical_rumination_0,Self-Critical Rumination,Negative self-evaluative loop,landmark,27,0.0,0.0,0.0,0.0,45.25,45.25,1.0,41513.33203125
self-critical_rumination_0,Self-Critical Rumination,Negative self-evaluative loop,landmark,29,0.06283185307179587,3.141592653589793,0.19344424626135137,3.141592653589793,8.625,11.74732494354248,0.7342097065886625,46030.4921875
somatic–emotional_self-monitoring_0,Somatic–Emotional Self-Monitoring,Hyper-attuned interoception,landmark,1,0.0,0.0,0.0,0.0,15.5,15.5,1.0,1221.185546875
somatic–emotional_self-monitoring_0,Somatic–Emotional Self-Monitoring,Hyper-attuned interoception,landmark,5,0.0,0.0,0.0,0.0,6.5,6.5,1.0,2321.1337890625
somatic–emotional_self-monitoring_0,Somatic–Emotional Self-Monitoring,Hyper-attuned interoception,landmark,7,0.06283185307179587,3.141592653589793,0.19344424626135137,3.141592653589793,7.25,25.12813949584961,0.288521161751648,4041.1416015625
somatic–emotional_self-monitoring_0,Somatic–Emotional Self-Monitoring,Hyper-attuned interoception,landmark,11,0.06283185307179587,3.141592653589793,0.19344424626135137,3.141592653589793,2.953125,13.66763687133789,0.21606697835182725,17822.232421875
somatic–emotional_self-monitoring_0,Somatic–Emotional Self-Monitoring,Hyper-attuned interoception,landmark,15,0.06283185307179587,3.141592653589793,0.19344424626135137,3.141592653589793,3.6875009536743164,19.239161491394043,0.1916664068402248,25191.060546875
somatic–emotional_self-monitoring_0,Somatic–Emotional Self-Monitoring,Hyper-attuned interoception,landmark,22,0.0,0.0,0.0,0.0,18.6875,18.6875,1.0,32019.587890625
somatic–emotional_self-monitoring_0,Somatic–Emotional Self-Monitoring,Hyper-attuned interoception,landmark,27,0.06283185307179587,3.141592653589793,0.19344424626135137,3.141592653589793,10.499998092651367,17.356470108032227,0.6049616095494083,38873.65234375
somatic–emotional_self-monitoring_0,Somatic–Emotional Self-Monitoring,Hyper-attuned interoception,landmark,29,0.06283185307179587,3.141592653589793,0.19344424626135137,3.141592653589793,7.187499523162842,11.840919017791748,0.6070052090013586,44839.33203125
somatic–emotional_self-monitoring_0,Somatic–Emotional Self-Monitoring,Hyper-attuned interoception,landmark,1,0.0,0.0,0.0,0.0,15.5,15.5,1.0,1221.185546875
somatic–emotional_self-monitoring_0,Somatic–Emotional Self-Monitoring,Hyper-attuned interoception,landmark,5,0.0,0.0,0.0,0.0,6.5,6.5,1.0,2321.1337890625
somatic–emotional_self-monitoring_0,Somatic–Emotional Self-Monitoring,Hyper-attuned interoception,landmark,7,0.06283185307179587,3.141592653589793,0.19344424626135137,3.141592653589793,7.25,25.12813949584961,0.288521161751648,4041.1416015625
somatic–emotional_self-monitoring_0,Somatic–Emotional Self-Monitoring,Hyper-attuned interoception,landmark,11,0.06283185307179587,3.141592653589793,0.19344424626135137,3.141592653589793,2.953125,13.66763687133789,0.21606697835182725,17822.232421875
somatic–emotional_self-monitoring_0,Somatic–Emotional Self-Monitoring,Hyper-attuned interoception,landmark,15,0.06283185307179587,3.141592653589793,0.19344424626135137,3.141592653589793,3.6875009536743164,19.239161491394043,0.1916664068402248,25191.060546875
somatic–emotional_self-monitoring_0,Somatic–Emotional Self-Monitoring,Hyper-attuned interoception,landmark,22,0.0,0.0,0.0,0.0,18.6875,18.6875,1.0,32019.587890625
somatic–emotional_self-monitoring_0,Somatic–Emotional Self-Monitoring,Hyper-attuned interoception,landmark,27,0.06283185307179587,3.141592653589793,0.19344424626135137,3.141592653589793,10.499998092651367,17.356470108032227,0.6049616095494083,38873.65234375
somatic–emotional_self-monitoring_0,Somatic–Emotional Self-Monitoring,Hyper-attuned interoception,landmark,29,0.06283185307179587,3.141592653589793,0.19344424626135137,3.141592653589793,7.187499523162842,11.840919017791748,0.6070052090013586,44839.33203125
somatic–emotional_self-monitoring_0,Somatic–Emotional Self-Monitoring,Hyper-attuned interoception,landmark,1,0.0,0.0,0.0,0.0,15.5,15.5,1.0,1221.185546875
somatic–emotional_self-monitoring_0,Somatic–Emotional Self-Monitoring,Hyper-attuned interoception,landmark,5,0.0,0.0,0.0,0.0,6.5,6.5,1.0,2321.1337890625
somatic–emotional_self-monitoring_0,Somatic–Emotional Self-Monitoring,Hyper-attuned interoception,landmark,7,0.06283185307179587,3.141592653589793,0.19344424626135137,3.141592653589793,7.25,25.12813949584961,0.288521161751648,4041.1416015625
somatic–emotional_self-monitoring_0,Somatic–Emotional Self-Monitoring,Hyper-attuned interoception,landmark,11,0.06283185307179587,3.141592653589793,0.19344424626135137,3.141592653589793,2.953125,13.66763687133789,0.21606697835182725,17822.232421875
somatic–emotional_self-monitoring_0,Somatic–Emotional Self-Monitoring,Hyper-attuned interoception,landmark,15,0.06283185307179587,3.141592653589793,0.19344424626135137,3.141592653589793,3.6875009536743164,19.239161491394043,0.1916664068402248,25191.060546875
somatic–emotional_self-monitoring_0,Somatic–Emotional Self-Monitoring,Hyper-attuned interoception,landmark,22,0.0,0.0,0.0,0.0,18.6875,18.6875,1.0,32019.587890625
somatic–emotional_self-monitoring_0,Somatic–Emotional Self-Monitoring,Hyper-attuned interoception,landmark,27,0.06283185307179587,3.141592653589793,0.19344424626135137,3.141592653589793,10.499998092651367,17.356470108032227,0.6049616095494083,38873.65234375
somatic–emotional_self-monitoring_0,Somatic–Emotional Self-Monitoring,Hyper-attuned interoception,landmark,29,0.06283185307179587,3.141592653589793,0.19344424626135137,3.141592653589793,7.187499523162842,11.840919017791748,0.6070052090013586,44839.33203125
somatic–emotional_self-monitoring_0,Somatic–Emotional Self-Monitoring,Hyper-attuned interoception,landmark,1,0.0,0.0,0.0,0.0,15.5,15.5,1.0,1221.185546875
somatic–emotional_self-monitoring_0,Somatic–Emotional Self-Monitoring,Hyper-attuned interoception,landmark,5,0.0,0.0,0.0,0.0,6.5,6.5,1.0,2321.1337890625
somatic–emotional_self-monitoring_0,Somatic–Emotional Self-Monitoring,Hyper-attuned interoception,landmark,7,0.06283185307179587,3.141592653589793,0.19344424626135137,3.141592653589793,7.25,25.12813949584961,0.288521161751648,4041.1416015625
somatic–emotional_self-monitoring_0,Somatic–Emotional Self-Monitoring,Hyper-attuned interoception,landmark,11,0.06283185307179587,3.141592653589793,0.19344424626135137,3.141592653589793,2.953125,13.66763687133789,0.21606697835182725,17822.232421875
somatic–emotional_self-monitoring_0,Somatic–Emotional Self-Monitoring,Hyper-attuned interoception,landmark,15,0.06283185307179587,3.141592653589793,0.19344424626135137,3.141592653589793,3.6875009536743164,19.239161491394043,0.1916664068402248,25191.060546875
somatic–emotional_self-monitoring_0,Somatic–Emotional Self-Monitoring,Hyper-attuned interoception,landmark,22,0.0,0.0,0.0,0.0,18.6875,18.6875,1.0,32019.587890625
somatic–emotional_self-monitoring_0,Somatic–Emotional Self-Monitoring,Hyper-attuned interoception,landmark,27,0.06283185307179587,3.141592653589793,0.19344424626135137,3.141592653589793,10.499998092651367,17.356470108032227,0.6049616095494083,38873.65234375
somatic–emotional_self-monitoring_0,Somatic–Emotional Self-Monitoring,Hyper-attuned interoception,landmark,29,0.06283185307179587,3.141592653589793,0.19344424626135137,3.141592653589793,7.187499523162842,11.840919017791748,0.6070052090013586,44839.33203125
somatic–emotional_self-monitoring_0,Somatic–Emotional Self-Monitoring,Hyper-attuned interoception,landmark,1,0.0,0.0,0.0,0.0,15.5,15.5,1.0,1221.185546875
somatic–emotional_self-monitoring_0,Somatic–Emotional Self-Monitoring,Hyper-attuned interoception,landmark,5,0.0,0.0,0.0,0.0,6.5,6.5,1.0,2321.1337890625
somatic–emotional_self-monitoring_0,Somatic–Emotional Self-Monitoring,Hyper-attuned interoception,landmark,7,0.06283185307179587,3.141592653589793,0.19344424626135137,3.141592653589793,7.25,25.12813949584961,0.288521161751648,4041.1416015625
somatic–emotional_self-monitoring_0,Somatic–Emotional Self-Monitoring,Hyper-attuned interoception,landmark,11,0.06283185307179587,3.141592653589793,0.19344424626135137,3.141592653589793,2.953125,13.66763687133789,0.21606697835182725,17822.232421875
somatic–emotional_self-monitoring_0,Somatic–Emotional Self-Monitoring,Hyper-attuned interoception,landmark,15,0.06283185307179587,3.141592653589793,0.19344424626135137,3.141592653589793,3.6875009536743164,19.239161491394043,0.1916664068402248,25191.060546875
somatic–emotional_self-monitoring_0,Somatic–Emotional Self-Monitoring,Hyper-attuned interoception,landmark,22,0.0,0.0,0.0,0.0,18.6875,18.6875,1.0,32019.587890625
somatic–emotional_self-monitoring_0,Somatic–Emotional Self-Monitoring,Hyper-attuned interoception,landmark,27,0.06283185307179587,3.141592653589793,0.19344424626135137,3.141592653589793,10.499998092651367,17.356470108032227,0.6049616095494083,38873.65234375
somatic–emotional_self-monitoring_0,Somatic–Emotional Self-Monitoring,Hyper-attuned interoception,landmark,29,0.06283185307179587,3.141592653589793,0.19344424626135137,3.141592653589793,7.187499523162842,11.840919017791748,0.6070052090013586,44839.33203125
somatic–emotional_self-monitoring_0,Somatic–Emotional Self-Monitoring,Hyper-attuned interoception,landmark,1,0.0,0.0,0.0,0.0,15.5,15.5,1.0,1221.185546875
somatic–emotional_self-monitoring_0,Somatic–Emotional Self-Monitoring,Hyper-attuned interoception,landmark,5,0.0,0.0,0.0,0.0,6.5,6.5,1.0,2321.1337890625
somatic–emotional_self-monitoring_0,Somatic–Emotional Self-Monitoring,Hyper-attuned interoception,landmark,7,0.06283185307179587,3.141592653589793,0.19344424626135137,3.141592653589793,7.25,25.12813949584961,0.288521161751648,4041.1416015625
somatic–emotional_self-monitoring_0,Somatic–Emotional Self-Monitoring,Hyper-attuned interoception,landmark,11,0.06283185307179587,3.141592653589793,0.19344424626135137,3.141592653589793,2.953125,13.66763687133789,0.21606697835182725,17822.232421875
somatic–emotional_self-monitoring_0,Somatic–Emotional Self-Monitoring,Hyper-attuned interoception,landmark,15,0.06283185307179587,3.141592653589793,0.19344424626135137,3.141592653589793,3.6875009536743164,19.239161491394043,0.1916664068402248,25191.060546875
somatic–emotional_self-monitoring_0,Somatic–Emotional Self-Monitoring,Hyper-attuned interoception,landmark,22,0.0,0.0,0.0,0.0,18.6875,18.6875,1.0,32019.587890625
somatic–emotional_self-monitoring_0,Somatic–Emotional Self-Monitoring,Hyper-attuned interoception,landmark,27,0.06283185307179587,3.141592653589793,0.19344424626135137,3.141592653589793,10.499998092651367,17.356470108032227,0.6049616095494083,38873.65234375
somatic–emotional_self-monitoring_0,Somatic–Emotional Self-Monitoring,Hyper-attuned interoception,landmark,29,0.06283185307179587,3.141592653589793,0.19344424626135137,3.141592653589793,7.187499523162842,11.840919017791748,0.6070052090013586,44839.33203125
somatic–emotional_self-monitoring_0,Somatic–Emotional Self-Monitoring,Hyper-attuned interoception,landmark,1,0.0,0.0,0.0,0.0,15.5,15.5,1.0,1221.185546875
somatic–emotional_self-monitoring_0,Somatic–Emotional Self-Monitoring,Hyper-attuned interoception,landmark,5,0.0,0.0,0.0,0.0,6.5,6.5,1.0,2321.1337890625
somatic–emotional_self-monitoring_0,Somatic–Emotional Self-Monitoring,Hyper-attuned interoception,landmark,7,0.06283185307179587,3.141592653589793,0.19344424626135137,3.141592653589793,7.25,25.12813949584961,0.288521161751648,4041.1416015625
somatic–emotional_self-monitoring_0,Somatic–Emotional Self-Monitoring,Hyper-attuned interoception,landmark,11,0.06283185307179587,3.141592653589793,0.19344424626135137,3.141592653589793,2.953125,13.66763687133789,0.21606697835182725,17822.232421875
somatic–emotional_self-monitoring_0,Somatic–Emotional Self-Monitoring,Hyper-attuned interoception,landmark,15,0.06283185307179587,3.141592653589793,0.19344424626135137,3.141592653589793,3.6875009536743164,19.239161491394043,0.1916664068402248,25191.060546875
somatic–emotional_self-monitoring_0,Somatic–Emotional Self-Monitoring,Hyper-attuned interoception,landmark,22,0.0,0.0,0.0,0.0,18.6875,18.6875,1.0,32019.587890625
somatic–emotional_self-monitoring_0,Somatic–Emotional Self-Monitoring,Hyper-attuned interoception,landmark,27,0.06283185307179587,3.141592653589793,0.19344424626135137,3.141592653589793,10.499998092651367,17.356470108032227,0.6049616095494083,38873.65234375
somatic–emotional_self-monitoring_0,Somatic–Emotional Self-Monitoring,Hyper-attuned interoception,landmark,29,0.06283185307179587,3.141592653589793,0.19344424626135137,3.141592653589793,7.187499523162842,11.840919017791748,0.6070052090013586,44839.33203125
somatic–emotional_self-monitoring_0,Somatic–Emotional Self-Monitoring,Hyper-attuned interoception,landmark,1,0.0,0.0,0.0,0.0,15.5,15.5,1.0,1221.185546875
somatic–emotional_self-monitoring_0,Somatic–Emotional Self-Monitoring,Hyper-attuned interoception,landmark,5,0.0,0.0,0.0,0.0,6.5,6.5,1.0,2321.1337890625
somatic–emotional_self-monitoring_0,Somatic–Emotional Self-Monitoring,Hyper-attuned interoception,landmark,7,0.06283185307179587,3.141592653589793,0.19344424626135137,3.141592653589793,7.25,25.12813949584961,0.288521161751648,4041.1416015625
somatic–emotional_self-monitoring_0,Somatic–Emotional Self-Monitoring,Hyper-attuned interoception,landmark,11,0.06283185307179587,3.141592653589793,0.19344424626135137,3.141592653589793,2.953125,13.66763687133789,0.21606697835182725,17822.232421875
somatic–emotional_self-monitoring_0,Somatic–Emotional Self-Monitoring,Hyper-attuned interoception,landmark,15,0.06283185307179587,3.141592653589793,0.19344424626135137,3.141592653589793,3.6875009536743164,19.239161491394043,0.1916664068402248,25191.060546875
somatic–emotional_self-monitoring_0,Somatic–Emotional Self-Monitoring,Hyper-attuned interoception,landmark,22,0.0,0.0,0.0,0.0,18.6875,18.6875,1.0,32019.587890625
somatic–emotional_self-monitoring_0,Somatic–Emotional Self-Monitoring,Hyper-attuned interoception,landmark,27,0.06283185307179587,3.141592653589793,0.19344424626135137,3.141592653589793,10.499998092651367,17.356470108032227,0.6049616095494083,38873.65234375
somatic–emotional_self-monitoring_0,Somatic–Emotional Self-Monitoring,Hyper-attuned interoception,landmark,29,0.06283185307179587,3.141592653589793,0.19344424626135137,3.141592653589793,7.187499523162842,11.840919017791748,0.6070052090013586,44839.33203125
somatic–emotional_self-monitoring_0,Somatic–Emotional Self-Monitoring,Hyper-attuned interoception,landmark,1,0.0,0.0,0.0,0.0,15.5,15.5,1.0,1221.185546875
somatic–emotional_self-monitoring_0,Somatic–Emotional Self-Monitoring,Hyper-attuned interoception,landmark,5,0.0,0.0,0.0,0.0,6.5,6.5,1.0,2321.1337890625
somatic–emotional_self-monitoring_0,Somatic–Emotional Self-Monitoring,Hyper-attuned interoception,landmark,7,0.06283185307179587,3.141592653589793,0.19344424626135137,3.141592653589793,7.25,25.12813949584961,0.288521161751648,4041.1416015625
somatic–emotional_self-monitoring_0,Somatic–Emotional Self-Monitoring,Hyper-attuned interoception,landmark,11,0.06283185307179587,3.141592653589793,0.19344424626135137,3.141592653589793,2.953125,13.66763687133789,0.21606697835182725,17822.232421875
somatic–emotional_self-monitoring_0,Somatic–Emotional Self-Monitoring,Hyper-attuned interoception,landmark,15,0.06283185307179587,3.141592653589793,0.19344424626135137,3.141592653589793,3.6875009536743164,19.239161491394043,0.1916664068402248,25191.060546875
somatic–emotional_self-monitoring_0,Somatic–Emotional Self-Monitoring,Hyper-attuned interoception,landmark,22,0.0,0.0,0.0,0.0,18.6875,18.6875,1.0,32019.587890625
somatic–emotional_self-monitoring_0,Somatic–Emotional Self-Monitoring,Hyper-attuned interoception,landmark,27,0.06283185307179587,3.141592653589793,0.19344424626135137,3.141592653589793,10.499998092651367,17.356470108032227,0.6049616095494083,38873.65234375
somatic–emotional_self-monitoring_0,Somatic–Emotional Self-Monitoring,Hyper-attuned interoception,landmark,29,0.06283185307179587,3.141592653589793,0.19344424626135137,3.141592653589793,7.187499523162842,11.840919017791748,0.6070052090013586,44839.33203125
somatic–emotional_self-monitoring_0,Somatic–Emotional Self-Monitoring,Hyper-attuned interoception,landmark,1,0.0,0.0,0.0,0.0,15.5,15.5,1.0,1221.185546875
somatic–emotional_self-monitoring_0,Somatic–Emotional Self-Monitoring,Hyper-attuned interoception,landmark,5,0.0,0.0,0.0,0.0,6.5,6.5,1.0,2321.1337890625
somatic–emotional_self-monitoring_0,Somatic–Emotional Self-Monitoring,Hyper-attuned interoception,landmark,7,0.06283185307179587,3.141592653589793,0.19344424626135137,3.141592653589793,7.25,25.12813949584961,0.288521161751648,4041.1416015625
somatic–emotional_self-monitoring_0,Somatic–Emotional Self-Monitoring,Hyper-attuned interoception,landmark,11,0.06283185307179587,3.141592653589793,0.19344424626135137,3.141592653589793,2.953125,13.66763687133789,0.21606697835182725,17822.232421875
somatic–emotional_self-monitoring_0,Somatic–Emotional Self-Monitoring,Hyper-attuned interoception,landmark,15,0.06283185307179587,3.141592653589793,0.19344424626135137,3.141592653589793,3.6875009536743164,19.239161491394043,0.1916664068402248,25191.060546875
somatic–emotional_self-monitoring_0,Somatic–Emotional Self-Monitoring,Hyper-attuned interoception,landmark,22,0.0,0.0,0.0,0.0,18.6875,18.6875,1.0,32019.587890625
somatic–emotional_self-monitoring_0,Somatic–Emotional Self-Monitoring,Hyper-attuned interoception,landmark,27,0.06283185307179587,3.141592653589793,0.19344424626135137,3.141592653589793,10.499998092651367,17.356470108032227,0.6049616095494083,38873.65234375
somatic–emotional_self-monitoring_0,Somatic–Emotional Self-Monitoring,Hyper-attuned interoception,landmark,29,0.06283185307179587,3.141592653589793,0.19344424626135137,3.141592653589793,7.187499523162842,11.840919017791748,0.6070052090013586,44839.33203125
somatic–emotional_self-monitoring_0,Somatic–Emotional Self-Monitoring,Hyper-attuned interoception,landmark,1,0.0,0.0,0.0,0.0,15.5,15.5,1.0,1221.185546875
somatic–emotional_self-monitoring_0,Somatic–Emotional Self-Monitoring,Hyper-attuned interoception,landmark,5,0.0,0.0,0.0,0.0,6.5,6.5,1.0,2321.1337890625
somatic–emotional_self-monitoring_0,Somatic–Emotional Self-Monitoring,Hyper-attuned interoception,landmark,7,0.06283185307179587,3.141592653589793,0.19344424626135137,3.141592653589793,7.25,25.12813949584961,0.288521161751648,4041.1416015625
somatic–emotional_self-monitoring_0,Somatic–Emotional Self-Monitoring,Hyper-attuned interoception,landmark,11,0.06283185307179587,3.141592653589793,0.19344424626135137,3.141592653589793,2.953125,13.66763687133789,0.21606697835182725,17822.232421875
somatic–emotional_self-monitoring_0,Somatic–Emotional Self-Monitoring,Hyper-attuned interoception,landmark,15,0.06283185307179587,3.141592653589793,0.19344424626135137,3.141592653589793,3.6875009536743164,19.239161491394043,0.1916664068402248,25191.060546875
somatic–emotional_self-monitoring_0,Somatic–Emotional Self-Monitoring,Hyper-attuned interoception,landmark,22,0.0,0.0,0.0,0.0,18.6875,18.6875,1.0,32019.587890625
somatic–emotional_self-monitoring_0,Somatic–Emotional Self-Monitoring,Hyper-attuned interoception,landmark,27,0.06283185307179587,3.141592653589793,0.19344424626135137,3.141592653589793,10.499998092651367,17.356470108032227,0.6049616095494083,38873.65234375
somatic–emotional_self-monitoring_0,Somatic–Emotional Self-Monitoring,Hyper-attuned interoception,landmark,29,0.06283185307179587,3.141592653589793,0.19344424626135137,3.141592653589793,7.187499523162842,11.840919017791748,0.6070052090013586,44839.33203125
somatic–emotional_self-monitoring_0,Somatic–Emotional Self-Monitoring,Hyper-attuned interoception,landmark,1,0.0,0.0,0.0,0.0,15.5,15.5,1.0,1221.185546875
somatic–emotional_self-monitoring_0,Somatic–Emotional Self-Monitoring,Hyper-attuned interoception,landmark,5,0.0,0.0,0.0,0.0,6.5,6.5,1.0,2321.1337890625
somatic–emotional_self-monitoring_0,Somatic–Emotional Self-Monitoring,Hyper-attuned interoception,landmark,7,0.06283185307179587,3.141592653589793,0.19344424626135137,3.141592653589793,7.25,25.12813949584961,0.288521161751648,4041.1416015625
somatic–emotional_self-monitoring_0,Somatic–Emotional Self-Monitoring,Hyper-attuned interoception,landmark,11,0.06283185307179587,3.141592653589793,0.19344424626135137,3.141592653589793,2.953125,13.66763687133789,0.21606697835182725,17822.232421875
somatic–emotional_self-monitoring_0,Somatic–Emotional Self-Monitoring,Hyper-attuned interoception,landmark,15,0.06283185307179587,3.141592653589793,0.19344424626135137,3.141592653589793,3.6875009536743164,19.239161491394043,0.1916664068402248,25191.060546875
somatic–emotional_self-monitoring_0,Somatic–Emotional Self-Monitoring,Hyper-attuned interoception,landmark,22,0.0,0.0,0.0,0.0,18.6875,18.6875,1.0,32019.587890625
somatic–emotional_self-monitoring_0,Somatic–Emotional Self-Monitoring,Hyper-attuned interoception,landmark,27,0.06283185307179587,3.141592653589793,0.19344424626135137,3.141592653589793,10.499998092651367,17.356470108032227,0.6049616095494083,38873.65234375
somatic–emotional_self-monitoring_0,Somatic–Emotional Self-Monitoring,Hyper-attuned interoception,landmark,29,0.06283185307179587,3.141592653589793,0.19344424626135137,3.141592653589793,7.187499523162842,11.840919017791748,0.6070052090013586,44839.33203125
somatic–emotional_self-monitoring_0,Somatic–Emotional Self-Monitoring,Hyper-attuned interoception,landmark,1,0.0,0.0,0.0,0.0,15.5,15.5,1.0,1221.185546875
somatic–emotional_self-monitoring_0,Somatic–Emotional Self-Monitoring,Hyper-attuned interoception,landmark,5,0.0,0.0,0.0,0.0,6.5,6.5,1.0,2321.1337890625
somatic–emotional_self-monitoring_0,Somatic–Emotional Self-Monitoring,Hyper-attuned interoception,landmark,7,0.06283185307179587,3.141592653589793,0.19344424626135137,3.141592653589793,7.25,25.12813949584961,0.288521161751648,4041.1416015625
somatic–emotional_self-monitoring_0,Somatic–Emotional Self-Monitoring,Hyper-attuned interoception,landmark,11,0.06283185307179587,3.141592653589793,0.19344424626135137,3.141592653589793,2.953125,13.66763687133789,0.21606697835182725,17822.232421875
somatic–emotional_self-monitoring_0,Somatic–Emotional Self-Monitoring,Hyper-attuned interoception,landmark,15,0.06283185307179587,3.141592653589793,0.19344424626135137,3.141592653589793,3.6875009536743164,19.239161491394043,0.1916664068402248,25191.060546875
somatic–emotional_self-monitoring_0,Somatic–Emotional Self-Monitoring,Hyper-attuned interoception,landmark,22,0.0,0.0,0.0,0.0,18.6875,18.6875,1.0,32019.587890625
somatic–emotional_self-monitoring_0,Somatic–Emotional Self-Monitoring,Hyper-attuned interoception,landmark,27,0.06283185307179587,3.141592653589793,0.19344424626135137,3.141592653589793,10.499998092651367,17.356470108032227,0.6049616095494083,38873.65234375
somatic–emotional_self-monitoring_0,Somatic–Emotional Self-Monitoring,Hyper-attuned interoception,landmark,29,0.06283185307179587,3.141592653589793,0.19344424626135137,3.141592653589793,7.187499523162842,11.840919017791748,0.6070052090013586,44839.33203125
somatic–emotional_self-monitoring_0,Somatic–Emotional Self-Monitoring,Hyper-attuned interoception,landmark,1,0.0,0.0,0.0,0.0,15.5,15.5,1.0,1221.185546875
somatic–emotional_self-monitoring_0,Somatic–Emotional Self-Monitoring,Hyper-attuned interoception,landmark,5,0.0,0.0,0.0,0.0,6.5,6.5,1.0,2321.1337890625
somatic–emotional_self-monitoring_0,Somatic–Emotional Self-Monitoring,Hyper-attuned interoception,landmark,7,0.06283185307179587,3.141592653589793,0.19344424626135137,3.141592653589793,7.25,25.12813949584961,0.288521161751648,4041.1416015625
somatic–emotional_self-monitoring_0,Somatic–Emotional Self-Monitoring,Hyper-attuned interoception,landmark,11,0.06283185307179587,3.141592653589793,0.19344424626135137,3.141592653589793,2.953125,13.66763687133789,0.21606697835182725,17822.232421875
somatic–emotional_self-monitoring_0,Somatic–Emotional Self-Monitoring,Hyper-attuned interoception,landmark,15,0.06283185307179587,3.141592653589793,0.19344424626135137,3.141592653589793,3.6875009536743164,19.239161491394043,0.1916664068402248,25191.060546875
somatic–emotional_self-monitoring_0,Somatic–Emotional Self-Monitoring,Hyper-attuned interoception,landmark,22,0.0,0.0,0.0,0.0,18.6875,18.6875,1.0,32019.587890625
somatic–emotional_self-monitoring_0,Somatic–Emotional Self-Monitoring,Hyper-attuned interoception,landmark,27,0.06283185307179587,3.141592653589793,0.19344424626135137,3.141592653589793,10.499998092651367,17.356470108032227,0.6049616095494083,38873.65234375
somatic–emotional_self-monitoring_0,Somatic–Emotional Self-Monitoring,Hyper-attuned interoception,landmark,29,0.06283185307179587,3.141592653589793,0.19344424626135137,3.141592653589793,7.187499523162842,11.840919017791748,0.6070052090013586,44839.33203125
somatic–emotional_self-monitoring_0,Somatic–Emotional Self-Monitoring,Hyper-attuned interoception,landmark,1,0.0,0.0,0.0,0.0,15.5,15.5,1.0,1221.185546875
somatic–emotional_self-monitoring_0,Somatic–Emotional Self-Monitoring,Hyper-attuned interoception,landmark,5,0.0,0.0,0.0,0.0,6.5,6.5,1.0,2321.1337890625
somatic–emotional_self-monitoring_0,Somatic–Emotional Self-Monitoring,Hyper-attuned interoception,landmark,7,0.06283185307179587,3.141592653589793,0.19344424626135137,3.141592653589793,7.25,25.12813949584961,0.288521161751648,4041.1416015625
somatic–emotional_self-monitoring_0,Somatic–Emotional Self-Monitoring,Hyper-attuned interoception,landmark,11,0.06283185307179587,3.141592653589793,0.19344424626135137,3.141592653589793,2.953125,13.66763687133789,0.21606697835182725,17822.232421875
somatic–emotional_self-monitoring_0,Somatic–Emotional Self-Monitoring,Hyper-attuned interoception,landmark,15,0.06283185307179587,3.141592653589793,0.19344424626135137,3.141592653589793,3.6875009536743164,19.239161491394043,0.1916664068402248,25191.060546875
somatic–emotional_self-monitoring_0,Somatic–Emotional Self-Monitoring,Hyper-attuned interoception,landmark,22,0.0,0.0,0.0,0.0,18.6875,18.6875,1.0,32019.587890625
somatic–emotional_self-monitoring_0,Somatic–Emotional Self-Monitoring,Hyper-attuned interoception,landmark,27,0.06283185307179587,3.141592653589793,0.19344424626135137,3.141592653589793,10.499998092651367,17.356470108032227,0.6049616095494083,38873.65234375
somatic–emotional_self-monitoring_0,Somatic–Emotional Self-Monitoring,Hyper-attuned interoception,landmark,29,0.06283185307179587,3.141592653589793,0.19344424626135137,3.141592653589793,7.187499523162842,11.840919017791748,0.6070052090013586,44839.33203125
somatic–emotional_self-monitoring_0,Somatic–Emotional Self-Monitoring,Hyper-attuned interoception,landmark,1,0.0,0.0,0.0,0.0,15.5,15.5,1.0,1221.185546875
somatic–emotional_self-monitoring_0,Somatic–Emotional Self-Monitoring,Hyper-attuned interoception,landmark,5,0.0,0.0,0.0,0.0,6.5,6.5,1.0,2321.1337890625
somatic–emotional_self-monitoring_0,Somatic–Emotional Self-Monitoring,Hyper-attuned interoception,landmark,7,0.06283185307179587,3.141592653589793,0.19344424626135137,3.141592653589793,7.25,25.12813949584961,0.288521161751648,4041.1416015625
somatic–emotional_self-monitoring_0,Somatic–Emotional Self-Monitoring,Hyper-attuned interoception,landmark,11,0.06283185307179587,3.141592653589793,0.19344424626135137,3.141592653589793,2.953125,13.66763687133789,0.21606697835182725,17822.232421875
somatic–emotional_self-monitoring_0,Somatic–Emotional Self-Monitoring,Hyper-attuned interoception,landmark,15,0.06283185307179587,3.141592653589793,0.19344424626135137,3.141592653589793,3.6875009536743164,19.239161491394043,0.1916664068402248,25191.060546875
somatic–emotional_self-monitoring_0,Somatic–Emotional Self-Monitoring,Hyper-attuned interoception,landmark,22,0.0,0.0,0.0,0.0,18.6875,18.6875,1.0,32019.587890625
somatic–emotional_self-monitoring_0,Somatic–Emotional Self-Monitoring,Hyper-attuned interoception,landmark,27,0.06283185307179587,3.141592653589793,0.19344424626135137,3.141592653589793,10.499998092651367,17.356470108032227,0.6049616095494083,38873.65234375
somatic–emotional_self-monitoring_0,Somatic–Emotional Self-Monitoring,Hyper-attuned interoception,landmark,29,0.06283185307179587,3.141592653589793,0.19344424626135137,3.141592653589793,7.187499523162842,11.840919017791748,0.6070052090013586,44839.33203125
somatic–emotional_self-monitoring_0,Somatic–Emotional Self-Monitoring,Hyper-attuned interoception,landmark,1,0.0,0.0,0.0,0.0,15.5,15.5,1.0,1221.185546875
somatic–emotional_self-monitoring_0,Somatic–Emotional Self-Monitoring,Hyper-attuned interoception,landmark,5,0.0,0.0,0.0,0.0,6.5,6.5,1.0,2321.1337890625
somatic–emotional_self-monitoring_0,Somatic–Emotional Self-Monitoring,Hyper-attuned interoception,landmark,7,0.06283185307179587,3.141592653589793,0.19344424626135137,3.141592653589793,7.25,25.12813949584961,0.288521161751648,4041.1416015625
somatic–emotional_self-monitoring_0,Somatic–Emotional Self-Monitoring,Hyper-attuned interoception,landmark,11,0.06283185307179587,3.141592653589793,0.19344424626135137,3.141592653589793,2.953125,13.66763687133789,0.21606697835182725,17822.232421875
somatic–emotional_self-monitoring_0,Somatic–Emotional Self-Monitoring,Hyper-attuned interoception,landmark,15,0.06283185307179587,3.141592653589793,0.19344424626135137,3.141592653589793,3.6875009536743164,19.239161491394043,0.1916664068402248,25191.060546875
somatic–emotional_self-monitoring_0,Somatic–Emotional Self-Monitoring,Hyper-attuned interoception,landmark,22,0.0,0.0,0.0,0.0,18.6875,18.6875,1.0,32019.587890625
somatic–emotional_self-monitoring_0,Somatic–Emotional Self-Monitoring,Hyper-attuned interoception,landmark,27,0.06283185307179587,3.141592653589793,0.19344424626135137,3.141592653589793,10.499998092651367,17.356470108032227,0.6049616095494083,38873.65234375
somatic–emotional_self-monitoring_0,Somatic–Emotional Self-Monitoring,Hyper-attuned interoception,landmark,29,0.06283185307179587,3.141592653589793,0.19344424626135137,3.141592653589793,7.187499523162842,11.840919017791748,0.6070052090013586,44839.33203125
somatic–emotional_self-monitoring_0,Somatic–Emotional Self-Monitoring,Hyper-attuned interoception,landmark,1,0.0,0.0,0.0,0.0,15.5,15.5,1.0,1221.185546875
somatic–emotional_self-monitoring_0,Somatic–Emotional Self-Monitoring,Hyper-attuned interoception,landmark,5,0.0,0.0,0.0,0.0,6.5,6.5,1.0,2321.1337890625
somatic–emotional_self-monitoring_0,Somatic–Emotional Self-Monitoring,Hyper-attuned interoception,landmark,7,0.06283185307179587,3.141592653589793,0.19344424626135137,3.141592653589793,7.25,25.12813949584961,0.288521161751648,4041.1416015625
somatic–emotional_self-monitoring_0,Somatic–Emotional Self-Monitoring,Hyper-attuned interoception,landmark,11,0.06283185307179587,3.141592653589793,0.19344424626135137,3.141592653589793,2.953125,13.66763687133789,0.21606697835182725,17822.232421875
somatic–emotional_self-monitoring_0,Somatic–Emotional Self-Monitoring,Hyper-attuned interoception,landmark,15,0.06283185307179587,3.141592653589793,0.19344424626135137,3.141592653589793,3.6875009536743164,19.239161491394043,0.1916664068402248,25191.060546875
somatic–emotional_self-monitoring_0,Somatic–Emotional Self-Monitoring,Hyper-attuned interoception,landmark,22,0.0,0.0,0.0,0.0,18.6875,18.6875,1.0,32019.587890625
somatic–emotional_self-monitoring_0,Somatic–Emotional Self-Monitoring,Hyper-attuned interoception,landmark,27,0.06283185307179587,3.141592653589793,0.19344424626135137,3.141592653589793,10.499998092651367,17.356470108032227,0.6049616095494083,38873.65234375
somatic–emotional_self-monitoring_0,Somatic–Emotional Self-Monitoring,Hyper-attuned interoception,landmark,29,0.06283185307179587,3.141592653589793,0.19344424626135137,3.141592653589793,7.187499523162842,11.840919017791748,0.6070052090013586,44839.33203125
somatic–emotional_self-monitoring_0,Somatic–Emotional Self-Monitoring,Hyper-attuned interoception,landmark,1,0.0,0.0,0.0,0.0,15.5,15.5,1.0,1221.185546875
somatic–emotional_self-monitoring_0,Somatic–Emotional Self-Monitoring,Hyper-attuned interoception,landmark,5,0.0,0.0,0.0,0.0,6.5,6.5,1.0,2321.1337890625
somatic–emotional_self-monitoring_0,Somatic–Emotional Self-Monitoring,Hyper-attuned interoception,landmark,7,0.06283185307179587,3.141592653589793,0.19344424626135137,3.141592653589793,7.25,25.12813949584961,0.288521161751648,4041.1416015625
somatic–emotional_self-monitoring_0,Somatic–Emotional Self-Monitoring,Hyper-attuned interoception,landmark,11,0.06283185307179587,3.141592653589793,0.19344424626135137,3.141592653589793,2.953125,13.66763687133789,0.21606697835182725,17822.232421875
somatic–emotional_self-monitoring_0,Somatic–Emotional Self-Monitoring,Hyper-attuned interoception,landmark,15,0.06283185307179587,3.141592653589793,0.19344424626135137,3.141592653589793,3.6875009536743164,19.239161491394043,0.1916664068402248,25191.060546875
somatic–emotional_self-monitoring_0,Somatic–Emotional Self-Monitoring,Hyper-attuned interoception,landmark,22,0.0,0.0,0.0,0.0,18.6875,18.6875,1.0,32019.587890625
somatic–emotional_self-monitoring_0,Somatic–Emotional Self-Monitoring,Hyper-attuned interoception,landmark,27,0.06283185307179587,3.141592653589793,0.19344424626135137,3.141592653589793,10.499998092651367,17.356470108032227,0.6049616095494083,38873.65234375
somatic–emotional_self-monitoring_0,Somatic–Emotional Self-Monitoring,Hyper-attuned interoception,landmark,29,0.06283185307179587,3.141592653589793,0.19344424626135137,3.141592653589793,7.187499523162842,11.840919017791748,0.6070052090013586,44839.33203125
somatic–emotional_self-monitoring_0,Somatic–Emotional Self-Monitoring,Hyper-attuned interoception,landmark,1,0.0,0.0,0.0,0.0,15.5,15.5,1.0,1221.185546875
somatic–emotional_self-monitoring_0,Somatic–Emotional Self-Monitoring,Hyper-attuned interoception,landmark,5,0.0,0.0,0.0,0.0,6.5,6.5,1.0,2321.1337890625
somatic–emotional_self-monitoring_0,Somatic–Emotional Self-Monitoring,Hyper-attuned interoception,landmark,7,0.06283185307179587,3.141592653589793,0.19344424626135137,3.141592653589793,7.25,25.12813949584961,0.288521161751648,4041.1416015625
somatic–emotional_self-monitoring_0,Somatic–Emotional Self-Monitoring,Hyper-attuned interoception,landmark,11,0.06283185307179587,3.141592653589793,0.19344424626135137,3.141592653589793,2.953125,13.66763687133789,0.21606697835182725,17822.232421875
somatic–emotional_self-monitoring_0,Somatic–Emotional Self-Monitoring,Hyper-attuned interoception,landmark,15,0.06283185307179587,3.141592653589793,0.19344424626135137,3.141592653589793,3.6875009536743164,19.239161491394043,0.1916664068402248,25191.060546875
somatic–emotional_self-monitoring_0,Somatic–Emotional Self-Monitoring,Hyper-attuned interoception,landmark,22,0.0,0.0,0.0,0.0,18.6875,18.6875,1.0,32019.587890625
somatic–emotional_self-monitoring_0,Somatic–Emotional Self-Monitoring,Hyper-attuned interoception,landmark,27,0.06283185307179587,3.141592653589793,0.19344424626135137,3.141592653589793,10.499998092651367,17.356470108032227,0.6049616095494083,38873.65234375
somatic–emotional_self-monitoring_0,Somatic–Emotional Self-Monitoring,Hyper-attuned interoception,landmark,29,0.06283185307179587,3.141592653589793,0.19344424626135137,3.141592653589793,7.187499523162842,11.840919017791748,0.6070052090013586,44839.33203125
somatic–emotional_self-monitoring_0,Somatic–Emotional Self-Monitoring,Hyper-attuned interoception,landmark,1,0.0,0.0,0.0,0.0,15.5,15.5,1.0,1221.185546875
somatic–emotional_self-monitoring_0,Somatic–Emotional Self-Monitoring,Hyper-attuned interoception,landmark,5,0.0,0.0,0.0,0.0,6.5,6.5,1.0,2321.1337890625
somatic–emotional_self-monitoring_0,Somatic–Emotional Self-Monitoring,Hyper-attuned interoception,landmark,7,0.06283185307179587,3.141592653589793,0.19344424626135137,3.141592653589793,7.25,25.12813949584961,0.288521161751648,4041.1416015625
somatic–emotional_self-monitoring_0,Somatic–Emotional Self-Monitoring,Hyper-attuned interoception,landmark,11,0.06283185307179587,3.141592653589793,0.19344424626135137,3.141592653589793,2.953125,13.66763687133789,0.21606697835182725,17822.232421875
somatic–emotional_self-monitoring_0,Somatic–Emotional Self-Monitoring,Hyper-attuned interoception,landmark,15,0.06283185307179587,3.141592653589793,0.19344424626135137,3.141592653589793,3.6875009536743164,19.239161491394043,0.1916664068402248,25191.060546875
somatic–emotional_self-monitoring_0,Somatic–Emotional Self-Monitoring,Hyper-attuned interoception,landmark,22,0.0,0.0,0.0,0.0,18.6875,18.6875,1.0,32019.587890625
somatic–emotional_self-monitoring_0,Somatic–Emotional Self-Monitoring,Hyper-attuned interoception,landmark,27,0.06283185307179587,3.141592653589793,0.19344424626135137,3.141592653589793,10.499998092651367,17.356470108032227,0.6049616095494083,38873.65234375
somatic–emotional_self-monitoring_0,Somatic–Emotional Self-Monitoring,Hyper-attuned interoception,landmark,29,0.06283185307179587,3.141592653589793,0.19344424626135137,3.141592653589793,7.187499523162842,11.840919017791748,0.6070052090013586,44839.33203125
somatic–emotional_self-monitoring_0,Somatic–Emotional Self-Monitoring,Hyper-attuned interoception,landmark,1,0.0,0.0,0.0,0.0,15.5,15.5,1.0,1221.185546875
somatic–emotional_self-monitoring_0,Somatic–Emotional Self-Monitoring,Hyper-attuned interoception,landmark,5,0.0,0.0,0.0,0.0,6.5,6.5,1.0,2321.1337890625
somatic–emotional_self-monitoring_0,Somatic–Emotional Self-Monitoring,Hyper-attuned interoception,landmark,7,0.06283185307179587,3.141592653589793,0.19344424626135137,3.141592653589793,7.25,25.12813949584961,0.288521161751648,4041.1416015625
somatic–emotional_self-monitoring_0,Somatic–Emotional Self-Monitoring,Hyper-attuned interoception,landmark,11,0.06283185307179587,3.141592653589793,0.19344424626135137,3.141592653589793,2.953125,13.66763687133789,0.21606697835182725,17822.232421875
somatic–emotional_self-monitoring_0,Somatic–Emotional Self-Monitoring,Hyper-attuned interoception,landmark,15,0.06283185307179587,3.141592653589793,0.19344424626135137,3.141592653589793,3.6875009536743164,19.239161491394043,0.1916664068402248,25191.060546875
somatic–emotional_self-monitoring_0,Somatic–Emotional Self-Monitoring,Hyper-attuned interoception,landmark,22,0.0,0.0,0.0,0.0,18.6875,18.6875,1.0,32019.587890625
somatic–emotional_self-monitoring_0,Somatic–Emotional Self-Monitoring,Hyper-attuned interoception,landmark,27,0.06283185307179587,3.141592653589793,0.19344424626135137,3.141592653589793,10.499998092651367,17.356470108032227,0.6049616095494083,38873.65234375
somatic–emotional_self-monitoring_0,Somatic–Emotional Self-Monitoring,Hyper-attuned interoception,landmark,29,0.06283185307179587,3.141592653589793,0.19344424626135137,3.141592653589793,7.187499523162842,11.840919017791748,0.6070052090013586,44839.33203125
somatic–emotional_self-monitoring_0,Somatic–Emotional Self-Monitoring,Hyper-attuned interoception,landmark,1,0.0,0.0,0.0,0.0,15.5,15.5,1.0,1221.185546875
somatic–emotional_self-monitoring_0,Somatic–Emotional Self-Monitoring,Hyper-attuned interoception,landmark,5,0.0,0.0,0.0,0.0,6.5,6.5,1.0,2321.1337890625
somatic–emotional_self-monitoring_0,Somatic–Emotional Self-Monitoring,Hyper-attuned interoception,landmark,7,0.06283185307179587,3.141592653589793,0.19344424626135137,3.141592653589793,7.25,25.12813949584961,0.288521161751648,4041.1416015625
somatic–emotional_self-monitoring_0,Somatic–Emotional Self-Monitoring,Hyper-attuned interoception,landmark,11,0.06283185307179587,3.141592653589793,0.19344424626135137,3.141592653589793,2.953125,13.66763687133789,0.21606697835182725,17822.232421875
somatic–emotional_self-monitoring_0,Somatic–Emotional Self-Monitoring,Hyper-attuned interoception,landmark,15,0.06283185307179587,3.141592653589793,0.19344424626135137,3.141592653589793,3.6875009536743164,19.239161491394043,0.1916664068402248,25191.060546875
somatic–emotional_self-monitoring_0,Somatic–Emotional Self-Monitoring,Hyper-attuned interoception,landmark,22,0.0,0.0,0.0,0.0,18.6875,18.6875,1.0,32019.587890625
somatic–emotional_self-monitoring_0,Somatic–Emotional Self-Monitoring,Hyper-attuned interoception,landmark,27,0.06283185307179587,3.141592653589793,0.19344424626135137,3.141592653589793,10.499998092651367,17.356470108032227,0.6049616095494083,38873.65234375
somatic–emotional_self-monitoring_0,Somatic–Emotional Self-Monitoring,Hyper-attuned interoception,landmark,29,0.06283185307179587,3.141592653589793,0.19344424626135137,3.141592653589793,7.187499523162842,11.840919017791748,0.6070052090013586,44839.33203125
somatic–emotional_self-monitoring_0,Somatic–Emotional Self-Monitoring,Hyper-attuned interoception,landmark,1,0.0,0.0,0.0,0.0,15.5,15.5,1.0,1221.185546875
somatic–emotional_self-monitoring_0,Somatic–Emotional Self-Monitoring,Hyper-attuned interoception,landmark,5,0.0,0.0,0.0,0.0,6.5,6.5,1.0,2321.1337890625
somatic–emotional_self-monitoring_0,Somatic–Emotional Self-Monitoring,Hyper-attuned interoception,landmark,7,0.06283185307179587,3.141592653589793,0.19344424626135137,3.141592653589793,7.25,25.12813949584961,0.288521161751648,4041.1416015625
somatic–emotional_self-monitoring_0,Somatic–Emotional Self-Monitoring,Hyper-attuned interoception,landmark,11,0.06283185307179587,3.141592653589793,0.19344424626135137,3.141592653589793,2.953125,13.66763687133789,0.21606697835182725,17822.232421875
somatic–emotional_self-monitoring_0,Somatic–Emotional Self-Monitoring,Hyper-attuned interoception,landmark,15,0.06283185307179587,3.141592653589793,0.19344424626135137,3.141592653589793,3.6875009536743164,19.239161491394043,0.1916664068402248,25191.060546875
somatic–emotional_self-monitoring_0,Somatic–Emotional Self-Monitoring,Hyper-attuned interoception,landmark,22,0.0,0.0,0.0,0.0,18.6875,18.6875,1.0,32019.587890625
somatic–emotional_self-monitoring_0,Somatic–Emotional Self-Monitoring,Hyper-attuned interoception,landmark,27,0.06283185307179587,3.141592653589793,0.19344424626135137,3.141592653589793,10.499998092651367,17.356470108032227,0.6049616095494083,38873.65234375
somatic–emotional_self-monitoring_0,Somatic–Emotional Self-Monitoring,Hyper-attuned interoception,landmark,29,0.06283185307179587,3.141592653589793,0.19344424626135137,3.141592653589793,7.187499523162842,11.840919017791748,0.6070052090013586,44839.33203125
somatic–emotional_self-monitoring_0,Somatic–Emotional Self-Monitoring,Hyper-attuned interoception,landmark,1,0.0,0.0,0.0,0.0,15.5,15.5,1.0,1221.185546875
somatic–emotional_self-monitoring_0,Somatic–Emotional Self-Monitoring,Hyper-attuned interoception,landmark,5,0.0,0.0,0.0,0.0,6.5,6.5,1.0,2321.1337890625
somatic–emotional_self-monitoring_0,Somatic–Emotional Self-Monitoring,Hyper-attuned interoception,landmark,7,0.06283185307179587,3.141592653589793,0.19344424626135137,3.141592653589793,7.25,25.12813949584961,0.288521161751648,4041.1416015625
somatic–emotional_self-monitoring_0,Somatic–Emotional Self-Monitoring,Hyper-attuned interoception,landmark,11,0.06283185307179587,3.141592653589793,0.19344424626135137,3.141592653589793,2.953125,13.66763687133789,0.21606697835182725,17822.232421875
somatic–emotional_self-monitoring_0,Somatic–Emotional Self-Monitoring,Hyper-attuned interoception,landmark,15,0.06283185307179587,3.141592653589793,0.19344424626135137,3.141592653589793,3.6875009536743164,19.239161491394043,0.1916664068402248,25191.060546875
somatic–emotional_self-monitoring_0,Somatic–Emotional Self-Monitoring,Hyper-attuned interoception,landmark,22,0.0,0.0,0.0,0.0,18.6875,18.6875,1.0,32019.587890625
somatic–emotional_self-monitoring_0,Somatic–Emotional Self-Monitoring,Hyper-attuned interoception,landmark,27,0.06283185307179587,3.141592653589793,0.19344424626135137,3.141592653589793,10.499998092651367,17.356470108032227,0.6049616095494083,38873.65234375
somatic–emotional_self-monitoring_0,Somatic–Emotional Self-Monitoring,Hyper-attuned interoception,landmark,29,0.06283185307179587,3.141592653589793,0.19344424626135137,3.141592653589793,7.187499523162842,11.840919017791748,0.6070052090013586,44839.33203125
somatic–emotional_self-monitoring_0,Somatic–Emotional Self-Monitoring,Hyper-attuned interoception,landmark,1,0.0,0.0,0.0,0.0,15.5,15.5,1.0,1221.185546875
somatic–emotional_self-monitoring_0,Somatic–Emotional Self-Monitoring,Hyper-attuned interoception,landmark,5,0.0,0.0,0.0,0.0,6.5,6.5,1.0,2321.1337890625
somatic–emotional_self-monitoring_0,Somatic–Emotional Self-Monitoring,Hyper-attuned interoception,landmark,7,0.06283185307179587,3.141592653589793,0.19344424626135137,3.141592653589793,7.25,25.12813949584961,0.288521161751648,4041.1416015625
somatic–emotional_self-monitoring_0,Somatic–Emotional Self-Monitoring,Hyper-attuned interoception,landmark,11,0.06283185307179587,3.141592653589793,0.19344424626135137,3.141592653589793,2.953125,13.66763687133789,0.21606697835182725,17822.232421875
somatic–emotional_self-monitoring_0,Somatic–Emotional Self-Monitoring,Hyper-attuned interoception,landmark,15,0.06283185307179587,3.141592653589793,0.19344424626135137,3.141592653589793,3.6875009536743164,19.239161491394043,0.1916664068402248,25191.060546875
somatic–emotional_self-monitoring_0,Somatic–Emotional Self-Monitoring,Hyper-attuned interoception,landmark,22,0.0,0.0,0.0,0.0,18.6875,18.6875,1.0,32019.587890625
somatic–emotional_self-monitoring_0,Somatic–Emotional Self-Monitoring,Hyper-attuned interoception,landmark,27,0.06283185307179587,3.141592653589793,0.19344424626135137,3.141592653589793,10.499998092651367,17.356470108032227,0.6049616095494083,38873.65234375
somatic–emotional_self-monitoring_0,Somatic–Emotional Self-Monitoring,Hyper-attuned interoception,landmark,29,0.06283185307179587,3.141592653589793,0.19344424626135137,3.141592653589793,7.187499523162842,11.840919017791748,0.6070052090013586,44839.33203125
somatic–emotional_self-monitoring_0,Somatic–Emotional Self-Monitoring,Hyper-attuned interoception,landmark,1,0.0,0.0,0.0,0.0,15.5,15.5,1.0,1221.185546875
somatic–emotional_self-monitoring_0,Somatic–Emotional Self-Monitoring,Hyper-attuned interoception,landmark,5,0.0,0.0,0.0,0.0,6.5,6.5,1.0,2321.1337890625
somatic–emotional_self-monitoring_0,Somatic–Emotional Self-Monitoring,Hyper-attuned interoception,landmark,7,0.06283185307179587,3.141592653589793,0.19344424626135137,3.141592653589793,7.25,25.12813949584961,0.288521161751648,4041.1416015625
somatic–emotional_self-monitoring_0,Somatic–Emotional Self-Monitoring,Hyper-attuned interoception,landmark,11,0.06283185307179587,3.141592653589793,0.19344424626135137,3.141592653589793,2.953125,13.66763687133789,0.21606697835182725,17822.232421875
somatic–emotional_self-monitoring_0,Somatic–Emotional Self-Monitoring,Hyper-attuned interoception,landmark,15,0.06283185307179587,3.141592653589793,0.19344424626135137,3.141592653589793,3.6875009536743164,19.239161491394043,0.1916664068402248,25191.060546875
somatic–emotional_self-monitoring_0,Somatic–Emotional Self-Monitoring,Hyper-attuned interoception,landmark,22,0.0,0.0,0.0,0.0,18.6875,18.6875,1.0,32019.587890625
somatic–emotional_self-monitoring_0,Somatic–Emotional Self-Monitoring,Hyper-attuned interoception,landmark,27,0.06283185307179587,3.141592653589793,0.19344424626135137,3.141592653589793,10.499998092651367,17.356470108032227,0.6049616095494083,38873.65234375
somatic–emotional_self-monitoring_0,Somatic–Emotional Self-Monitoring,Hyper-attuned interoception,landmark,29,0.06283185307179587,3.141592653589793,0.19344424626135137,3.141592653589793,7.187499523162842,11.840919017791748,0.6070052090013586,44839.33203125
somatic–emotional_self-monitoring_0,Somatic–Emotional Self-Monitoring,Hyper-attuned interoception,landmark,1,0.0,0.0,0.0,0.0,15.5,15.5,1.0,1221.185546875
somatic–emotional_self-monitoring_0,Somatic–Emotional Self-Monitoring,Hyper-attuned interoception,landmark,5,0.0,0.0,0.0,0.0,6.5,6.5,1.0,2321.1337890625
somatic–emotional_self-monitoring_0,Somatic–Emotional Self-Monitoring,Hyper-attuned interoception,landmark,7,0.06283185307179587,3.141592653589793,0.19344424626135137,3.141592653589793,7.25,25.12813949584961,0.288521161751648,4041.1416015625
somatic–emotional_self-monitoring_0,Somatic–Emotional Self-Monitoring,Hyper-attuned interoception,landmark,11,0.06283185307179587,3.141592653589793,0.19344424626135137,3.141592653589793,2.953125,13.66763687133789,0.21606697835182725,17822.232421875
somatic–emotional_self-monitoring_0,Somatic–Emotional Self-Monitoring,Hyper-attuned interoception,landmark,15,0.06283185307179587,3.141592653589793,0.19344424626135137,3.141592653589793,3.6875009536743164,19.239161491394043,0.1916664068402248,25191.060546875
somatic–emotional_self-monitoring_0,Somatic–Emotional Self-Monitoring,Hyper-attuned interoception,landmark,22,0.0,0.0,0.0,0.0,18.6875,18.6875,1.0,32019.587890625
somatic–emotional_self-monitoring_0,Somatic–Emotional Self-Monitoring,Hyper-attuned interoception,landmark,27,0.06283185307179587,3.141592653589793,0.19344424626135137,3.141592653589793,10.499998092651367,17.356470108032227,0.6049616095494083,38873.65234375
somatic–emotional_self-monitoring_0,Somatic–Emotional Self-Monitoring,Hyper-attuned interoception,landmark,29,0.06283185307179587,3.141592653589793,0.19344424626135137,3.141592653589793,7.187499523162842,11.840919017791748,0.6070052090013586,44839.33203125
somatic–emotional_self-monitoring_0,Somatic–Emotional Self-Monitoring,Hyper-attuned interoception,landmark,1,0.0,0.0,0.0,0.0,15.5,15.5,1.0,1221.185546875
somatic–emotional_self-monitoring_0,Somatic–Emotional Self-Monitoring,Hyper-attuned interoception,landmark,5,0.0,0.0,0.0,0.0,6.5,6.5,1.0,2321.1337890625
somatic–emotional_self-monitoring_0,Somatic–Emotional Self-Monitoring,Hyper-attuned interoception,landmark,7,0.06283185307179587,3.141592653589793,0.19344424626135137,3.141592653589793,7.25,25.12813949584961,0.288521161751648,4041.1416015625
somatic–emotional_self-monitoring_0,Somatic–Emotional Self-Monitoring,Hyper-attuned interoception,landmark,11,0.06283185307179587,3.141592653589793,0.19344424626135137,3.141592653589793,2.953125,13.66763687133789,0.21606697835182725,17822.232421875
somatic–emotional_self-monitoring_0,Somatic–Emotional Self-Monitoring,Hyper-attuned interoception,landmark,15,0.06283185307179587,3.141592653589793,0.19344424626135137,3.141592653589793,3.6875009536743164,19.239161491394043,0.1916664068402248,25191.060546875
somatic–emotional_self-monitoring_0,Somatic–Emotional Self-Monitoring,Hyper-attuned interoception,landmark,22,0.0,0.0,0.0,0.0,18.6875,18.6875,1.0,32019.587890625
somatic–emotional_self-monitoring_0,Somatic–Emotional Self-Monitoring,Hyper-attuned interoception,landmark,27,0.06283185307179587,3.141592653589793,0.19344424626135137,3.141592653589793,10.499998092651367,17.356470108032227,0.6049616095494083,38873.65234375
somatic–emotional_self-monitoring_0,Somatic–Emotional Self-Monitoring,Hyper-attuned interoception,landmark,29,0.06283185307179587,3.141592653589793,0.19344424626135137,3.141592653589793,7.187499523162842,11.840919017791748,0.6070052090013586,44839.33203125
somatic–emotional_self-monitoring_0,Somatic–Emotional Self-Monitoring,Hyper-attuned interoception,landmark,1,0.0,0.0,0.0,0.0,15.5,15.5,1.0,1221.185546875
somatic–emotional_self-monitoring_0,Somatic–Emotional Self-Monitoring,Hyper-attuned interoception,landmark,5,0.0,0.0,0.0,0.0,6.5,6.5,1.0,2321.1337890625
somatic–emotional_self-monitoring_0,Somatic–Emotional Self-Monitoring,Hyper-attuned interoception,landmark,7,0.06283185307179587,3.141592653589793,0.19344424626135137,3.141592653589793,7.25,25.12813949584961,0.288521161751648,4041.1416015625
somatic–emotional_self-monitoring_0,Somatic–Emotional Self-Monitoring,Hyper-attuned interoception,landmark,11,0.06283185307179587,3.141592653589793,0.19344424626135137,3.141592653589793,2.953125,13.66763687133789,0.21606697835182725,17822.232421875
somatic–emotional_self-monitoring_0,Somatic–Emotional Self-Monitoring,Hyper-attuned interoception,landmark,15,0.06283185307179587,3.141592653589793,0.19344424626135137,3.141592653589793,3.6875009536743164,19.239161491394043,0.1916664068402248,25191.060546875
somatic–emotional_self-monitoring_0,Somatic–Emotional Self-Monitoring,Hyper-attuned interoception,landmark,22,0.0,0.0,0.0,0.0,18.6875,18.6875,1.0,32019.587890625
somatic–emotional_self-monitoring_0,Somatic–Emotional Self-Monitoring,Hyper-attuned interoception,landmark,27,0.06283185307179587,3.141592653589793,0.19344424626135137,3.141592653589793,10.499998092651367,17.356470108032227,0.6049616095494083,38873.65234375
somatic–emotional_self-monitoring_0,Somatic–Emotional Self-Monitoring,Hyper-attuned interoception,landmark,29,0.06283185307179587,3.141592653589793,0.19344424626135137,3.141592653589793,7.187499523162842,11.840919017791748,0.6070052090013586,44839.33203125
somatic–emotional_self-monitoring_0,Somatic–Emotional Self-Monitoring,Hyper-attuned interoception,landmark,1,0.0,0.0,0.0,0.0,15.5,15.5,1.0,1221.185546875
somatic–emotional_self-monitoring_0,Somatic–Emotional Self-Monitoring,Hyper-attuned interoception,landmark,5,0.0,0.0,0.0,0.0,6.5,6.5,1.0,2321.1337890625
somatic–emotional_self-monitoring_0,Somatic–Emotional Self-Monitoring,Hyper-attuned interoception,landmark,7,0.06283185307179587,3.141592653589793,0.19344424626135137,3.141592653589793,7.25,25.12813949584961,0.288521161751648,4041.1416015625
somatic–emotional_self-monitoring_0,Somatic–Emotional Self-Monitoring,Hyper-attuned interoception,landmark,11,0.06283185307179587,3.141592653589793,0.19344424626135137,3.141592653589793,2.953125,13.66763687133789,0.21606697835182725,17822.232421875
somatic–emotional_self-monitoring_0,Somatic–Emotional Self-Monitoring,Hyper-attuned interoception,landmark,15,0.06283185307179587,3.141592653589793,0.19344424626135137,3.141592653589793,3.6875009536743164,19.239161491394043,0.1916664068402248,25191.060546875
somatic–emotional_self-monitoring_0,Somatic–Emotional Self-Monitoring,Hyper-attuned interoception,landmark,22,0.0,0.0,0.0,0.0,18.6875,18.6875,1.0,32019.587890625
somatic–emotional_self-monitoring_0,Somatic–Emotional Self-Monitoring,Hyper-attuned interoception,landmark,27,0.06283185307179587,3.141592653589793,0.19344424626135137,3.141592653589793,10.499998092651367,17.356470108032227,0.6049616095494083,38873.65234375
somatic–emotional_self-monitoring_0,Somatic–Emotional Self-Monitoring,Hyper-attuned interoception,landmark,29,0.06283185307179587,3.141592653589793,0.19344424626135137,3.141592653589793,7.187499523162842,11.840919017791748,0.6070052090013586,44839.33203125
somatic–emotional_self-monitoring_0,Somatic–Emotional Self-Monitoring,Hyper-attuned interoception,landmark,1,0.0,0.0,0.0,0.0,15.5,15.5,1.0,1221.185546875
somatic–emotional_self-monitoring_0,Somatic–Emotional Self-Monitoring,Hyper-attuned interoception,landmark,5,0.0,0.0,0.0,0.0,6.5,6.5,1.0,2321.1337890625
somatic–emotional_self-monitoring_0,Somatic–Emotional Self-Monitoring,Hyper-attuned interoception,landmark,7,0.06283185307179587,3.141592653589793,0.19344424626135137,3.141592653589793,7.25,25.12813949584961,0.288521161751648,4041.1416015625
somatic–emotional_self-monitoring_0,Somatic–Emotional Self-Monitoring,Hyper-attuned interoception,landmark,11,0.06283185307179587,3.141592653589793,0.19344424626135137,3.141592653589793,2.953125,13.66763687133789,0.21606697835182725,17822.232421875
somatic–emotional_self-monitoring_0,Somatic–Emotional Self-Monitoring,Hyper-attuned interoception,landmark,15,0.06283185307179587,3.141592653589793,0.19344424626135137,3.141592653589793,3.6875009536743164,19.239161491394043,0.1916664068402248,25191.060546875
somatic–emotional_self-monitoring_0,Somatic–Emotional Self-Monitoring,Hyper-attuned interoception,landmark,22,0.0,0.0,0.0,0.0,18.6875,18.6875,1.0,32019.587890625
somatic–emotional_self-monitoring_0,Somatic–Emotional Self-Monitoring,Hyper-attuned interoception,landmark,27,0.06283185307179587,3.141592653589793,0.19344424626135137,3.141592653589793,10.499998092651367,17.356470108032227,0.6049616095494083,38873.65234375
somatic–emotional_self-monitoring_0,Somatic–Emotional Self-Monitoring,Hyper-attuned interoception,landmark,29,0.06283185307179587,3.141592653589793,0.19344424626135137,3.141592653589793,7.187499523162842,11.840919017791748,0.6070052090013586,44839.33203125
somatic–emotional_self-monitoring_0,Somatic–Emotional Self-Monitoring,Hyper-attuned interoception,landmark,1,0.0,0.0,0.0,0.0,15.5,15.5,1.0,1221.185546875
somatic–emotional_self-monitoring_0,Somatic–Emotional Self-Monitoring,Hyper-attuned interoception,landmark,5,0.0,0.0,0.0,0.0,6.5,6.5,1.0,2321.1337890625
somatic–emotional_self-monitoring_0,Somatic–Emotional Self-Monitoring,Hyper-attuned interoception,landmark,7,0.06283185307179587,3.141592653589793,0.19344424626135137,3.141592653589793,7.25,25.12813949584961,0.288521161751648,4041.1416015625
somatic–emotional_self-monitoring_0,Somatic–Emotional Self-Monitoring,Hyper-attuned interoception,landmark,11,0.06283185307179587,3.141592653589793,0.19344424626135137,3.141592653589793,2.953125,13.66763687133789,0.21606697835182725,17822.232421875
somatic–emotional_self-monitoring_0,Somatic–Emotional Self-Monitoring,Hyper-attuned interoception,landmark,15,0.06283185307179587,3.141592653589793,0.19344424626135137,3.141592653589793,3.6875009536743164,19.239161491394043,0.1916664068402248,25191.060546875
somatic–emotional_self-monitoring_0,Somatic–Emotional Self-Monitoring,Hyper-attuned interoception,landmark,22,0.0,0.0,0.0,0.0,18.6875,18.6875,1.0,32019.587890625
somatic–emotional_self-monitoring_0,Somatic–Emotional Self-Monitoring,Hyper-attuned interoception,landmark,27,0.06283185307179587,3.141592653589793,0.19344424626135137,3.141592653589793,10.499998092651367,17.356470108032227,0.6049616095494083,38873.65234375
somatic–emotional_self-monitoring_0,Somatic–Emotional Self-Monitoring,Hyper-attuned interoception,landmark,29,0.06283185307179587,3.141592653589793,0.19344424626135137,3.141592653589793,7.187499523162842,11.840919017791748,0.6070052090013586,44839.33203125
somatic–emotional_self-monitoring_0,Somatic–Emotional Self-Monitoring,Hyper-attuned interoception,landmark,1,0.0,0.0,0.0,0.0,15.5,15.5,1.0,1221.185546875
somatic–emotional_self-monitoring_0,Somatic–Emotional Self-Monitoring,Hyper-attuned interoception,landmark,5,0.0,0.0,0.0,0.0,6.5,6.5,1.0,2321.1337890625
somatic–emotional_self-monitoring_0,Somatic–Emotional Self-Monitoring,Hyper-attuned interoception,landmark,7,0.06283185307179587,3.141592653589793,0.19344424626135137,3.141592653589793,7.25,25.12813949584961,0.288521161751648,4041.1416015625
somatic–emotional_self-monitoring_0,Somatic–Emotional Self-Monitoring,Hyper-attuned interoception,landmark,11,0.06283185307179587,3.141592653589793,0.19344424626135137,3.141592653589793,2.953125,13.66763687133789,0.21606697835182725,17822.232421875
somatic–emotional_self-monitoring_0,Somatic–Emotional Self-Monitoring,Hyper-attuned interoception,landmark,15,0.06283185307179587,3.141592653589793,0.19344424626135137,3.141592653589793,3.6875009536743164,19.239161491394043,0.1916664068402248,25191.060546875
somatic–emotional_self-monitoring_0,Somatic–Emotional Self-Monitoring,Hyper-attuned interoception,landmark,22,0.0,0.0,0.0,0.0,18.6875,18.6875,1.0,32019.587890625
somatic–emotional_self-monitoring_0,Somatic–Emotional Self-Monitoring,Hyper-attuned interoception,landmark,27,0.06283185307179587,3.141592653589793,0.19344424626135137,3.141592653589793,10.499998092651367,17.356470108032227,0.6049616095494083,38873.65234375
somatic–emotional_self-monitoring_0,Somatic–Emotional Self-Monitoring,Hyper-attuned interoception,landmark,29,0.06283185307179587,3.141592653589793,0.19344424626135137,3.141592653589793,7.187499523162842,11.840919017791748,0.6070052090013586,44839.33203125
somatic–emotional_self-monitoring_0,Somatic–Emotional Self-Monitoring,Hyper-attuned interoception,landmark,1,0.0,0.0,0.0,0.0,15.5,15.5,1.0,1221.185546875
somatic–emotional_self-monitoring_0,Somatic–Emotional Self-Monitoring,Hyper-attuned interoception,landmark,5,0.0,0.0,0.0,0.0,6.5,6.5,1.0,2321.1337890625
somatic–emotional_self-monitoring_0,Somatic–Emotional Self-Monitoring,Hyper-attuned interoception,landmark,7,0.06283185307179587,3.141592653589793,0.19344424626135137,3.141592653589793,7.25,25.12813949584961,0.288521161751648,4041.1416015625
somatic–emotional_self-monitoring_0,Somatic–Emotional Self-Monitoring,Hyper-attuned interoception,landmark,11,0.06283185307179587,3.141592653589793,0.19344424626135137,3.141592653589793,2.953125,13.66763687133789,0.21606697835182725,17822.232421875
somatic–emotional_self-monitoring_0,Somatic–Emotional Self-Monitoring,Hyper-attuned interoception,landmark,15,0.06283185307179587,3.141592653589793,0.19344424626135137,3.141592653589793,3.6875009536743164,19.239161491394043,0.1916664068402248,25191.060546875
somatic–emotional_self-monitoring_0,Somatic–Emotional Self-Monitoring,Hyper-attuned interoception,landmark,22,0.0,0.0,0.0,0.0,18.6875,18.6875,1.0,32019.587890625
somatic–emotional_self-monitoring_0,Somatic–Emotional Self-Monitoring,Hyper-attuned interoception,landmark,27,0.06283185307179587,3.141592653589793,0.19344424626135137,3.141592653589793,10.499998092651367,17.356470108032227,0.6049616095494083,38873.65234375
somatic–emotional_self-monitoring_0,Somatic–Emotional Self-Monitoring,Hyper-attuned interoception,landmark,29,0.06283185307179587,3.141592653589793,0.19344424626135137,3.141592653589793,7.187499523162842,11.840919017791748,0.6070052090013586,44839.33203125
somatic–emotional_self-monitoring_0,Somatic–Emotional Self-Monitoring,Hyper-attuned interoception,landmark,1,0.0,0.0,0.0,0.0,15.5,15.5,1.0,1221.185546875
somatic–emotional_self-monitoring_0,Somatic–Emotional Self-Monitoring,Hyper-attuned interoception,landmark,5,0.0,0.0,0.0,0.0,6.5,6.5,1.0,2321.1337890625
somatic–emotional_self-monitoring_0,Somatic–Emotional Self-Monitoring,Hyper-attuned interoception,landmark,7,0.06283185307179587,3.141592653589793,0.19344424626135137,3.141592653589793,7.25,25.12813949584961,0.288521161751648,4041.1416015625
somatic–emotional_self-monitoring_0,Somatic–Emotional Self-Monitoring,Hyper-attuned interoception,landmark,11,0.06283185307179587,3.141592653589793,0.19344424626135137,3.141592653589793,2.953125,13.66763687133789,0.21606697835182725,17822.232421875
somatic–emotional_self-monitoring_0,Somatic–Emotional Self-Monitoring,Hyper-attuned interoception,landmark,15,0.06283185307179587,3.141592653589793,0.19344424626135137,3.141592653589793,3.6875009536743164,19.239161491394043,0.1916664068402248,25191.060546875
somatic–emotional_self-monitoring_0,Somatic–Emotional Self-Monitoring,Hyper-attuned interoception,landmark,22,0.0,0.0,0.0,0.0,18.6875,18.6875,1.0,32019.587890625
somatic–emotional_self-monitoring_0,Somatic–Emotional Self-Monitoring,Hyper-attuned interoception,landmark,27,0.06283185307179587,3.141592653589793,0.19344424626135137,3.141592653589793,10.499998092651367,17.356470108032227,0.6049616095494083,38873.65234375
somatic–emotional_self-monitoring_0,Somatic–Emotional Self-Monitoring,Hyper-attuned interoception,landmark,29,0.06283185307179587,3.141592653589793,0.19344424626135137,3.141592653589793,7.187499523162842,11.840919017791748,0.6070052090013586,44839.33203125
somatic–emotional_self-monitoring_0,Somatic–Emotional Self-Monitoring,Hyper-attuned interoception,landmark,1,0.0,0.0,0.0,0.0,15.5,15.5,1.0,1221.185546875
somatic–emotional_self-monitoring_0,Somatic–Emotional Self-Monitoring,Hyper-attuned interoception,landmark,5,0.0,0.0,0.0,0.0,6.5,6.5,1.0,2321.1337890625
somatic–emotional_self-monitoring_0,Somatic–Emotional Self-Monitoring,Hyper-attuned interoception,landmark,7,0.06283185307179587,3.141592653589793,0.19344424626135137,3.141592653589793,7.25,25.12813949584961,0.288521161751648,4041.1416015625
somatic–emotional_self-monitoring_0,Somatic–Emotional Self-Monitoring,Hyper-attuned interoception,landmark,11,0.06283185307179587,3.141592653589793,0.19344424626135137,3.141592653589793,2.953125,13.66763687133789,0.21606697835182725,17822.232421875
somatic–emotional_self-monitoring_0,Somatic–Emotional Self-Monitoring,Hyper-attuned interoception,landmark,15,0.06283185307179587,3.141592653589793,0.19344424626135137,3.141592653589793,3.6875009536743164,19.239161491394043,0.1916664068402248,25191.060546875
somatic–emotional_self-monitoring_0,Somatic–Emotional Self-Monitoring,Hyper-attuned interoception,landmark,22,0.0,0.0,0.0,0.0,18.6875,18.6875,1.0,32019.587890625
somatic–emotional_self-monitoring_0,Somatic–Emotional Self-Monitoring,Hyper-attuned interoception,landmark,27,0.06283185307179587,3.141592653589793,0.19344424626135137,3.141592653589793,10.499998092651367,17.356470108032227,0.6049616095494083,38873.65234375
somatic–emotional_self-monitoring_0,Somatic–Emotional Self-Monitoring,Hyper-attuned interoception,landmark,29,0.06283185307179587,3.141592653589793,0.19344424626135137,3.141592653589793,7.187499523162842,11.840919017791748,0.6070052090013586,44839.33203125
somatic–emotional_self-monitoring_0,Somatic–Emotional Self-Monitoring,Hyper-attuned interoception,landmark,1,0.0,0.0,0.0,0.0,15.5,15.5,1.0,1221.185546875
somatic–emotional_self-monitoring_0,Somatic–Emotional Self-Monitoring,Hyper-attuned interoception,landmark,5,0.0,0.0,0.0,0.0,6.5,6.5,1.0,2321.1337890625
somatic–emotional_self-monitoring_0,Somatic–Emotional Self-Monitoring,Hyper-attuned interoception,landmark,7,0.06283185307179587,3.141592653589793,0.19344424626135137,3.141592653589793,7.25,25.12813949584961,0.288521161751648,4041.1416015625
somatic–emotional_self-monitoring_0,Somatic–Emotional Self-Monitoring,Hyper-attuned interoception,landmark,11,0.06283185307179587,3.141592653589793,0.19344424626135137,3.141592653589793,2.953125,13.66763687133789,0.21606697835182725,17822.232421875
somatic–emotional_self-monitoring_0,Somatic–Emotional Self-Monitoring,Hyper-attuned interoception,landmark,15,0.06283185307179587,3.141592653589793,0.19344424626135137,3.141592653589793,3.6875009536743164,19.239161491394043,0.1916664068402248,25191.060546875
somatic–emotional_self-monitoring_0,Somatic–Emotional Self-Monitoring,Hyper-attuned interoception,landmark,22,0.0,0.0,0.0,0.0,18.6875,18.6875,1.0,32019.587890625
somatic–emotional_self-monitoring_0,Somatic–Emotional Self-Monitoring,Hyper-attuned interoception,landmark,27,0.06283185307179587,3.141592653589793,0.19344424626135137,3.141592653589793,10.499998092651367,17.356470108032227,0.6049616095494083,38873.65234375
somatic–emotional_self-monitoring_0,Somatic–Emotional Self-Monitoring,Hyper-attuned interoception,landmark,29,0.06283185307179587,3.141592653589793,0.19344424626135137,3.141592653589793,7.187499523162842,11.840919017791748,0.6070052090013586,44839.33203125
somatic–emotional_self-monitoring_0,Somatic–Emotional Self-Monitoring,Hyper-attuned interoception,landmark,1,0.0,0.0,0.0,0.0,15.5,15.5,1.0,1221.185546875
somatic–emotional_self-monitoring_0,Somatic–Emotional Self-Monitoring,Hyper-attuned interoception,landmark,5,0.0,0.0,0.0,0.0,6.5,6.5,1.0,2321.1337890625
somatic–emotional_self-monitoring_0,Somatic–Emotional Self-Monitoring,Hyper-attuned interoception,landmark,7,0.06283185307179587,3.141592653589793,0.19344424626135137,3.141592653589793,7.25,25.12813949584961,0.288521161751648,4041.1416015625
somatic–emotional_self-monitoring_0,Somatic–Emotional Self-Monitoring,Hyper-attuned interoception,landmark,11,0.06283185307179587,3.141592653589793,0.19344424626135137,3.141592653589793,2.953125,13.66763687133789,0.21606697835182725,17822.232421875
somatic–emotional_self-monitoring_0,Somatic–Emotional Self-Monitoring,Hyper-attuned interoception,landmark,15,0.06283185307179587,3.141592653589793,0.19344424626135137,3.141592653589793,3.6875009536743164,19.239161491394043,0.1916664068402248,25191.060546875
somatic–emotional_self-monitoring_0,Somatic–Emotional Self-Monitoring,Hyper-attuned interoception,landmark,22,0.0,0.0,0.0,0.0,18.6875,18.6875,1.0,32019.587890625
somatic–emotional_self-monitoring_0,Somatic–Emotional Self-Monitoring,Hyper-attuned interoception,landmark,27,0.06283185307179587,3.141592653589793,0.19344424626135137,3.141592653589793,10.499998092651367,17.356470108032227,0.6049616095494083,38873.65234375
somatic–emotional_self-monitoring_0,Somatic–Emotional Self-Monitoring,Hyper-attuned interoception,landmark,29,0.06283185307179587,3.141592653589793,0.19344424626135137,3.141592653589793,7.187499523162842,11.840919017791748,0.6070052090013586,44839.33203125
somatic–emotional_self-monitoring_0,Somatic–Emotional Self-Monitoring,Hyper-attuned interoception,landmark,1,0.0,0.0,0.0,0.0,15.5,15.5,1.0,1221.185546875
somatic–emotional_self-monitoring_0,Somatic–Emotional Self-Monitoring,Hyper-attuned interoception,landmark,5,0.0,0.0,0.0,0.0,6.5,6.5,1.0,2321.1337890625
somatic–emotional_self-monitoring_0,Somatic–Emotional Self-Monitoring,Hyper-attuned interoception,landmark,7,0.06283185307179587,3.141592653589793,0.19344424626135137,3.141592653589793,7.25,25.12813949584961,0.288521161751648,4041.1416015625
somatic–emotional_self-monitoring_0,Somatic–Emotional Self-Monitoring,Hyper-attuned interoception,landmark,11,0.06283185307179587,3.141592653589793,0.19344424626135137,3.141592653589793,2.953125,13.66763687133789,0.21606697835182725,17822.232421875
somatic–emotional_self-monitoring_0,Somatic–Emotional Self-Monitoring,Hyper-attuned interoception,landmark,15,0.06283185307179587,3.141592653589793,0.19344424626135137,3.141592653589793,3.6875009536743164,19.239161491394043,0.1916664068402248,25191.060546875
somatic–emotional_self-monitoring_0,Somatic–Emotional Self-Monitoring,Hyper-attuned interoception,landmark,22,0.0,0.0,0.0,0.0,18.6875,18.6875,1.0,32019.587890625
somatic–emotional_self-monitoring_0,Somatic–Emotional Self-Monitoring,Hyper-attuned interoception,landmark,27,0.06283185307179587,3.141592653589793,0.19344424626135137,3.141592653589793,10.499998092651367,17.356470108032227,0.6049616095494083,38873.65234375
somatic–emotional_self-monitoring_0,Somatic–Emotional Self-Monitoring,Hyper-attuned interoception,landmark,29,0.06283185307179587,3.141592653589793,0.19344424626135137,3.141592653589793,7.187499523162842,11.840919017791748,0.6070052090013586,44839.33203125
suicidal_planning_and_rationalization_0,Suicidal Planning & Rationalization,Instrumental suicidal reasoning,landmark,1,0.06283185307179587,3.141592653589793,0.19344424626135137,3.141592653589793,0.21875,4.749639511108398,0.04605612688887024,898.1008911132812
suicidal_planning_and_rationalization_0,Suicidal Planning & Rationalization,Instrumental suicidal reasoning,landmark,5,0.06283185307179587,3.141592653589793,0.19344424626135137,3.141592653589793,7.125,22.799274444580078,0.3125099448808898,2772.895751953125
suicidal_planning_and_rationalization_0,Suicidal Planning & Rationalization,Instrumental suicidal reasoning,landmark,7,0.06283185307179587,3.141592653589793,0.19344424626135137,3.141592653589793,7.875,15.956165313720703,0.4935396346908169,3883.685791015625
suicidal_planning_and_rationalization_0,Suicidal Planning & Rationalization,Instrumental suicidal reasoning,landmark,11,0.06283185307179587,3.141592653589793,0.19344424626135137,3.141592653589793,1.53125,3.061746120452881,0.5001231126810423,19484.599609375
suicidal_planning_and_rationalization_0,Suicidal Planning & Rationalization,Instrumental suicidal reasoning,landmark,15,0.0,0.0,0.0,0.0,38.84375,38.84375,1.0,27760.873046875
suicidal_planning_and_rationalization_0,Suicidal Planning & Rationalization,Instrumental suicidal reasoning,landmark,22,0.0,0.0,0.0,0.0,18.4375,18.4375,1.0,32897.35546875
suicidal_planning_and_rationalization_0,Suicidal Planning & Rationalization,Instrumental suicidal reasoning,landmark,27,0.06283185307179587,3.141592653589793,0.19344424626135137,3.141592653589793,18.875,36.99940490722656,0.5101433400706782,39391.45703125
suicidal_planning_and_rationalization_0,Suicidal Planning & Rationalization,Instrumental suicidal reasoning,landmark,29,0.0,0.0,0.0,0.0,11.250000953674316,11.250000953674316,1.0,44304.06640625
suicidal_planning_and_rationalization_0,Suicidal Planning & Rationalization,Instrumental suicidal reasoning,landmark,1,0.06283185307179587,3.141592653589793,0.19344424626135137,3.141592653589793,0.21875,4.749639511108398,0.04605612688887024,898.1008911132812
suicidal_planning_and_rationalization_0,Suicidal Planning & Rationalization,Instrumental suicidal reasoning,landmark,5,0.06283185307179587,3.141592653589793,0.19344424626135137,3.141592653589793,7.125,22.799274444580078,0.3125099448808898,2772.895751953125
suicidal_planning_and_rationalization_0,Suicidal Planning & Rationalization,Instrumental suicidal reasoning,landmark,7,0.06283185307179587,3.141592653589793,0.19344424626135137,3.141592653589793,7.875,15.956165313720703,0.4935396346908169,3883.685791015625
suicidal_planning_and_rationalization_0,Suicidal Planning & Rationalization,Instrumental suicidal reasoning,landmark,11,0.06283185307179587,3.141592653589793,0.19344424626135137,3.141592653589793,1.53125,3.061746120452881,0.5001231126810423,19484.599609375
suicidal_planning_and_rationalization_0,Suicidal Planning & Rationalization,Instrumental suicidal reasoning,landmark,15,0.0,0.0,0.0,0.0,38.84375,38.84375,1.0,27760.873046875
suicidal_planning_and_rationalization_0,Suicidal Planning & Rationalization,Instrumental suicidal reasoning,landmark,22,0.0,0.0,0.0,0.0,18.4375,18.4375,1.0,32897.35546875
suicidal_planning_and_rationalization_0,Suicidal Planning & Rationalization,Instrumental suicidal reasoning,landmark,27,0.06283185307179587,3.141592653589793,0.19344424626135137,3.141592653589793,18.875,36.99940490722656,0.5101433400706782,39391.45703125
suicidal_planning_and_rationalization_0,Suicidal Planning & Rationalization,Instrumental suicidal reasoning,landmark,29,0.0,0.0,0.0,0.0,11.250000953674316,11.250000953674316,1.0,44304.06640625
suicidal_planning_and_rationalization_0,Suicidal Planning & Rationalization,Instrumental suicidal reasoning,landmark,1,0.06283185307179587,3.141592653589793,0.19344424626135137,3.141592653589793,0.21875,4.749639511108398,0.04605612688887024,898.1008911132812
suicidal_planning_and_rationalization_0,Suicidal Planning & Rationalization,Instrumental suicidal reasoning,landmark,5,0.06283185307179587,3.141592653589793,0.19344424626135137,3.141592653589793,7.125,22.799274444580078,0.3125099448808898,2772.895751953125
suicidal_planning_and_rationalization_0,Suicidal Planning & Rationalization,Instrumental suicidal reasoning,landmark,7,0.06283185307179587,3.141592653589793,0.19344424626135137,3.141592653589793,7.875,15.956165313720703,0.4935396346908169,3883.685791015625
suicidal_planning_and_rationalization_0,Suicidal Planning & Rationalization,Instrumental suicidal reasoning,landmark,11,0.06283185307179587,3.141592653589793,0.19344424626135137,3.141592653589793,1.53125,3.061746120452881,0.5001231126810423,19484.599609375
suicidal_planning_and_rationalization_0,Suicidal Planning & Rationalization,Instrumental suicidal reasoning,landmark,15,0.0,0.0,0.0,0.0,38.84375,38.84375,1.0,27760.873046875
suicidal_planning_and_rationalization_0,Suicidal Planning & Rationalization,Instrumental suicidal reasoning,landmark,22,0.0,0.0,0.0,0.0,18.4375,18.4375,1.0,32897.35546875
suicidal_planning_and_rationalization_0,Suicidal Planning & Rationalization,Instrumental suicidal reasoning,landmark,27,0.06283185307179587,3.141592653589793,0.19344424626135137,3.141592653589793,18.875,36.99940490722656,0.5101433400706782,39391.45703125
suicidal_planning_and_rationalization_0,Suicidal Planning & Rationalization,Instrumental suicidal reasoning,landmark,29,0.0,0.0,0.0,0.0,11.250000953674316,11.250000953674316,1.0,44304.06640625
suicidal_planning_and_rationalization_0,Suicidal Planning & Rationalization,Instrumental suicidal reasoning,landmark,1,0.06283185307179587,3.141592653589793,0.19344424626135137,3.141592653589793,0.21875,4.749639511108398,0.04605612688887024,898.1008911132812
suicidal_planning_and_rationalization_0,Suicidal Planning & Rationalization,Instrumental suicidal reasoning,landmark,5,0.06283185307179587,3.141592653589793,0.19344424626135137,3.141592653589793,7.125,22.799274444580078,0.3125099448808898,2772.895751953125
suicidal_planning_and_rationalization_0,Suicidal Planning & Rationalization,Instrumental suicidal reasoning,landmark,7,0.06283185307179587,3.141592653589793,0.19344424626135137,3.141592653589793,7.875,15.956165313720703,0.4935396346908169,3883.685791015625
suicidal_planning_and_rationalization_0,Suicidal Planning & Rationalization,Instrumental suicidal reasoning,landmark,11,0.06283185307179587,3.141592653589793,0.19344424626135137,3.141592653589793,1.53125,3.061746120452881,0.5001231126810423,19484.599609375
suicidal_planning_and_rationalization_0,Suicidal Planning & Rationalization,Instrumental suicidal reasoning,landmark,15,0.0,0.0,0.0,0.0,38.84375,38.84375,1.0,27760.873046875
suicidal_planning_and_rationalization_0,Suicidal Planning & Rationalization,Instrumental suicidal reasoning,landmark,22,0.0,0.0,0.0,0.0,18.4375,18.4375,1.0,32897.35546875
suicidal_planning_and_rationalization_0,Suicidal Planning & Rationalization,Instrumental suicidal reasoning,landmark,27,0.06283185307179587,3.141592653589793,0.19344424626135137,3.141592653589793,18.875,36.99940490722656,0.5101433400706782,39391.45703125
suicidal_planning_and_rationalization_0,Suicidal Planning & Rationalization,Instrumental suicidal reasoning,landmark,29,0.0,0.0,0.0,0.0,11.250000953674316,11.250000953674316,1.0,44304.06640625
suicidal_planning_and_rationalization_0,Suicidal Planning & Rationalization,Instrumental suicidal reasoning,landmark,1,0.06283185307179587,3.141592653589793,0.19344424626135137,3.141592653589793,0.21875,4.749639511108398,0.04605612688887024,898.1008911132812
suicidal_planning_and_rationalization_0,Suicidal Planning & Rationalization,Instrumental suicidal reasoning,landmark,5,0.06283185307179587,3.141592653589793,0.19344424626135137,3.141592653589793,7.125,22.799274444580078,0.3125099448808898,2772.895751953125
suicidal_planning_and_rationalization_0,Suicidal Planning & Rationalization,Instrumental suicidal reasoning,landmark,7,0.06283185307179587,3.141592653589793,0.19344424626135137,3.141592653589793,7.875,15.956165313720703,0.4935396346908169,3883.685791015625
suicidal_planning_and_rationalization_0,Suicidal Planning & Rationalization,Instrumental suicidal reasoning,landmark,11,0.06283185307179587,3.141592653589793,0.19344424626135137,3.141592653589793,1.53125,3.061746120452881,0.5001231126810423,19484.599609375
suicidal_planning_and_rationalization_0,Suicidal Planning & Rationalization,Instrumental suicidal reasoning,landmark,15,0.0,0.0,0.0,0.0,38.84375,38.84375,1.0,27760.873046875
suicidal_planning_and_rationalization_0,Suicidal Planning & Rationalization,Instrumental suicidal reasoning,landmark,22,0.0,0.0,0.0,0.0,18.4375,18.4375,1.0,32897.35546875
suicidal_planning_and_rationalization_0,Suicidal Planning & Rationalization,Instrumental suicidal reasoning,landmark,27,0.06283185307179587,3.141592653589793,0.19344424626135137,3.141592653589793,18.875,36.99940490722656,0.5101433400706782,39391.45703125
suicidal_planning_and_rationalization_0,Suicidal Planning & Rationalization,Instrumental suicidal reasoning,landmark,29,0.0,0.0,0.0,0.0,11.250000953674316,11.250000953674316,1.0,44304.06640625
suicidal_planning_and_rationalization_0,Suicidal Planning & Rationalization,Instrumental suicidal reasoning,landmark,1,0.06283185307179587,3.141592653589793,0.19344424626135137,3.141592653589793,0.21875,4.749639511108398,0.04605612688887024,898.1008911132812
suicidal_planning_and_rationalization_0,Suicidal Planning & Rationalization,Instrumental suicidal reasoning,landmark,5,0.06283185307179587,3.141592653589793,0.19344424626135137,3.141592653589793,7.125,22.799274444580078,0.3125099448808898,2772.895751953125
suicidal_planning_and_rationalization_0,Suicidal Planning & Rationalization,Instrumental suicidal reasoning,landmark,7,0.06283185307179587,3.141592653589793,0.19344424626135137,3.141592653589793,7.875,15.956165313720703,0.4935396346908169,3883.685791015625
suicidal_planning_and_rationalization_0,Suicidal Planning & Rationalization,Instrumental suicidal reasoning,landmark,11,0.06283185307179587,3.141592653589793,0.19344424626135137,3.141592653589793,1.53125,3.061746120452881,0.5001231126810423,19484.599609375
suicidal_planning_and_rationalization_0,Suicidal Planning & Rationalization,Instrumental suicidal reasoning,landmark,15,0.0,0.0,0.0,0.0,38.84375,38.84375,1.0,27760.873046875
suicidal_planning_and_rationalization_0,Suicidal Planning & Rationalization,Instrumental suicidal reasoning,landmark,22,0.0,0.0,0.0,0.0,18.4375,18.4375,1.0,32897.35546875
suicidal_planning_and_rationalization_0,Suicidal Planning & Rationalization,Instrumental suicidal reasoning,landmark,27,0.06283185307179587,3.141592653589793,0.19344424626135137,3.141592653589793,18.875,36.99940490722656,0.5101433400706782,39391.45703125
suicidal_planning_and_rationalization_0,Suicidal Planning & Rationalization,Instrumental suicidal reasoning,landmark,29,0.0,0.0,0.0,0.0,11.250000953674316,11.250000953674316,1.0,44304.06640625
suicidal_planning_and_rationalization_0,Suicidal Planning & Rationalization,Instrumental suicidal reasoning,landmark,1,0.06283185307179587,3.141592653589793,0.19344424626135137,3.141592653589793,0.21875,4.749639511108398,0.04605612688887024,898.1008911132812
suicidal_planning_and_rationalization_0,Suicidal Planning & Rationalization,Instrumental suicidal reasoning,landmark,5,0.06283185307179587,3.141592653589793,0.19344424626135137,3.141592653589793,7.125,22.799274444580078,0.3125099448808898,2772.895751953125
suicidal_planning_and_rationalization_0,Suicidal Planning & Rationalization,Instrumental suicidal reasoning,landmark,7,0.06283185307179587,3.141592653589793,0.19344424626135137,3.141592653589793,7.875,15.956165313720703,0.4935396346908169,3883.685791015625
suicidal_planning_and_rationalization_0,Suicidal Planning & Rationalization,Instrumental suicidal reasoning,landmark,11,0.06283185307179587,3.141592653589793,0.19344424626135137,3.141592653589793,1.53125,3.061746120452881,0.5001231126810423,19484.599609375
suicidal_planning_and_rationalization_0,Suicidal Planning & Rationalization,Instrumental suicidal reasoning,landmark,15,0.0,0.0,0.0,0.0,38.84375,38.84375,1.0,27760.873046875
suicidal_planning_and_rationalization_0,Suicidal Planning & Rationalization,Instrumental suicidal reasoning,landmark,22,0.0,0.0,0.0,0.0,18.4375,18.4375,1.0,32897.35546875
suicidal_planning_and_rationalization_0,Suicidal Planning & Rationalization,Instrumental suicidal reasoning,landmark,27,0.06283185307179587,3.141592653589793,0.19344424626135137,3.141592653589793,18.875,36.99940490722656,0.5101433400706782,39391.45703125
suicidal_planning_and_rationalization_0,Suicidal Planning & Rationalization,Instrumental suicidal reasoning,landmark,29,0.0,0.0,0.0,0.0,11.250000953674316,11.250000953674316,1.0,44304.06640625
suicidal_planning_and_rationalization_0,Suicidal Planning & Rationalization,Instrumental suicidal reasoning,landmark,1,0.06283185307179587,3.141592653589793,0.19344424626135137,3.141592653589793,0.21875,4.749639511108398,0.04605612688887024,898.1008911132812
suicidal_planning_and_rationalization_0,Suicidal Planning & Rationalization,Instrumental suicidal reasoning,landmark,5,0.06283185307179587,3.141592653589793,0.19344424626135137,3.141592653589793,7.125,22.799274444580078,0.3125099448808898,2772.895751953125
suicidal_planning_and_rationalization_0,Suicidal Planning & Rationalization,Instrumental suicidal reasoning,landmark,7,0.06283185307179587,3.141592653589793,0.19344424626135137,3.141592653589793,7.875,15.956165313720703,0.4935396346908169,3883.685791015625
suicidal_planning_and_rationalization_0,Suicidal Planning & Rationalization,Instrumental suicidal reasoning,landmark,11,0.06283185307179587,3.141592653589793,0.19344424626135137,3.141592653589793,1.53125,3.061746120452881,0.5001231126810423,19484.599609375
suicidal_planning_and_rationalization_0,Suicidal Planning & Rationalization,Instrumental suicidal reasoning,landmark,15,0.0,0.0,0.0,0.0,38.84375,38.84375,1.0,27760.873046875
suicidal_planning_and_rationalization_0,Suicidal Planning & Rationalization,Instrumental suicidal reasoning,landmark,22,0.0,0.0,0.0,0.0,18.4375,18.4375,1.0,32897.35546875
suicidal_planning_and_rationalization_0,Suicidal Planning & Rationalization,Instrumental suicidal reasoning,landmark,27,0.06283185307179587,3.141592653589793,0.19344424626135137,3.141592653589793,18.875,36.99940490722656,0.5101433400706782,39391.45703125
suicidal_planning_and_rationalization_0,Suicidal Planning & Rationalization,Instrumental suicidal reasoning,landmark,29,0.0,0.0,0.0,0.0,11.250000953674316,11.250000953674316,1.0,44304.06640625
suicidal_planning_and_rationalization_0,Suicidal Planning & Rationalization,Instrumental suicidal reasoning,landmark,1,0.06283185307179587,3.141592653589793,0.19344424626135137,3.141592653589793,0.21875,4.749639511108398,0.04605612688887024,898.1008911132812
suicidal_planning_and_rationalization_0,Suicidal Planning & Rationalization,Instrumental suicidal reasoning,landmark,5,0.06283185307179587,3.141592653589793,0.19344424626135137,3.141592653589793,7.125,22.799274444580078,0.3125099448808898,2772.895751953125
suicidal_planning_and_rationalization_0,Suicidal Planning & Rationalization,Instrumental suicidal reasoning,landmark,7,0.06283185307179587,3.141592653589793,0.19344424626135137,3.141592653589793,7.875,15.956165313720703,0.4935396346908169,3883.685791015625
suicidal_planning_and_rationalization_0,Suicidal Planning & Rationalization,Instrumental suicidal reasoning,landmark,11,0.06283185307179587,3.141592653589793,0.19344424626135137,3.141592653589793,1.53125,3.061746120452881,0.5001231126810423,19484.599609375
suicidal_planning_and_rationalization_0,Suicidal Planning & Rationalization,Instrumental suicidal reasoning,landmark,15,0.0,0.0,0.0,0.0,38.84375,38.84375,1.0,27760.873046875
suicidal_planning_and_rationalization_0,Suicidal Planning & Rationalization,Instrumental suicidal reasoning,landmark,22,0.0,0.0,0.0,0.0,18.4375,18.4375,1.0,32897.35546875
suicidal_planning_and_rationalization_0,Suicidal Planning & Rationalization,Instrumental suicidal reasoning,landmark,27,0.06283185307179587,3.141592653589793,0.19344424626135137,3.141592653589793,18.875,36.99940490722656,0.5101433400706782,39391.45703125
suicidal_planning_and_rationalization_0,Suicidal Planning & Rationalization,Instrumental suicidal reasoning,landmark,29,0.0,0.0,0.0,0.0,11.250000953674316,11.250000953674316,1.0,44304.06640625
suicidal_planning_and_rationalization_0,Suicidal Planning & Rationalization,Instrumental suicidal reasoning,landmark,1,0.06283185307179587,3.141592653589793,0.19344424626135137,3.141592653589793,0.21875,4.749639511108398,0.04605612688887024,898.1008911132812
suicidal_planning_and_rationalization_0,Suicidal Planning & Rationalization,Instrumental suicidal reasoning,landmark,5,0.06283185307179587,3.141592653589793,0.19344424626135137,3.141592653589793,7.125,22.799274444580078,0.3125099448808898,2772.895751953125
suicidal_planning_and_rationalization_0,Suicidal Planning & Rationalization,Instrumental suicidal reasoning,landmark,7,0.06283185307179587,3.141592653589793,0.19344424626135137,3.141592653589793,7.875,15.956165313720703,0.4935396346908169,3883.685791015625
suicidal_planning_and_rationalization_0,Suicidal Planning & Rationalization,Instrumental suicidal reasoning,landmark,11,0.06283185307179587,3.141592653589793,0.19344424626135137,3.141592653589793,1.53125,3.061746120452881,0.5001231126810423,19484.599609375
suicidal_planning_and_rationalization_0,Suicidal Planning & Rationalization,Instrumental suicidal reasoning,landmark,15,0.0,0.0,0.0,0.0,38.84375,38.84375,1.0,27760.873046875
suicidal_planning_and_rationalization_0,Suicidal Planning & Rationalization,Instrumental suicidal reasoning,landmark,22,0.0,0.0,0.0,0.0,18.4375,18.4375,1.0,32897.35546875
suicidal_planning_and_rationalization_0,Suicidal Planning & Rationalization,Instrumental suicidal reasoning,landmark,27,0.06283185307179587,3.141592653589793,0.19344424626135137,3.141592653589793,18.875,36.99940490722656,0.5101433400706782,39391.45703125
suicidal_planning_and_rationalization_0,Suicidal Planning & Rationalization,Instrumental suicidal reasoning,landmark,29,0.0,0.0,0.0,0.0,11.250000953674316,11.250000953674316,1.0,44304.06640625
suicidal_planning_and_rationalization_0,Suicidal Planning & Rationalization,Instrumental suicidal reasoning,landmark,1,0.06283185307179587,3.141592653589793,0.19344424626135137,3.141592653589793,0.21875,4.749639511108398,0.04605612688887024,898.1008911132812
suicidal_planning_and_rationalization_0,Suicidal Planning & Rationalization,Instrumental suicidal reasoning,landmark,5,0.06283185307179587,3.141592653589793,0.19344424626135137,3.141592653589793,7.125,22.799274444580078,0.3125099448808898,2772.895751953125
suicidal_planning_and_rationalization_0,Suicidal Planning & Rationalization,Instrumental suicidal reasoning,landmark,7,0.06283185307179587,3.141592653589793,0.19344424626135137,3.141592653589793,7.875,15.956165313720703,0.4935396346908169,3883.685791015625
suicidal_planning_and_rationalization_0,Suicidal Planning & Rationalization,Instrumental suicidal reasoning,landmark,11,0.06283185307179587,3.141592653589793,0.19344424626135137,3.141592653589793,1.53125,3.061746120452881,0.5001231126810423,19484.599609375
suicidal_planning_and_rationalization_0,Suicidal Planning & Rationalization,Instrumental suicidal reasoning,landmark,15,0.0,0.0,0.0,0.0,38.84375,38.84375,1.0,27760.873046875
suicidal_planning_and_rationalization_0,Suicidal Planning & Rationalization,Instrumental suicidal reasoning,landmark,22,0.0,0.0,0.0,0.0,18.4375,18.4375,1.0,32897.35546875
suicidal_planning_and_rationalization_0,Suicidal Planning & Rationalization,Instrumental suicidal reasoning,landmark,27,0.06283185307179587,3.141592653589793,0.19344424626135137,3.141592653589793,18.875,36.99940490722656,0.5101433400706782,39391.45703125
suicidal_planning_and_rationalization_0,Suicidal Planning & Rationalization,Instrumental suicidal reasoning,landmark,29,0.0,0.0,0.0,0.0,11.250000953674316,11.250000953674316,1.0,44304.06640625
suicidal_planning_and_rationalization_0,Suicidal Planning & Rationalization,Instrumental suicidal reasoning,landmark,1,0.06283185307179587,3.141592653589793,0.19344424626135137,3.141592653589793,0.21875,4.749639511108398,0.04605612688887024,898.1008911132812
suicidal_planning_and_rationalization_0,Suicidal Planning & Rationalization,Instrumental suicidal reasoning,landmark,5,0.06283185307179587,3.141592653589793,0.19344424626135137,3.141592653589793,7.125,22.799274444580078,0.3125099448808898,2772.895751953125
suicidal_planning_and_rationalization_0,Suicidal Planning & Rationalization,Instrumental suicidal reasoning,landmark,7,0.06283185307179587,3.141592653589793,0.19344424626135137,3.141592653589793,7.875,15.956165313720703,0.4935396346908169,3883.685791015625
suicidal_planning_and_rationalization_0,Suicidal Planning & Rationalization,Instrumental suicidal reasoning,landmark,11,0.06283185307179587,3.141592653589793,0.19344424626135137,3.141592653589793,1.53125,3.061746120452881,0.5001231126810423,19484.599609375
suicidal_planning_and_rationalization_0,Suicidal Planning & Rationalization,Instrumental suicidal reasoning,landmark,15,0.0,0.0,0.0,0.0,38.84375,38.84375,1.0,27760.873046875
suicidal_planning_and_rationalization_0,Suicidal Planning & Rationalization,Instrumental suicidal reasoning,landmark,22,0.0,0.0,0.0,0.0,18.4375,18.4375,1.0,32897.35546875
suicidal_planning_and_rationalization_0,Suicidal Planning & Rationalization,Instrumental suicidal reasoning,landmark,27,0.06283185307179587,3.141592653589793,0.19344424626135137,3.141592653589793,18.875,36.99940490722656,0.5101433400706782,39391.45703125
suicidal_planning_and_rationalization_0,Suicidal Planning & Rationalization,Instrumental suicidal reasoning,landmark,29,0.0,0.0,0.0,0.0,11.250000953674316,11.250000953674316,1.0,44304.06640625
suicidal_planning_and_rationalization_0,Suicidal Planning & Rationalization,Instrumental suicidal reasoning,landmark,1,0.06283185307179587,3.141592653589793,0.19344424626135137,3.141592653589793,0.21875,4.749639511108398,0.04605612688887024,898.1008911132812
suicidal_planning_and_rationalization_0,Suicidal Planning & Rationalization,Instrumental suicidal reasoning,landmark,5,0.06283185307179587,3.141592653589793,0.19344424626135137,3.141592653589793,7.125,22.799274444580078,0.3125099448808898,2772.895751953125
suicidal_planning_and_rationalization_0,Suicidal Planning & Rationalization,Instrumental suicidal reasoning,landmark,7,0.06283185307179587,3.141592653589793,0.19344424626135137,3.141592653589793,7.875,15.956165313720703,0.4935396346908169,3883.685791015625
suicidal_planning_and_rationalization_0,Suicidal Planning & Rationalization,Instrumental suicidal reasoning,landmark,11,0.06283185307179587,3.141592653589793,0.19344424626135137,3.141592653589793,1.53125,3.061746120452881,0.5001231126810423,19484.599609375
suicidal_planning_and_rationalization_0,Suicidal Planning & Rationalization,Instrumental suicidal reasoning,landmark,15,0.0,0.0,0.0,0.0,38.84375,38.84375,1.0,27760.873046875
suicidal_planning_and_rationalization_0,Suicidal Planning & Rationalization,Instrumental suicidal reasoning,landmark,22,0.0,0.0,0.0,0.0,18.4375,18.4375,1.0,32897.35546875
suicidal_planning_and_rationalization_0,Suicidal Planning & Rationalization,Instrumental suicidal reasoning,landmark,27,0.06283185307179587,3.141592653589793,0.19344424626135137,3.141592653589793,18.875,36.99940490722656,0.5101433400706782,39391.45703125
suicidal_planning_and_rationalization_0,Suicidal Planning & Rationalization,Instrumental suicidal reasoning,landmark,29,0.0,0.0,0.0,0.0,11.250000953674316,11.250000953674316,1.0,44304.06640625
suicidal_planning_and_rationalization_0,Suicidal Planning & Rationalization,Instrumental suicidal reasoning,landmark,1,0.06283185307179587,3.141592653589793,0.19344424626135137,3.141592653589793,0.21875,4.749639511108398,0.04605612688887024,898.1008911132812
suicidal_planning_and_rationalization_0,Suicidal Planning & Rationalization,Instrumental suicidal reasoning,landmark,5,0.06283185307179587,3.141592653589793,0.19344424626135137,3.141592653589793,7.125,22.799274444580078,0.3125099448808898,2772.895751953125
suicidal_planning_and_rationalization_0,Suicidal Planning & Rationalization,Instrumental suicidal reasoning,landmark,7,0.06283185307179587,3.141592653589793,0.19344424626135137,3.141592653589793,7.875,15.956165313720703,0.4935396346908169,3883.685791015625
suicidal_planning_and_rationalization_0,Suicidal Planning & Rationalization,Instrumental suicidal reasoning,landmark,11,0.06283185307179587,3.141592653589793,0.19344424626135137,3.141592653589793,1.53125,3.061746120452881,0.5001231126810423,19484.599609375
suicidal_planning_and_rationalization_0,Suicidal Planning & Rationalization,Instrumental suicidal reasoning,landmark,15,0.0,0.0,0.0,0.0,38.84375,38.84375,1.0,27760.873046875
suicidal_planning_and_rationalization_0,Suicidal Planning & Rationalization,Instrumental suicidal reasoning,landmark,22,0.0,0.0,0.0,0.0,18.4375,18.4375,1.0,32897.35546875
suicidal_planning_and_rationalization_0,Suicidal Planning & Rationalization,Instrumental suicidal reasoning,landmark,27,0.06283185307179587,3.141592653589793,0.19344424626135137,3.141592653589793,18.875,36.99940490722656,0.5101433400706782,39391.45703125
suicidal_planning_and_rationalization_0,Suicidal Planning & Rationalization,Instrumental suicidal reasoning,landmark,29,0.0,0.0,0.0,0.0,11.250000953674316,11.250000953674316,1.0,44304.06640625
suicidal_planning_and_rationalization_0,Suicidal Planning & Rationalization,Instrumental suicidal reasoning,landmark,1,0.06283185307179587,3.141592653589793,0.19344424626135137,3.141592653589793,0.21875,4.749639511108398,0.04605612688887024,898.1008911132812
suicidal_planning_and_rationalization_0,Suicidal Planning & Rationalization,Instrumental suicidal reasoning,landmark,5,0.06283185307179587,3.141592653589793,0.19344424626135137,3.141592653589793,7.125,22.799274444580078,0.3125099448808898,2772.895751953125
suicidal_planning_and_rationalization_0,Suicidal Planning & Rationalization,Instrumental suicidal reasoning,landmark,7,0.06283185307179587,3.141592653589793,0.19344424626135137,3.141592653589793,7.875,15.956165313720703,0.4935396346908169,3883.685791015625
suicidal_planning_and_rationalization_0,Suicidal Planning & Rationalization,Instrumental suicidal reasoning,landmark,11,0.06283185307179587,3.141592653589793,0.19344424626135137,3.141592653589793,1.53125,3.061746120452881,0.5001231126810423,19484.599609375
suicidal_planning_and_rationalization_0,Suicidal Planning & Rationalization,Instrumental suicidal reasoning,landmark,15,0.0,0.0,0.0,0.0,38.84375,38.84375,1.0,27760.873046875
suicidal_planning_and_rationalization_0,Suicidal Planning & Rationalization,Instrumental suicidal reasoning,landmark,22,0.0,0.0,0.0,0.0,18.4375,18.4375,1.0,32897.35546875
suicidal_planning_and_rationalization_0,Suicidal Planning & Rationalization,Instrumental suicidal reasoning,landmark,27,0.06283185307179587,3.141592653589793,0.19344424626135137,3.141592653589793,18.875,36.99940490722656,0.5101433400706782,39391.45703125
suicidal_planning_and_rationalization_0,Suicidal Planning & Rationalization,Instrumental suicidal reasoning,landmark,29,0.0,0.0,0.0,0.0,11.250000953674316,11.250000953674316,1.0,44304.06640625
suicidal_planning_and_rationalization_0,Suicidal Planning & Rationalization,Instrumental suicidal reasoning,landmark,1,0.06283185307179587,3.141592653589793,0.19344424626135137,3.141592653589793,0.21875,4.749639511108398,0.04605612688887024,898.1008911132812
suicidal_planning_and_rationalization_0,Suicidal Planning & Rationalization,Instrumental suicidal reasoning,landmark,5,0.06283185307179587,3.141592653589793,0.19344424626135137,3.141592653589793,7.125,22.799274444580078,0.3125099448808898,2772.895751953125
suicidal_planning_and_rationalization_0,Suicidal Planning & Rationalization,Instrumental suicidal reasoning,landmark,7,0.06283185307179587,3.141592653589793,0.19344424626135137,3.141592653589793,7.875,15.956165313720703,0.4935396346908169,3883.685791015625
suicidal_planning_and_rationalization_0,Suicidal Planning & Rationalization,Instrumental suicidal reasoning,landmark,11,0.06283185307179587,3.141592653589793,0.19344424626135137,3.141592653589793,1.53125,3.061746120452881,0.5001231126810423,19484.599609375
suicidal_planning_and_rationalization_0,Suicidal Planning & Rationalization,Instrumental suicidal reasoning,landmark,15,0.0,0.0,0.0,0.0,38.84375,38.84375,1.0,27760.873046875
suicidal_planning_and_rationalization_0,Suicidal Planning & Rationalization,Instrumental suicidal reasoning,landmark,22,0.0,0.0,0.0,0.0,18.4375,18.4375,1.0,32897.35546875
suicidal_planning_and_rationalization_0,Suicidal Planning & Rationalization,Instrumental suicidal reasoning,landmark,27,0.06283185307179587,3.141592653589793,0.19344424626135137,3.141592653589793,18.875,36.99940490722656,0.5101433400706782,39391.45703125
suicidal_planning_and_rationalization_0,Suicidal Planning & Rationalization,Instrumental suicidal reasoning,landmark,29,0.0,0.0,0.0,0.0,11.250000953674316,11.250000953674316,1.0,44304.06640625
suicidal_planning_and_rationalization_0,Suicidal Planning & Rationalization,Instrumental suicidal reasoning,landmark,1,0.06283185307179587,3.141592653589793,0.19344424626135137,3.141592653589793,0.21875,4.749639511108398,0.04605612688887024,898.1008911132812
suicidal_planning_and_rationalization_0,Suicidal Planning & Rationalization,Instrumental suicidal reasoning,landmark,5,0.06283185307179587,3.141592653589793,0.19344424626135137,3.141592653589793,7.125,22.799274444580078,0.3125099448808898,2772.895751953125
suicidal_planning_and_rationalization_0,Suicidal Planning & Rationalization,Instrumental suicidal reasoning,landmark,7,0.06283185307179587,3.141592653589793,0.19344424626135137,3.141592653589793,7.875,15.956165313720703,0.4935396346908169,3883.685791015625
suicidal_planning_and_rationalization_0,Suicidal Planning & Rationalization,Instrumental suicidal reasoning,landmark,11,0.06283185307179587,3.141592653589793,0.19344424626135137,3.141592653589793,1.53125,3.061746120452881,0.5001231126810423,19484.599609375
suicidal_planning_and_rationalization_0,Suicidal Planning & Rationalization,Instrumental suicidal reasoning,landmark,15,0.0,0.0,0.0,0.0,38.84375,38.84375,1.0,27760.873046875
suicidal_planning_and_rationalization_0,Suicidal Planning & Rationalization,Instrumental suicidal reasoning,landmark,22,0.0,0.0,0.0,0.0,18.4375,18.4375,1.0,32897.35546875
suicidal_planning_and_rationalization_0,Suicidal Planning & Rationalization,Instrumental suicidal reasoning,landmark,27,0.06283185307179587,3.141592653589793,0.19344424626135137,3.141592653589793,18.875,36.99940490722656,0.5101433400706782,39391.45703125
suicidal_planning_and_rationalization_0,Suicidal Planning & Rationalization,Instrumental suicidal reasoning,landmark,29,0.0,0.0,0.0,0.0,11.250000953674316,11.250000953674316,1.0,44304.06640625
suicidal_planning_and_rationalization_0,Suicidal Planning & Rationalization,Instrumental suicidal reasoning,landmark,1,0.06283185307179587,3.141592653589793,0.19344424626135137,3.141592653589793,0.21875,4.749639511108398,0.04605612688887024,898.1008911132812
suicidal_planning_and_rationalization_0,Suicidal Planning & Rationalization,Instrumental suicidal reasoning,landmark,5,0.06283185307179587,3.141592653589793,0.19344424626135137,3.141592653589793,7.125,22.799274444580078,0.3125099448808898,2772.895751953125
suicidal_planning_and_rationalization_0,Suicidal Planning & Rationalization,Instrumental suicidal reasoning,landmark,7,0.06283185307179587,3.141592653589793,0.19344424626135137,3.141592653589793,7.875,15.956165313720703,0.4935396346908169,3883.685791015625
suicidal_planning_and_rationalization_0,Suicidal Planning & Rationalization,Instrumental suicidal reasoning,landmark,11,0.06283185307179587,3.141592653589793,0.19344424626135137,3.141592653589793,1.53125,3.061746120452881,0.5001231126810423,19484.599609375
suicidal_planning_and_rationalization_0,Suicidal Planning & Rationalization,Instrumental suicidal reasoning,landmark,15,0.0,0.0,0.0,0.0,38.84375,38.84375,1.0,27760.873046875
suicidal_planning_and_rationalization_0,Suicidal Planning & Rationalization,Instrumental suicidal reasoning,landmark,22,0.0,0.0,0.0,0.0,18.4375,18.4375,1.0,32897.35546875
suicidal_planning_and_rationalization_0,Suicidal Planning & Rationalization,Instrumental suicidal reasoning,landmark,27,0.06283185307179587,3.141592653589793,0.19344424626135137,3.141592653589793,18.875,36.99940490722656,0.5101433400706782,39391.45703125
suicidal_planning_and_rationalization_0,Suicidal Planning & Rationalization,Instrumental suicidal reasoning,landmark,29,0.0,0.0,0.0,0.0,11.250000953674316,11.250000953674316,1.0,44304.06640625
suicidal_planning_and_rationalization_0,Suicidal Planning & Rationalization,Instrumental suicidal reasoning,landmark,1,0.06283185307179587,3.141592653589793,0.19344424626135137,3.141592653589793,0.21875,4.749639511108398,0.04605612688887024,898.1008911132812
suicidal_planning_and_rationalization_0,Suicidal Planning & Rationalization,Instrumental suicidal reasoning,landmark,5,0.06283185307179587,3.141592653589793,0.19344424626135137,3.141592653589793,7.125,22.799274444580078,0.3125099448808898,2772.895751953125
suicidal_planning_and_rationalization_0,Suicidal Planning & Rationalization,Instrumental suicidal reasoning,landmark,7,0.06283185307179587,3.141592653589793,0.19344424626135137,3.141592653589793,7.875,15.956165313720703,0.4935396346908169,3883.685791015625
suicidal_planning_and_rationalization_0,Suicidal Planning & Rationalization,Instrumental suicidal reasoning,landmark,11,0.06283185307179587,3.141592653589793,0.19344424626135137,3.141592653589793,1.53125,3.061746120452881,0.5001231126810423,19484.599609375
suicidal_planning_and_rationalization_0,Suicidal Planning & Rationalization,Instrumental suicidal reasoning,landmark,15,0.0,0.0,0.0,0.0,38.84375,38.84375,1.0,27760.873046875
suicidal_planning_and_rationalization_0,Suicidal Planning & Rationalization,Instrumental suicidal reasoning,landmark,22,0.0,0.0,0.0,0.0,18.4375,18.4375,1.0,32897.35546875
suicidal_planning_and_rationalization_0,Suicidal Planning & Rationalization,Instrumental suicidal reasoning,landmark,27,0.06283185307179587,3.141592653589793,0.19344424626135137,3.141592653589793,18.875,36.99940490722656,0.5101433400706782,39391.45703125
suicidal_planning_and_rationalization_0,Suicidal Planning & Rationalization,Instrumental suicidal reasoning,landmark,29,0.0,0.0,0.0,0.0,11.250000953674316,11.250000953674316,1.0,44304.06640625
suicidal_planning_and_rationalization_0,Suicidal Planning & Rationalization,Instrumental suicidal reasoning,landmark,1,0.06283185307179587,3.141592653589793,0.19344424626135137,3.141592653589793,0.21875,4.749639511108398,0.04605612688887024,898.1008911132812
suicidal_planning_and_rationalization_0,Suicidal Planning & Rationalization,Instrumental suicidal reasoning,landmark,5,0.06283185307179587,3.141592653589793,0.19344424626135137,3.141592653589793,7.125,22.799274444580078,0.3125099448808898,2772.895751953125
suicidal_planning_and_rationalization_0,Suicidal Planning & Rationalization,Instrumental suicidal reasoning,landmark,7,0.06283185307179587,3.141592653589793,0.19344424626135137,3.141592653589793,7.875,15.956165313720703,0.4935396346908169,3883.685791015625
suicidal_planning_and_rationalization_0,Suicidal Planning & Rationalization,Instrumental suicidal reasoning,landmark,11,0.06283185307179587,3.141592653589793,0.19344424626135137,3.141592653589793,1.53125,3.061746120452881,0.5001231126810423,19484.599609375
suicidal_planning_and_rationalization_0,Suicidal Planning & Rationalization,Instrumental suicidal reasoning,landmark,15,0.0,0.0,0.0,0.0,38.84375,38.84375,1.0,27760.873046875
suicidal_planning_and_rationalization_0,Suicidal Planning & Rationalization,Instrumental suicidal reasoning,landmark,22,0.0,0.0,0.0,0.0,18.4375,18.4375,1.0,32897.35546875
suicidal_planning_and_rationalization_0,Suicidal Planning & Rationalization,Instrumental suicidal reasoning,landmark,27,0.06283185307179587,3.141592653589793,0.19344424626135137,3.141592653589793,18.875,36.99940490722656,0.5101433400706782,39391.45703125
suicidal_planning_and_rationalization_0,Suicidal Planning & Rationalization,Instrumental suicidal reasoning,landmark,29,0.0,0.0,0.0,0.0,11.250000953674316,11.250000953674316,1.0,44304.06640625
suicidal_planning_and_rationalization_0,Suicidal Planning & Rationalization,Instrumental suicidal reasoning,landmark,1,0.06283185307179587,3.141592653589793,0.19344424626135137,3.141592653589793,0.21875,4.749639511108398,0.04605612688887024,898.1008911132812
suicidal_planning_and_rationalization_0,Suicidal Planning & Rationalization,Instrumental suicidal reasoning,landmark,5,0.06283185307179587,3.141592653589793,0.19344424626135137,3.141592653589793,7.125,22.799274444580078,0.3125099448808898,2772.895751953125
suicidal_planning_and_rationalization_0,Suicidal Planning & Rationalization,Instrumental suicidal reasoning,landmark,7,0.06283185307179587,3.141592653589793,0.19344424626135137,3.141592653589793,7.875,15.956165313720703,0.4935396346908169,3883.685791015625
suicidal_planning_and_rationalization_0,Suicidal Planning & Rationalization,Instrumental suicidal reasoning,landmark,11,0.06283185307179587,3.141592653589793,0.19344424626135137,3.141592653589793,1.53125,3.061746120452881,0.5001231126810423,19484.599609375
suicidal_planning_and_rationalization_0,Suicidal Planning & Rationalization,Instrumental suicidal reasoning,landmark,15,0.0,0.0,0.0,0.0,38.84375,38.84375,1.0,27760.873046875
suicidal_planning_and_rationalization_0,Suicidal Planning & Rationalization,Instrumental suicidal reasoning,landmark,22,0.0,0.0,0.0,0.0,18.4375,18.4375,1.0,32897.35546875
suicidal_planning_and_rationalization_0,Suicidal Planning & Rationalization,Instrumental suicidal reasoning,landmark,27,0.06283185307179587,3.141592653589793,0.19344424626135137,3.141592653589793,18.875,36.99940490722656,0.5101433400706782,39391.45703125
suicidal_planning_and_rationalization_0,Suicidal Planning & Rationalization,Instrumental suicidal reasoning,landmark,29,0.0,0.0,0.0,0.0,11.250000953674316,11.250000953674316,1.0,44304.06640625
suicidal_planning_and_rationalization_0,Suicidal Planning & Rationalization,Instrumental suicidal reasoning,landmark,1,0.06283185307179587,3.141592653589793,0.19344424626135137,3.141592653589793,0.21875,4.749639511108398,0.04605612688887024,898.1008911132812
suicidal_planning_and_rationalization_0,Suicidal Planning & Rationalization,Instrumental suicidal reasoning,landmark,5,0.06283185307179587,3.141592653589793,0.19344424626135137,3.141592653589793,7.125,22.799274444580078,0.3125099448808898,2772.895751953125
suicidal_planning_and_rationalization_0,Suicidal Planning & Rationalization,Instrumental suicidal reasoning,landmark,7,0.06283185307179587,3.141592653589793,0.19344424626135137,3.141592653589793,7.875,15.956165313720703,0.4935396346908169,3883.685791015625
suicidal_planning_and_rationalization_0,Suicidal Planning & Rationalization,Instrumental suicidal reasoning,landmark,11,0.06283185307179587,3.141592653589793,0.19344424626135137,3.141592653589793,1.53125,3.061746120452881,0.5001231126810423,19484.599609375
suicidal_planning_and_rationalization_0,Suicidal Planning & Rationalization,Instrumental suicidal reasoning,landmark,15,0.0,0.0,0.0,0.0,38.84375,38.84375,1.0,27760.873046875
suicidal_planning_and_rationalization_0,Suicidal Planning & Rationalization,Instrumental suicidal reasoning,landmark,22,0.0,0.0,0.0,0.0,18.4375,18.4375,1.0,32897.35546875
suicidal_planning_and_rationalization_0,Suicidal Planning & Rationalization,Instrumental suicidal reasoning,landmark,27,0.06283185307179587,3.141592653589793,0.19344424626135137,3.141592653589793,18.875,36.99940490722656,0.5101433400706782,39391.45703125
suicidal_planning_and_rationalization_0,Suicidal Planning & Rationalization,Instrumental suicidal reasoning,landmark,29,0.0,0.0,0.0,0.0,11.250000953674316,11.250000953674316,1.0,44304.06640625
suicidal_planning_and_rationalization_0,Suicidal Planning & Rationalization,Instrumental suicidal reasoning,landmark,1,0.06283185307179587,3.141592653589793,0.19344424626135137,3.141592653589793,0.21875,4.749639511108398,0.04605612688887024,898.1008911132812
suicidal_planning_and_rationalization_0,Suicidal Planning & Rationalization,Instrumental suicidal reasoning,landmark,5,0.06283185307179587,3.141592653589793,0.19344424626135137,3.141592653589793,7.125,22.799274444580078,0.3125099448808898,2772.895751953125
suicidal_planning_and_rationalization_0,Suicidal Planning & Rationalization,Instrumental suicidal reasoning,landmark,7,0.06283185307179587,3.141592653589793,0.19344424626135137,3.141592653589793,7.875,15.956165313720703,0.4935396346908169,3883.685791015625
suicidal_planning_and_rationalization_0,Suicidal Planning & Rationalization,Instrumental suicidal reasoning,landmark,11,0.06283185307179587,3.141592653589793,0.19344424626135137,3.141592653589793,1.53125,3.061746120452881,0.5001231126810423,19484.599609375
suicidal_planning_and_rationalization_0,Suicidal Planning & Rationalization,Instrumental suicidal reasoning,landmark,15,0.0,0.0,0.0,0.0,38.84375,38.84375,1.0,27760.873046875
suicidal_planning_and_rationalization_0,Suicidal Planning & Rationalization,Instrumental suicidal reasoning,landmark,22,0.0,0.0,0.0,0.0,18.4375,18.4375,1.0,32897.35546875
suicidal_planning_and_rationalization_0,Suicidal Planning & Rationalization,Instrumental suicidal reasoning,landmark,27,0.06283185307179587,3.141592653589793,0.19344424626135137,3.141592653589793,18.875,36.99940490722656,0.5101433400706782,39391.45703125
suicidal_planning_and_rationalization_0,Suicidal Planning & Rationalization,Instrumental suicidal reasoning,landmark,29,0.0,0.0,0.0,0.0,11.250000953674316,11.250000953674316,1.0,44304.06640625
suicidal_planning_and_rationalization_0,Suicidal Planning & Rationalization,Instrumental suicidal reasoning,landmark,1,0.06283185307179587,3.141592653589793,0.19344424626135137,3.141592653589793,0.21875,4.749639511108398,0.04605612688887024,898.1008911132812
suicidal_planning_and_rationalization_0,Suicidal Planning & Rationalization,Instrumental suicidal reasoning,landmark,5,0.06283185307179587,3.141592653589793,0.19344424626135137,3.141592653589793,7.125,22.799274444580078,0.3125099448808898,2772.895751953125
suicidal_planning_and_rationalization_0,Suicidal Planning & Rationalization,Instrumental suicidal reasoning,landmark,7,0.06283185307179587,3.141592653589793,0.19344424626135137,3.141592653589793,7.875,15.956165313720703,0.4935396346908169,3883.685791015625
suicidal_planning_and_rationalization_0,Suicidal Planning & Rationalization,Instrumental suicidal reasoning,landmark,11,0.06283185307179587,3.141592653589793,0.19344424626135137,3.141592653589793,1.53125,3.061746120452881,0.5001231126810423,19484.599609375
suicidal_planning_and_rationalization_0,Suicidal Planning & Rationalization,Instrumental suicidal reasoning,landmark,15,0.0,0.0,0.0,0.0,38.84375,38.84375,1.0,27760.873046875
suicidal_planning_and_rationalization_0,Suicidal Planning & Rationalization,Instrumental suicidal reasoning,landmark,22,0.0,0.0,0.0,0.0,18.4375,18.4375,1.0,32897.35546875
suicidal_planning_and_rationalization_0,Suicidal Planning & Rationalization,Instrumental suicidal reasoning,landmark,27,0.06283185307179587,3.141592653589793,0.19344424626135137,3.141592653589793,18.875,36.99940490722656,0.5101433400706782,39391.45703125
suicidal_planning_and_rationalization_0,Suicidal Planning & Rationalization,Instrumental suicidal reasoning,landmark,29,0.0,0.0,0.0,0.0,11.250000953674316,11.250000953674316,1.0,44304.06640625
suicidal_planning_and_rationalization_0,Suicidal Planning & Rationalization,Instrumental suicidal reasoning,landmark,1,0.06283185307179587,3.141592653589793,0.19344424626135137,3.141592653589793,0.21875,4.749639511108398,0.04605612688887024,898.1008911132812
suicidal_planning_and_rationalization_0,Suicidal Planning & Rationalization,Instrumental suicidal reasoning,landmark,5,0.06283185307179587,3.141592653589793,0.19344424626135137,3.141592653589793,7.125,22.799274444580078,0.3125099448808898,2772.895751953125
suicidal_planning_and_rationalization_0,Suicidal Planning & Rationalization,Instrumental suicidal reasoning,landmark,7,0.06283185307179587,3.141592653589793,0.19344424626135137,3.141592653589793,7.875,15.956165313720703,0.4935396346908169,3883.685791015625
suicidal_planning_and_rationalization_0,Suicidal Planning & Rationalization,Instrumental suicidal reasoning,landmark,11,0.06283185307179587,3.141592653589793,0.19344424626135137,3.141592653589793,1.53125,3.061746120452881,0.5001231126810423,19484.599609375
suicidal_planning_and_rationalization_0,Suicidal Planning & Rationalization,Instrumental suicidal reasoning,landmark,15,0.0,0.0,0.0,0.0,38.84375,38.84375,1.0,27760.873046875
suicidal_planning_and_rationalization_0,Suicidal Planning & Rationalization,Instrumental suicidal reasoning,landmark,22,0.0,0.0,0.0,0.0,18.4375,18.4375,1.0,32897.35546875
suicidal_planning_and_rationalization_0,Suicidal Planning & Rationalization,Instrumental suicidal reasoning,landmark,27,0.06283185307179587,3.141592653589793,0.19344424626135137,3.141592653589793,18.875,36.99940490722656,0.5101433400706782,39391.45703125
suicidal_planning_and_rationalization_0,Suicidal Planning & Rationalization,Instrumental suicidal reasoning,landmark,29,0.0,0.0,0.0,0.0,11.250000953674316,11.250000953674316,1.0,44304.06640625
suicidal_planning_and_rationalization_0,Suicidal Planning & Rationalization,Instrumental suicidal reasoning,landmark,1,0.06283185307179587,3.141592653589793,0.19344424626135137,3.141592653589793,0.21875,4.749639511108398,0.04605612688887024,898.1008911132812
suicidal_planning_and_rationalization_0,Suicidal Planning & Rationalization,Instrumental suicidal reasoning,landmark,5,0.06283185307179587,3.141592653589793,0.19344424626135137,3.141592653589793,7.125,22.799274444580078,0.3125099448808898,2772.895751953125
suicidal_planning_and_rationalization_0,Suicidal Planning & Rationalization,Instrumental suicidal reasoning,landmark,7,0.06283185307179587,3.141592653589793,0.19344424626135137,3.141592653589793,7.875,15.956165313720703,0.4935396346908169,3883.685791015625
suicidal_planning_and_rationalization_0,Suicidal Planning & Rationalization,Instrumental suicidal reasoning,landmark,11,0.06283185307179587,3.141592653589793,0.19344424626135137,3.141592653589793,1.53125,3.061746120452881,0.5001231126810423,19484.599609375
suicidal_planning_and_rationalization_0,Suicidal Planning & Rationalization,Instrumental suicidal reasoning,landmark,15,0.0,0.0,0.0,0.0,38.84375,38.84375,1.0,27760.873046875
suicidal_planning_and_rationalization_0,Suicidal Planning & Rationalization,Instrumental suicidal reasoning,landmark,22,0.0,0.0,0.0,0.0,18.4375,18.4375,1.0,32897.35546875
suicidal_planning_and_rationalization_0,Suicidal Planning & Rationalization,Instrumental suicidal reasoning,landmark,27,0.06283185307179587,3.141592653589793,0.19344424626135137,3.141592653589793,18.875,36.99940490722656,0.5101433400706782,39391.45703125
suicidal_planning_and_rationalization_0,Suicidal Planning & Rationalization,Instrumental suicidal reasoning,landmark,29,0.0,0.0,0.0,0.0,11.250000953674316,11.250000953674316,1.0,44304.06640625
suicidal_planning_and_rationalization_0,Suicidal Planning & Rationalization,Instrumental suicidal reasoning,landmark,1,0.06283185307179587,3.141592653589793,0.19344424626135137,3.141592653589793,0.21875,4.749639511108398,0.04605612688887024,898.1008911132812
suicidal_planning_and_rationalization_0,Suicidal Planning & Rationalization,Instrumental suicidal reasoning,landmark,5,0.06283185307179587,3.141592653589793,0.19344424626135137,3.141592653589793,7.125,22.799274444580078,0.3125099448808898,2772.895751953125
suicidal_planning_and_rationalization_0,Suicidal Planning & Rationalization,Instrumental suicidal reasoning,landmark,7,0.06283185307179587,3.141592653589793,0.19344424626135137,3.141592653589793,7.875,15.956165313720703,0.4935396346908169,3883.685791015625
suicidal_planning_and_rationalization_0,Suicidal Planning & Rationalization,Instrumental suicidal reasoning,landmark,11,0.06283185307179587,3.141592653589793,0.19344424626135137,3.141592653589793,1.53125,3.061746120452881,0.5001231126810423,19484.599609375
suicidal_planning_and_rationalization_0,Suicidal Planning & Rationalization,Instrumental suicidal reasoning,landmark,15,0.0,0.0,0.0,0.0,38.84375,38.84375,1.0,27760.873046875
suicidal_planning_and_rationalization_0,Suicidal Planning & Rationalization,Instrumental suicidal reasoning,landmark,22,0.0,0.0,0.0,0.0,18.4375,18.4375,1.0,32897.35546875
suicidal_planning_and_rationalization_0,Suicidal Planning & Rationalization,Instrumental suicidal reasoning,landmark,27,0.06283185307179587,3.141592653589793,0.19344424626135137,3.141592653589793,18.875,36.99940490722656,0.5101433400706782,39391.45703125
suicidal_planning_and_rationalization_0,Suicidal Planning & Rationalization,Instrumental suicidal reasoning,landmark,29,0.0,0.0,0.0,0.0,11.250000953674316,11.250000953674316,1.0,44304.06640625
suicidal_planning_and_rationalization_0,Suicidal Planning & Rationalization,Instrumental suicidal reasoning,landmark,1,0.06283185307179587,3.141592653589793,0.19344424626135137,3.141592653589793,0.21875,4.749639511108398,0.04605612688887024,898.1008911132812
suicidal_planning_and_rationalization_0,Suicidal Planning & Rationalization,Instrumental suicidal reasoning,landmark,5,0.06283185307179587,3.141592653589793,0.19344424626135137,3.141592653589793,7.125,22.799274444580078,0.3125099448808898,2772.895751953125
suicidal_planning_and_rationalization_0,Suicidal Planning & Rationalization,Instrumental suicidal reasoning,landmark,7,0.06283185307179587,3.141592653589793,0.19344424626135137,3.141592653589793,7.875,15.956165313720703,0.4935396346908169,3883.685791015625
suicidal_planning_and_rationalization_0,Suicidal Planning & Rationalization,Instrumental suicidal reasoning,landmark,11,0.06283185307179587,3.141592653589793,0.19344424626135137,3.141592653589793,1.53125,3.061746120452881,0.5001231126810423,19484.599609375
suicidal_planning_and_rationalization_0,Suicidal Planning & Rationalization,Instrumental suicidal reasoning,landmark,15,0.0,0.0,0.0,0.0,38.84375,38.84375,1.0,27760.873046875
suicidal_planning_and_rationalization_0,Suicidal Planning & Rationalization,Instrumental suicidal reasoning,landmark,22,0.0,0.0,0.0,0.0,18.4375,18.4375,1.0,32897.35546875
suicidal_planning_and_rationalization_0,Suicidal Planning & Rationalization,Instrumental suicidal reasoning,landmark,27,0.06283185307179587,3.141592653589793,0.19344424626135137,3.141592653589793,18.875,36.99940490722656,0.5101433400706782,39391.45703125
suicidal_planning_and_rationalization_0,Suicidal Planning & Rationalization,Instrumental suicidal reasoning,landmark,29,0.0,0.0,0.0,0.0,11.250000953674316,11.250000953674316,1.0,44304.06640625
suicidal_planning_and_rationalization_0,Suicidal Planning & Rationalization,Instrumental suicidal reasoning,landmark,1,0.06283185307179587,3.141592653589793,0.19344424626135137,3.141592653589793,0.21875,4.749639511108398,0.04605612688887024,898.1008911132812
suicidal_planning_and_rationalization_0,Suicidal Planning & Rationalization,Instrumental suicidal reasoning,landmark,5,0.06283185307179587,3.141592653589793,0.19344424626135137,3.141592653589793,7.125,22.799274444580078,0.3125099448808898,2772.895751953125
suicidal_planning_and_rationalization_0,Suicidal Planning & Rationalization,Instrumental suicidal reasoning,landmark,7,0.06283185307179587,3.141592653589793,0.19344424626135137,3.141592653589793,7.875,15.956165313720703,0.4935396346908169,3883.685791015625
suicidal_planning_and_rationalization_0,Suicidal Planning & Rationalization,Instrumental suicidal reasoning,landmark,11,0.06283185307179587,3.141592653589793,0.19344424626135137,3.141592653589793,1.53125,3.061746120452881,0.5001231126810423,19484.599609375
suicidal_planning_and_rationalization_0,Suicidal Planning & Rationalization,Instrumental suicidal reasoning,landmark,15,0.0,0.0,0.0,0.0,38.84375,38.84375,1.0,27760.873046875
suicidal_planning_and_rationalization_0,Suicidal Planning & Rationalization,Instrumental suicidal reasoning,landmark,22,0.0,0.0,0.0,0.0,18.4375,18.4375,1.0,32897.35546875
suicidal_planning_and_rationalization_0,Suicidal Planning & Rationalization,Instrumental suicidal reasoning,landmark,27,0.06283185307179587,3.141592653589793,0.19344424626135137,3.141592653589793,18.875,36.99940490722656,0.5101433400706782,39391.45703125
suicidal_planning_and_rationalization_0,Suicidal Planning & Rationalization,Instrumental suicidal reasoning,landmark,29,0.0,0.0,0.0,0.0,11.250000953674316,11.250000953674316,1.0,44304.06640625
suicidal_planning_and_rationalization_0,Suicidal Planning & Rationalization,Instrumental suicidal reasoning,landmark,1,0.06283185307179587,3.141592653589793,0.19344424626135137,3.141592653589793,0.21875,4.749639511108398,0.04605612688887024,898.1008911132812
suicidal_planning_and_rationalization_0,Suicidal Planning & Rationalization,Instrumental suicidal reasoning,landmark,5,0.06283185307179587,3.141592653589793,0.19344424626135137,3.141592653589793,7.125,22.799274444580078,0.3125099448808898,2772.895751953125
suicidal_planning_and_rationalization_0,Suicidal Planning & Rationalization,Instrumental suicidal reasoning,landmark,7,0.06283185307179587,3.141592653589793,0.19344424626135137,3.141592653589793,7.875,15.956165313720703,0.4935396346908169,3883.685791015625
suicidal_planning_and_rationalization_0,Suicidal Planning & Rationalization,Instrumental suicidal reasoning,landmark,11,0.06283185307179587,3.141592653589793,0.19344424626135137,3.141592653589793,1.53125,3.061746120452881,0.5001231126810423,19484.599609375
suicidal_planning_and_rationalization_0,Suicidal Planning & Rationalization,Instrumental suicidal reasoning,landmark,15,0.0,0.0,0.0,0.0,38.84375,38.84375,1.0,27760.873046875
suicidal_planning_and_rationalization_0,Suicidal Planning & Rationalization,Instrumental suicidal reasoning,landmark,22,0.0,0.0,0.0,0.0,18.4375,18.4375,1.0,32897.35546875
suicidal_planning_and_rationalization_0,Suicidal Planning & Rationalization,Instrumental suicidal reasoning,landmark,27,0.06283185307179587,3.141592653589793,0.19344424626135137,3.141592653589793,18.875,36.99940490722656,0.5101433400706782,39391.45703125
suicidal_planning_and_rationalization_0,Suicidal Planning & Rationalization,Instrumental suicidal reasoning,landmark,29,0.0,0.0,0.0,0.0,11.250000953674316,11.250000953674316,1.0,44304.06640625
suicidal_planning_and_rationalization_0,Suicidal Planning & Rationalization,Instrumental suicidal reasoning,landmark,1,0.06283185307179587,3.141592653589793,0.19344424626135137,3.141592653589793,0.21875,4.749639511108398,0.04605612688887024,898.1008911132812
suicidal_planning_and_rationalization_0,Suicidal Planning & Rationalization,Instrumental suicidal reasoning,landmark,5,0.06283185307179587,3.141592653589793,0.19344424626135137,3.141592653589793,7.125,22.799274444580078,0.3125099448808898,2772.895751953125
suicidal_planning_and_rationalization_0,Suicidal Planning & Rationalization,Instrumental suicidal reasoning,landmark,7,0.06283185307179587,3.141592653589793,0.19344424626135137,3.141592653589793,7.875,15.956165313720703,0.4935396346908169,3883.685791015625
suicidal_planning_and_rationalization_0,Suicidal Planning & Rationalization,Instrumental suicidal reasoning,landmark,11,0.06283185307179587,3.141592653589793,0.19344424626135137,3.141592653589793,1.53125,3.061746120452881,0.5001231126810423,19484.599609375
suicidal_planning_and_rationalization_0,Suicidal Planning & Rationalization,Instrumental suicidal reasoning,landmark,15,0.0,0.0,0.0,0.0,38.84375,38.84375,1.0,27760.873046875
suicidal_planning_and_rationalization_0,Suicidal Planning & Rationalization,Instrumental suicidal reasoning,landmark,22,0.0,0.0,0.0,0.0,18.4375,18.4375,1.0,32897.35546875
suicidal_planning_and_rationalization_0,Suicidal Planning & Rationalization,Instrumental suicidal reasoning,landmark,27,0.06283185307179587,3.141592653589793,0.19344424626135137,3.141592653589793,18.875,36.99940490722656,0.5101433400706782,39391.45703125
suicidal_planning_and_rationalization_0,Suicidal Planning & Rationalization,Instrumental suicidal reasoning,landmark,29,0.0,0.0,0.0,0.0,11.250000953674316,11.250000953674316,1.0,44304.06640625
suicidal_planning_and_rationalization_0,Suicidal Planning & Rationalization,Instrumental suicidal reasoning,landmark,1,0.06283185307179587,3.141592653589793,0.19344424626135137,3.141592653589793,0.21875,4.749639511108398,0.04605612688887024,898.1008911132812
suicidal_planning_and_rationalization_0,Suicidal Planning & Rationalization,Instrumental suicidal reasoning,landmark,5,0.06283185307179587,3.141592653589793,0.19344424626135137,3.141592653589793,7.125,22.799274444580078,0.3125099448808898,2772.895751953125
suicidal_planning_and_rationalization_0,Suicidal Planning & Rationalization,Instrumental suicidal reasoning,landmark,7,0.06283185307179587,3.141592653589793,0.19344424626135137,3.141592653589793,7.875,15.956165313720703,0.4935396346908169,3883.685791015625
suicidal_planning_and_rationalization_0,Suicidal Planning & Rationalization,Instrumental suicidal reasoning,landmark,11,0.06283185307179587,3.141592653589793,0.19344424626135137,3.141592653589793,1.53125,3.061746120452881,0.5001231126810423,19484.599609375
suicidal_planning_and_rationalization_0,Suicidal Planning & Rationalization,Instrumental suicidal reasoning,landmark,15,0.0,0.0,0.0,0.0,38.84375,38.84375,1.0,27760.873046875
suicidal_planning_and_rationalization_0,Suicidal Planning & Rationalization,Instrumental suicidal reasoning,landmark,22,0.0,0.0,0.0,0.0,18.4375,18.4375,1.0,32897.35546875
suicidal_planning_and_rationalization_0,Suicidal Planning & Rationalization,Instrumental suicidal reasoning,landmark,27,0.06283185307179587,3.141592653589793,0.19344424626135137,3.141592653589793,18.875,36.99940490722656,0.5101433400706782,39391.45703125
suicidal_planning_and_rationalization_0,Suicidal Planning & Rationalization,Instrumental suicidal reasoning,landmark,29,0.0,0.0,0.0,0.0,11.250000953674316,11.250000953674316,1.0,44304.06640625
suicidal_planning_and_rationalization_0,Suicidal Planning & Rationalization,Instrumental suicidal reasoning,landmark,1,0.06283185307179587,3.141592653589793,0.19344424626135137,3.141592653589793,0.21875,4.749639511108398,0.04605612688887024,898.1008911132812
suicidal_planning_and_rationalization_0,Suicidal Planning & Rationalization,Instrumental suicidal reasoning,landmark,5,0.06283185307179587,3.141592653589793,0.19344424626135137,3.141592653589793,7.125,22.799274444580078,0.3125099448808898,2772.895751953125
suicidal_planning_and_rationalization_0,Suicidal Planning & Rationalization,Instrumental suicidal reasoning,landmark,7,0.06283185307179587,3.141592653589793,0.19344424626135137,3.141592653589793,7.875,15.956165313720703,0.4935396346908169,3883.685791015625
suicidal_planning_and_rationalization_0,Suicidal Planning & Rationalization,Instrumental suicidal reasoning,landmark,11,0.06283185307179587,3.141592653589793,0.19344424626135137,3.141592653589793,1.53125,3.061746120452881,0.5001231126810423,19484.599609375
suicidal_planning_and_rationalization_0,Suicidal Planning & Rationalization,Instrumental suicidal reasoning,landmark,15,0.0,0.0,0.0,0.0,38.84375,38.84375,1.0,27760.873046875
suicidal_planning_and_rationalization_0,Suicidal Planning & Rationalization,Instrumental suicidal reasoning,landmark,22,0.0,0.0,0.0,0.0,18.4375,18.4375,1.0,32897.35546875
suicidal_planning_and_rationalization_0,Suicidal Planning & Rationalization,Instrumental suicidal reasoning,landmark,27,0.06283185307179587,3.141592653589793,0.19344424626135137,3.141592653589793,18.875,36.99940490722656,0.5101433400706782,39391.45703125
suicidal_planning_and_rationalization_0,Suicidal Planning & Rationalization,Instrumental suicidal reasoning,landmark,29,0.0,0.0,0.0,0.0,11.250000953674316,11.250000953674316,1.0,44304.06640625
suicidal_planning_and_rationalization_0,Suicidal Planning & Rationalization,Instrumental suicidal reasoning,landmark,1,0.06283185307179587,3.141592653589793,0.19344424626135137,3.141592653589793,0.21875,4.749639511108398,0.04605612688887024,898.1008911132812
suicidal_planning_and_rationalization_0,Suicidal Planning & Rationalization,Instrumental suicidal reasoning,landmark,5,0.06283185307179587,3.141592653589793,0.19344424626135137,3.141592653589793,7.125,22.799274444580078,0.3125099448808898,2772.895751953125
suicidal_planning_and_rationalization_0,Suicidal Planning & Rationalization,Instrumental suicidal reasoning,landmark,7,0.06283185307179587,3.141592653589793,0.19344424626135137,3.141592653589793,7.875,15.956165313720703,0.4935396346908169,3883.685791015625
suicidal_planning_and_rationalization_0,Suicidal Planning & Rationalization,Instrumental suicidal reasoning,landmark,11,0.06283185307179587,3.141592653589793,0.19344424626135137,3.141592653589793,1.53125,3.061746120452881,0.5001231126810423,19484.599609375
suicidal_planning_and_rationalization_0,Suicidal Planning & Rationalization,Instrumental suicidal reasoning,landmark,15,0.0,0.0,0.0,0.0,38.84375,38.84375,1.0,27760.873046875
suicidal_planning_and_rationalization_0,Suicidal Planning & Rationalization,Instrumental suicidal reasoning,landmark,22,0.0,0.0,0.0,0.0,18.4375,18.4375,1.0,32897.35546875
suicidal_planning_and_rationalization_0,Suicidal Planning & Rationalization,Instrumental suicidal reasoning,landmark,27,0.06283185307179587,3.141592653589793,0.19344424626135137,3.141592653589793,18.875,36.99940490722656,0.5101433400706782,39391.45703125
suicidal_planning_and_rationalization_0,Suicidal Planning & Rationalization,Instrumental suicidal reasoning,landmark,29,0.0,0.0,0.0,0.0,11.250000953674316,11.250000953674316,1.0,44304.06640625
suicidal_planning_and_rationalization_0,Suicidal Planning & Rationalization,Instrumental suicidal reasoning,landmark,1,0.06283185307179587,3.141592653589793,0.19344424626135137,3.141592653589793,0.21875,4.749639511108398,0.04605612688887024,898.1008911132812
suicidal_planning_and_rationalization_0,Suicidal Planning & Rationalization,Instrumental suicidal reasoning,landmark,5,0.06283185307179587,3.141592653589793,0.19344424626135137,3.141592653589793,7.125,22.799274444580078,0.3125099448808898,2772.895751953125
suicidal_planning_and_rationalization_0,Suicidal Planning & Rationalization,Instrumental suicidal reasoning,landmark,7,0.06283185307179587,3.141592653589793,0.19344424626135137,3.141592653589793,7.875,15.956165313720703,0.4935396346908169,3883.685791015625
suicidal_planning_and_rationalization_0,Suicidal Planning & Rationalization,Instrumental suicidal reasoning,landmark,11,0.06283185307179587,3.141592653589793,0.19344424626135137,3.141592653589793,1.53125,3.061746120452881,0.5001231126810423,19484.599609375
suicidal_planning_and_rationalization_0,Suicidal Planning & Rationalization,Instrumental suicidal reasoning,landmark,15,0.0,0.0,0.0,0.0,38.84375,38.84375,1.0,27760.873046875
suicidal_planning_and_rationalization_0,Suicidal Planning & Rationalization,Instrumental suicidal reasoning,landmark,22,0.0,0.0,0.0,0.0,18.4375,18.4375,1.0,32897.35546875
suicidal_planning_and_rationalization_0,Suicidal Planning & Rationalization,Instrumental suicidal reasoning,landmark,27,0.06283185307179587,3.141592653589793,0.19344424626135137,3.141592653589793,18.875,36.99940490722656,0.5101433400706782,39391.45703125
suicidal_planning_and_rationalization_0,Suicidal Planning & Rationalization,Instrumental suicidal reasoning,landmark,29,0.0,0.0,0.0,0.0,11.250000953674316,11.250000953674316,1.0,44304.06640625
suicidal_planning_and_rationalization_0,Suicidal Planning & Rationalization,Instrumental suicidal reasoning,landmark,1,0.06283185307179587,3.141592653589793,0.19344424626135137,3.141592653589793,0.21875,4.749639511108398,0.04605612688887024,898.1008911132812
suicidal_planning_and_rationalization_0,Suicidal Planning & Rationalization,Instrumental suicidal reasoning,landmark,5,0.06283185307179587,3.141592653589793,0.19344424626135137,3.141592653589793,7.125,22.799274444580078,0.3125099448808898,2772.895751953125
suicidal_planning_and_rationalization_0,Suicidal Planning & Rationalization,Instrumental suicidal reasoning,landmark,7,0.06283185307179587,3.141592653589793,0.19344424626135137,3.141592653589793,7.875,15.956165313720703,0.4935396346908169,3883.685791015625
suicidal_planning_and_rationalization_0,Suicidal Planning & Rationalization,Instrumental suicidal reasoning,landmark,11,0.06283185307179587,3.141592653589793,0.19344424626135137,3.141592653589793,1.53125,3.061746120452881,0.5001231126810423,19484.599609375
suicidal_planning_and_rationalization_0,Suicidal Planning & Rationalization,Instrumental suicidal reasoning,landmark,15,0.0,0.0,0.0,0.0,38.84375,38.84375,1.0,27760.873046875
suicidal_planning_and_rationalization_0,Suicidal Planning & Rationalization,Instrumental suicidal reasoning,landmark,22,0.0,0.0,0.0,0.0,18.4375,18.4375,1.0,32897.35546875
suicidal_planning_and_rationalization_0,Suicidal Planning & Rationalization,Instrumental suicidal reasoning,landmark,27,0.06283185307179587,3.141592653589793,0.19344424626135137,3.141592653589793,18.875,36.99940490722656,0.5101433400706782,39391.45703125
suicidal_planning_and_rationalization_0,Suicidal Planning & Rationalization,Instrumental suicidal reasoning,landmark,29,0.0,0.0,0.0,0.0,11.250000953674316,11.250000953674316,1.0,44304.06640625
suicidal_planning_and_rationalization_0,Suicidal Planning & Rationalization,Instrumental suicidal reasoning,landmark,1,0.06283185307179587,3.141592653589793,0.19344424626135137,3.141592653589793,0.21875,4.749639511108398,0.04605612688887024,898.1008911132812
suicidal_planning_and_rationalization_0,Suicidal Planning & Rationalization,Instrumental suicidal reasoning,landmark,5,0.06283185307179587,3.141592653589793,0.19344424626135137,3.141592653589793,7.125,22.799274444580078,0.3125099448808898,2772.895751953125
suicidal_planning_and_rationalization_0,Suicidal Planning & Rationalization,Instrumental suicidal reasoning,landmark,7,0.06283185307179587,3.141592653589793,0.19344424626135137,3.141592653589793,7.875,15.956165313720703,0.4935396346908169,3883.685791015625
suicidal_planning_and_rationalization_0,Suicidal Planning & Rationalization,Instrumental suicidal reasoning,landmark,11,0.06283185307179587,3.141592653589793,0.19344424626135137,3.141592653589793,1.53125,3.061746120452881,0.5001231126810423,19484.599609375
suicidal_planning_and_rationalization_0,Suicidal Planning & Rationalization,Instrumental suicidal reasoning,landmark,15,0.0,0.0,0.0,0.0,38.84375,38.84375,1.0,27760.873046875
suicidal_planning_and_rationalization_0,Suicidal Planning & Rationalization,Instrumental suicidal reasoning,landmark,22,0.0,0.0,0.0,0.0,18.4375,18.4375,1.0,32897.35546875
suicidal_planning_and_rationalization_0,Suicidal Planning & Rationalization,Instrumental suicidal reasoning,landmark,27,0.06283185307179587,3.141592653589793,0.19344424626135137,3.141592653589793,18.875,36.99940490722656,0.5101433400706782,39391.45703125
suicidal_planning_and_rationalization_0,Suicidal Planning & Rationalization,Instrumental suicidal reasoning,landmark,29,0.0,0.0,0.0,0.0,11.250000953674316,11.250000953674316,1.0,44304.06640625
suicidal_planning_and_rationalization_0,Suicidal Planning & Rationalization,Instrumental suicidal reasoning,landmark,1,0.06283185307179587,3.141592653589793,0.19344424626135137,3.141592653589793,0.21875,4.749639511108398,0.04605612688887024,898.1008911132812
suicidal_planning_and_rationalization_0,Suicidal Planning & Rationalization,Instrumental suicidal reasoning,landmark,5,0.06283185307179587,3.141592653589793,0.19344424626135137,3.141592653589793,7.125,22.799274444580078,0.3125099448808898,2772.895751953125
suicidal_planning_and_rationalization_0,Suicidal Planning & Rationalization,Instrumental suicidal reasoning,landmark,7,0.06283185307179587,3.141592653589793,0.19344424626135137,3.141592653589793,7.875,15.956165313720703,0.4935396346908169,3883.685791015625
suicidal_planning_and_rationalization_0,Suicidal Planning & Rationalization,Instrumental suicidal reasoning,landmark,11,0.06283185307179587,3.141592653589793,0.19344424626135137,3.141592653589793,1.53125,3.061746120452881,0.5001231126810423,19484.599609375
suicidal_planning_and_rationalization_0,Suicidal Planning & Rationalization,Instrumental suicidal reasoning,landmark,15,0.0,0.0,0.0,0.0,38.84375,38.84375,1.0,27760.873046875
suicidal_planning_and_rationalization_0,Suicidal Planning & Rationalization,Instrumental suicidal reasoning,landmark,22,0.0,0.0,0.0,0.0,18.4375,18.4375,1.0,32897.35546875
suicidal_planning_and_rationalization_0,Suicidal Planning & Rationalization,Instrumental suicidal reasoning,landmark,27,0.06283185307179587,3.141592653589793,0.19344424626135137,3.141592653589793,18.875,36.99940490722656,0.5101433400706782,39391.45703125
suicidal_planning_and_rationalization_0,Suicidal Planning & Rationalization,Instrumental suicidal reasoning,landmark,29,0.0,0.0,0.0,0.0,11.250000953674316,11.250000953674316,1.0,44304.06640625
suicidal_planning_and_rationalization_0,Suicidal Planning & Rationalization,Instrumental suicidal reasoning,landmark,1,0.06283185307179587,3.141592653589793,0.19344424626135137,3.141592653589793,0.21875,4.749639511108398,0.04605612688887024,898.1008911132812
suicidal_planning_and_rationalization_0,Suicidal Planning & Rationalization,Instrumental suicidal reasoning,landmark,5,0.06283185307179587,3.141592653589793,0.19344424626135137,3.141592653589793,7.125,22.799274444580078,0.3125099448808898,2772.895751953125
suicidal_planning_and_rationalization_0,Suicidal Planning & Rationalization,Instrumental suicidal reasoning,landmark,7,0.06283185307179587,3.141592653589793,0.19344424626135137,3.141592653589793,7.875,15.956165313720703,0.4935396346908169,3883.685791015625
suicidal_planning_and_rationalization_0,Suicidal Planning & Rationalization,Instrumental suicidal reasoning,landmark,11,0.06283185307179587,3.141592653589793,0.19344424626135137,3.141592653589793,1.53125,3.061746120452881,0.5001231126810423,19484.599609375
suicidal_planning_and_rationalization_0,Suicidal Planning & Rationalization,Instrumental suicidal reasoning,landmark,15,0.0,0.0,0.0,0.0,38.84375,38.84375,1.0,27760.873046875
suicidal_planning_and_rationalization_0,Suicidal Planning & Rationalization,Instrumental suicidal reasoning,landmark,22,0.0,0.0,0.0,0.0,18.4375,18.4375,1.0,32897.35546875
suicidal_planning_and_rationalization_0,Suicidal Planning & Rationalization,Instrumental suicidal reasoning,landmark,27,0.06283185307179587,3.141592653589793,0.19344424626135137,3.141592653589793,18.875,36.99940490722656,0.5101433400706782,39391.45703125
suicidal_planning_and_rationalization_0,Suicidal Planning & Rationalization,Instrumental suicidal reasoning,landmark,29,0.0,0.0,0.0,0.0,11.250000953674316,11.250000953674316,1.0,44304.06640625
suicidal_planning_and_rationalization_0,Suicidal Planning & Rationalization,Instrumental suicidal reasoning,landmark,1,0.06283185307179587,3.141592653589793,0.19344424626135137,3.141592653589793,0.21875,4.749639511108398,0.04605612688887024,898.1008911132812
suicidal_planning_and_rationalization_0,Suicidal Planning & Rationalization,Instrumental suicidal reasoning,landmark,5,0.06283185307179587,3.141592653589793,0.19344424626135137,3.141592653589793,7.125,22.799274444580078,0.3125099448808898,2772.895751953125
suicidal_planning_and_rationalization_0,Suicidal Planning & Rationalization,Instrumental suicidal reasoning,landmark,7,0.06283185307179587,3.141592653589793,0.19344424626135137,3.141592653589793,7.875,15.956165313720703,0.4935396346908169,3883.685791015625
suicidal_planning_and_rationalization_0,Suicidal Planning & Rationalization,Instrumental suicidal reasoning,landmark,11,0.06283185307179587,3.141592653589793,0.19344424626135137,3.141592653589793,1.53125,3.061746120452881,0.5001231126810423,19484.599609375
suicidal_planning_and_rationalization_0,Suicidal Planning & Rationalization,Instrumental suicidal reasoning,landmark,15,0.0,0.0,0.0,0.0,38.84375,38.84375,1.0,27760.873046875
suicidal_planning_and_rationalization_0,Suicidal Planning & Rationalization,Instrumental suicidal reasoning,landmark,22,0.0,0.0,0.0,0.0,18.4375,18.4375,1.0,32897.35546875
suicidal_planning_and_rationalization_0,Suicidal Planning & Rationalization,Instrumental suicidal reasoning,landmark,27,0.06283185307179587,3.141592653589793,0.19344424626135137,3.141592653589793,18.875,36.99940490722656,0.5101433400706782,39391.45703125
suicidal_planning_and_rationalization_0,Suicidal Planning & Rationalization,Instrumental suicidal reasoning,landmark,29,0.0,0.0,0.0,0.0,11.250000953674316,11.250000953674316,1.0,44304.06640625
